id,V1,V2,V3,V4,V5,V6,V7,V8,V9,V10,V11,V12,V13,V14,V15,V16,V17,V18,V19,V20,V21,V22,V23,V24,V25,V26,V27,V28,amount,is_fraud
125785,0.049893452327584,-0.107684375,1.217941908909572,-0.689277531,0.3500323388107607,0.200249263959976,0.6650742917312596,-0.130805056,0.1496153291906612,0.4622526254295794,-0.024384089,0.98683298442602,0.1485193191105739,0.5777119716016542,0.2042843216936499,0.963234047811818,0.330443138916085,0.6598734944321458,0.0567085470073966,-0.024782947,-0.198082477,-0.605732333,-0.089649715,-0.055132924,-0.320796325,0.1837419222045389,0.0505421456719688,0.104696969939336,15460.55,0
512139,-1.704516521,2.599199263414968,-1.205390552,0.5035268915774673,-0.94967396,3.226002264832025,-2.323094936,-6.027711908,0.2733890173381638,-0.698893089,0.9902737999824864,-0.707780298,-1.89197721,-1.183117215,-0.287686755,-1.230970688,-0.722382799,-0.990629654,-0.169995932,-4.118596471,8.087080028016498,-6.450353018,6.343132317756874,-1.0750483,0.3498809024854172,-0.240261075,1.534445136055664,2.1541018884187397,23664.66,1
384124,-0.27048573,0.1262879632154287,0.0577781599599577,0.1591098669191609,0.2134523917138193,-0.160542778,0.0378526104743871,0.0051684095109571,-0.258545163,-0.35226031,0.0769183198722734,-0.520582222,-0.875383838,-0.638431756,-0.908431779,-0.161583102,-0.397890629,-0.074793643,-0.777637014,-0.023801827,0.0264063079194571,-0.19270363,-0.170972587,-0.558435213,0.3221871080883604,-0.620858304,0.1096090711785473,0.1475654287774534,4497.21,1
36032,-0.031283761,-0.41415711,0.7304010289244472,-2.149193549,0.3535632044744896,-0.338127429,0.732251435612362,-0.162278906,1.3575742014740602,0.0909097345890008,-1.058275573,0.550656544930089,-1.582867504,0.9506397230255732,0.2744575629177951,-0.045049378,0.5144819277025654,-0.050153184,-0.340745906,-0.218734913,-0.060969733,0.4087777707924413,-0.051614129,0.2121143309718091,-0.543355338,-0.373404612,0.2257914238527074,0.4568029183254145,4331.1,0
370999,0.1549495803044996,-0.166277685,0.4427087673279735,-0.446719868,0.6347079692403516,0.2794700654735039,0.6055927907544832,-0.129912818,0.26938040170916,0.4771945067600869,0.0210213077966347,0.7096835795006536,-0.631163386,0.3822764877013579,0.2264484278472624,0.5344946768160938,0.7195212840025266,0.7350862952282448,0.4036570261068003,-0.138775341,-0.165478695,-0.379719926,-0.004665537,0.4683347313579525,-0.553002669,0.2090177878262584,-0.196549777,-0.074284503,13119.86,1
263440,1.7409648211451565,-0.50316817,0.1071238652643139,-0.482833197,0.1885208470649636,-0.050336699,0.4362331483326424,-0.178958864,0.7558064244330828,0.7148952383936168,-0.131815404,1.1932445897859063,-0.85533165,1.1259314524209645,-0.591774078,0.4956257084719409,0.3186285683365565,0.0868087244726588,0.0700620672673811,-0.452596613,-0.199319764,-0.588469784,0.3446783817889425,0.0257752210100094,-0.693512344,0.4165225316773254,-0.324130681,-0.273830393,14723.42,0
384849,0.0221680184930928,-0.181433778,0.4321335508597652,-0.086110295,0.0571895842465221,0.8074249970034348,0.1186355066058734,-0.148801699,0.2608977002021868,0.6841993625411411,0.3985703638793876,-0.093083321,-0.596213952,-0.238925548,-0.505658439,-0.264296284,-0.123070449,-0.525293683,0.3498033089257674,0.1394854953166171,0.022636459832309,0.5271196991335563,-0.037258917,0.0394226150269493,-0.707529432,1.3570733020066736,-0.909277108,-0.773147117,18148.82,1
23210,0.313991658807474,-1.574892343,0.5432583028487806,-0.676361871,-0.261773542,0.9154280225988842,0.2839403612654972,-0.123720169,0.6305374636939046,0.6344866863065096,-1.755152678,0.2376737267458695,-0.301015081,0.398687035014737,-0.283220363,1.07104293097199,0.7132704777086181,-0.43469381,0.3535758904048997,1.010090222614333,0.0247079333967303,-0.241848349,-0.590268818,-1.210647192,0.2176541673314372,-0.518588244,-0.289941706,0.1764874143542392,11942.56,0
427077,-1.804903395,1.5529695297758903,-1.665278455,1.2229299027742149,-2.045772,-2.175503653,-1.896754482,2.416111594757587,-2.111855132,-2.111534012,1.3782773061458573,-1.531532056,1.4474324559876943,-1.517488763,0.0967178330158148,-1.732067552,-2.085055823,-2.083734389,1.0350060283144753,-1.148347243,0.8337377289305881,-0.64628449,-0.328402033,0.9906770919872832,0.9068297565105868,0.1922020262321762,-1.392682133,-1.737102806,21640.25,1
178892,-0.198211066,-1.01849764,-0.264891587,-0.803631375,-0.003186499,0.7531236253127431,2.97045939195561,-0.275918083,0.0284176698710966,0.1639771663178101,-0.504667951,0.4441881636043057,-1.264136593,1.6354725598387276,-0.995090559,0.1767132735754108,0.2558636948969595,0.9632145333976134,-0.084413874,1.40096615803496,0.2400664360307133,1.016505395096955,1.6514271000962175,0.5848342745357745,1.6975836085943692,-0.771157708,-0.590243518,-0.039658331,14088.34,0
377710,-0.295582585,0.0568199375877259,0.1367230028423496,0.2390633412596663,-0.54823893,0.5370368295215517,0.3448566918669971,-0.026898198,-0.187969187,-0.249661261,0.2527185366415582,-0.255527925,0.5470190910540091,-0.392198713,2.305505393043275,-0.329851289,-0.189649537,-0.240748429,-0.105197474,-0.183663927,0.0871660726896546,0.6475167377450003,0.1754349069843894,1.015235817062843,-0.37620702,-0.481591165,0.2381700673224674,-0.031031671,9361.97,1
454137,-1.704516521,2.599199263414968,-1.205390552,0.5035268915774673,-0.94967396,3.226002264832025,-2.323094936,-6.027711908,0.2733890173381638,-0.698893089,0.9902737999824864,-0.707780298,-1.89197721,-1.183117215,-0.287686755,-1.230970688,-0.722382799,-0.990629654,-0.169995932,-4.118596471,8.087080028016498,-6.450353018,6.343132317756874,-1.0750483,0.3498809024854172,-0.240261075,1.534445136055664,2.1541018884187397,11179.78,1
48245,-0.429796652,-1.129723456,0.8505828738927126,-0.504291085,-0.17233341,1.84421563752419,1.699387687452565,-0.079240513,0.3362726736310449,0.136916409305171,-1.053650735,0.5554837431705743,0.1199162405729829,0.6304550561518033,-0.363280476,1.2772332902169254,0.0920665045574141,1.3944898923158806,-0.778721608,1.43834151674667,0.1518475103962929,0.4460249326375796,1.5165490661675731,-2.775096425,0.9063790469471676,-0.712716081,-0.39435997,0.2643122237420902,19676.95,0
394307,0.2697263959772023,0.0260802891702215,-0.080988293,0.6394717853727513,-0.116963843,0.2335323507974391,-0.198193523,0.033326840576919,-0.317795522,-0.229458271,0.4543654137673794,-0.536370919,-1.020853315,-0.634558153,-1.281498456,-0.428075905,-0.576182668,-0.354153177,0.0019087540089348,0.1116758810731851,0.0375987890262422,-0.291192999,-0.227396847,-0.353552051,1.1206083242035425,0.2882902776516458,0.4646137284663157,0.6036040922970055,23805.83,1
345536,-0.243633665,0.0927941162064137,-0.032429306,-0.090558093,0.2903904529863403,-0.505715432,-0.130062653,-0.06870652,-0.313919028,-0.445118433,0.5255178703038298,-0.580947625,-1.505215319,-0.555965586,-0.301103371,-0.383264507,-0.598265684,-0.145712508,-0.369636915,0.124793613667088,0.0498123373867459,-0.090196131,-0.899717656,-0.197264686,0.1677152560952453,-1.216605804,0.5232525182734677,0.6593448043134504,12505.55,1
403116,-0.40850741,-0.653352333,-0.10949075,-0.133164279,0.0642310031711228,0.6315983381332874,2.091112083692133,-0.341190555,0.4391640859247273,0.8176133513590045,-0.003181757,0.0108682886028888,-1.024582147,0.5834906432130114,0.2315698117040581,0.1101460218030531,0.1549509009560235,0.5632944979765616,0.4759550911897073,-0.241174829,-0.192194349,0.5004139046858237,0.4639051111854489,1.3355020658208772,-0.534359074,-1.549888773,0.3586261546083999,-0.333764745,19114.02,1
274021,-0.063318697,-0.279336735,0.4412969432097861,-1.711394202,0.2121554898642395,0.1732415174129554,0.4417575940130636,-0.074953501,-0.235584724,0.4020020588589307,-0.294457395,0.5068142222879132,0.5482195895636334,0.1980428301635845,-1.093876326,2.0349759753630683,0.7630710521353469,0.2311932658384872,0.4934134335717685,-0.182478598,0.0002583039764141,0.5479590131391938,-0.118982711,-0.956313439,-0.473834695,-0.570841223,-0.31181732,0.1152255481615547,9032.89,0
532256,-1.141143585,0.956775988752459,-1.140984263,1.6580511640494928,-1.330227033,-1.324915619,-1.51785904,0.9869137848522148,-2.007243381,-1.746653087,1.6657130229995554,-1.708033115,0.7593788184141258,-1.754112971,1.1808668566822853,-2.006485121,-2.257180006,-2.119203551,2.141298128201825,0.687259189341241,0.7731117168646008,0.7104153384353336,-0.323579414,1.0909668056818014,-0.295642333,0.8746100700419336,2.30560745932726,0.7437409475216865,13203.56,1
486869,-0.681387834,0.6166881185491225,-0.730502176,0.7834253179658087,-0.522108122,-0.5648568,-0.608016416,0.2027625840680364,-0.57120363,-1.174770267,1.378727903634504,-1.293521326,1.2018564137342744,-1.395585744,0.1599414053399071,-1.37779224,-1.070076105,-0.793833142,2.043300432157414,0.6767885302596913,0.3262283916318656,0.5983466830801702,-0.5258998,-0.38511515,0.202001183821877,0.014043350680244,0.6405120474831473,1.2467880347056222,9766.46,1
538334,0.3067471256187018,0.5061938791334979,-0.517643495,0.8032486087690038,2.072619862660392,-0.639242502,0.6355698301337878,-0.667405164,-0.68511327,-0.101944378,0.3373195103807626,-0.183744261,-1.83207592,-0.91226945,-0.19762063,3.4660936178425947,4.293624530328803,3.5524091800595183,-3.074892174,-0.011802382,-0.231106541,-0.396723382,-0.753802395,-1.031860781,0.355243180875794,0.6205704868099066,-0.065403376,0.6291439083374444,12881.82,1
114201,-0.069140254,-0.278380493,2.331936964863062,-0.289826849,0.0915766712903365,0.1901746713410486,0.4633419612915687,-0.140212891,0.5961025175939447,0.416832087819954,-0.880057891,1.001776431012206,0.6425551850901555,0.4751965510218598,0.340630446595033,0.4935857172189349,0.3440364688785611,0.3373229456923965,-0.481250407,-0.283130503,-0.074877644,0.3161046727502741,0.1339672605751437,1.5581908949675891,-0.115792154,-1.177815677,-0.235747556,-0.062029406,10872.3,0
367703,-1.111422721,0.2675493157201241,-1.032078674,0.9864406958738694,-0.688071244,-0.998664851,-0.919204124,0.6608835029834037,-1.231231834,-1.238534571,1.4092835780929842,-1.260313816,-0.617275029,-1.385244331,-0.064310832,-1.301521948,-1.413721531,-1.226391658,1.1965328661454175,-0.045557659,0.3103975824361104,-0.222431147,0.3085613402683672,-0.790086195,0.7020426535618348,1.0347843575063675,1.342358145106948,-0.221420284,21346,1
507619,-1.069718523,0.8406670237869436,-1.146343845,1.3420154810171618,-1.232884514,-1.809640185,-1.486216901,0.8598211126080297,-1.834393214,-1.867860299,1.7989232926456875,-1.711066225,0.6254504530496782,-1.839640929,1.9208427169020008,-2.034592246,-2.202313624,-2.109490543,2.627827348355072,0.9247530570150816,0.6737003500781241,-0.049407238,0.0244055088766488,0.8945618562026605,-0.105596544,1.159056048076495,2.24007911195154,0.7357928137019234,5998.6,1
137573,-0.358298466,-0.368161265,0.3732880409362821,-3.52479089,1.227534648229311,2.14133602347167,0.3233652271013286,-0.161812868,1.996953293773947,0.1659694803172316,-1.029271616,0.9219252810129396,-0.257670768,0.4383390254332469,-0.320704485,0.4885572877928164,0.1578092280414841,0.5745610312703773,-0.487375192,-0.637777725,0.2326619254260874,0.1499500609821932,-0.219163634,2.350868059091363,0.2916722938039899,-0.707764195,-1.213556757,-0.745555203,15760.82,0
520419,-0.182286199,-0.02823411,-0.312971182,-0.33790999,-0.15080402,0.3797224790648096,-0.209265511,0.1797447545257647,0.1233025168935293,-0.482799747,0.3403780122026892,-0.560606991,0.0167389011684275,-0.450048345,-0.985579232,-0.351835416,-0.627154683,-0.117414151,0.1078031635119234,0.0033544613068011,0.1918712967564342,0.6607551855903994,0.181848414405564,-0.034532523,-1.097238811,1.019694310479252,0.2277719185803726,0.2029934461478543,12152.99,1
484513,0.4764892864542644,-0.399571313,0.2787858705123289,-0.044212869,0.2551594400224954,0.5595481651839844,0.3669362177249056,-0.131099443,0.8124362913198788,0.2415306034692284,-1.018635765,0.1376056011598278,-0.804961721,-0.027917943,0.593864641100629,0.3496068443566152,0.5543639381031272,0.1978490764057522,-0.257167468,-0.163617233,-0.203248503,-0.737433738,-0.111813097,-1.461670961,0.5309556470827437,-0.542899729,-0.368375434,0.3027612703509862,3153.39,1
83314,0.9768999046028568,-0.510141442,-0.051982552,-0.928154768,1.4347891305151517,2.007515883344941,0.4148790795892803,0.0020137127995393,0.3112771542335125,0.585115640976651,-0.599820155,0.6721123189749495,0.0216863788526209,1.122602463807937,1.1265395917629846,0.7144748115786453,0.227226150880574,0.070933044430997,0.1663937795506133,0.0228009992508015,-0.262341799,-1.306544036,0.0173061029427912,2.2056478791078176,0.6037799249905207,0.3384790623556535,-0.324624987,-0.059612752,19419.78,0
315583,-0.707384984,0.4971003261781702,-0.958026124,1.5559187146263511,0.1089789958128557,-0.764083679,-0.318757664,-0.225414347,-0.286814883,-0.163984872,1.0404220299956304,-1.269522663,-1.234685409,-1.68166996,1.5171306149586468,-0.926165478,-0.68549296,-0.335966123,0.7149873490732129,-0.350483066,0.1082930883550932,0.6505589841725817,0.3692356912535516,-1.037043906,-0.785288286,0.7877432220997416,-2.434281232,0.9195287908285152,23054.89,1
335261,-0.768914099,0.3224051091659972,-0.691319984,0.5671422609838009,-0.043937728,-0.680456467,-0.38819102,-0.321443551,-0.093200752,-0.495144848,0.9372716168888596,-1.005551481,-0.011039945,-1.284217599,3.0091145778110424,-1.168824297,-0.774209125,-0.623142553,2.0515759290970577,-0.356066887,0.4969182155352789,0.6924795741319946,0.0832627957102743,1.5308705856380818,-1.406824933,-0.064214476,-1.292514116,3.9369973035829537,17927.85,1
301180,1.652703437567533,0.0466189447408403,-0.539304206,0.2299032155591166,1.3049025755918324,-0.495369655,0.6761857031204098,-0.193306229,1.317552221325522,-0.231714624,0.7311226407444639,-0.56086227,-1.000795722,-0.572820465,-0.995733365,2.1730074760020432,4.026425970369287,4.220034269064995,-1.277769993,-0.395732298,-0.296299155,-0.883752825,-0.077432361,-0.014850652,0.5393758463056886,-1.403447779,-0.206040563,0.1011772521625267,20240.21,1
1791,1.0155205887346084,-0.468840708,0.5749006013616238,-0.423661069,0.2448225043464968,0.670866449890732,0.365284919875924,-0.127461318,0.7001070887357013,0.5766524727627012,-0.585478241,1.371059408343152,0.3489952829447573,0.6910594608743557,-0.832804327,0.698133455556918,0.242065159366147,0.4069645507099319,0.555214581430368,-0.186953621,-0.230197665,-0.732743557,-0.121649833,-1.352913604,0.6854148664441368,0.5272796667251359,-0.263621056,-0.103914648,12699.15,0
247531,-0.040247382,0.1202448400117527,-0.293537487,-0.734130486,0.9573639325810572,-0.438886816,0.7377369934376311,-0.041187737,-0.14276168,0.0067093578755866,0.0636985740328426,1.474380399920401,0.8837543160332387,0.0048968281797643,-1.428686603,0.9975170421496192,1.3703088303790734,1.2412495504799603,-0.460651952,-0.457879583,-0.013228223,0.4347870102764177,-0.188331027,1.3412666452028037,-0.707121217,1.0139930155710084,-0.526608889,-0.13993963,19678.87,0
138451,1.1747608821058166,-0.764738652,0.7978884845761054,-1.010085553,-0.005219465,0.976639113172746,0.0787192853890729,-0.085757505,0.6534920840207525,0.7578351812397123,-2.184494016,0.2578220829484063,0.187152343577173,0.3019157263327018,-0.374415527,1.127332061644588,0.6113541566620593,-0.434379442,0.6669872453400394,-0.129850458,-0.131204727,-0.01314338,-0.15130262,-2.077922038,0.7415241360064202,-0.281375919,-0.157521574,-0.086376702,1536.67,0
327214,-0.009049513,-0.070595473,0.077479545391793,0.1501670284307287,1.5621421556998218,-0.123716399,0.5764189143757634,-0.136740377,0.1644598483799867,-0.115041962,-0.240358698,0.3286058756027767,0.4590343418154342,-0.681419859,0.6474277643750999,1.0168732027338834,2.820463627565018,2.1048107245055623,-0.047833367,0.2070827402525228,-0.213091538,-0.635292405,-0.235340188,-1.734897053,0.3908696492018949,-0.438013179,-0.124081662,0.1625606804722348,7090.68,1
10079,-0.632586919,0.4167207257211795,1.221523054339531,-1.814552668,0.1837882400849127,-0.319150851,1.0745009082514885,-0.42622459,5.225850566434376,4.145415252037387,0.1570291701629821,-0.368134183,1.5080162520117302,0.3057742476740432,0.1259376193945036,0.3008190368788061,0.2664631444382124,-0.030680501,-1.627603901,2.0638300573599104,-0.514067639,-0.536095282,-0.044750331,1.3515735832849696,0.3992364887463179,1.182672074728603,0.7086104102760422,-0.958822316,1141.77,0
412532,-1.98356514,2.037863233737352,-2.179043182,2.338722868825484,-1.826786324,-1.175294249,-2.20878404,0.3934705516888424,-1.902948378,-1.876182209,2.071115991707684,-1.673739142,1.0426601589167477,-1.598728693,-0.490851423,-1.452863638,-1.326998893,-1.420850516,0.2471237964278806,0.8208777628316497,-1.121595984,0.8789901223955778,1.37260849321673,-1.715285054,0.0821408574928109,1.4066701213392014,2.963733325045438,-3.583659772,19122.87,1
324492,-1.080155597,0.1020569499640392,-0.941900304,0.9792877937465408,-0.618801753,-0.772028978,-0.898935407,0.5613029205957846,-1.123873109,-1.224744917,1.389795902079393,-1.281199219,-1.194690167,-1.344837473,0.1722133443631321,-1.411758896,-1.442485916,-1.293462307,1.6007211415655112,-0.312907418,0.3055637714920638,-0.033596561,0.4918044259287624,-0.900300523,0.8244097184701191,0.3382477017702212,1.143886896405017,0.1038995798500835,20038.07,1
65413,1.0507670336851505,-0.378666201,0.4580417544545858,-0.568608799,0.4796222606241437,0.8108415201813741,0.4093396686117342,-0.129183988,0.3239384877068267,0.6100457628364229,-0.245551655,1.8436098194652055,1.68536834747802,0.7895077807115239,0.6092277583084577,0.8577778302691078,0.1750088238300318,0.1964372816459389,0.052641473777523,-0.159264463,-0.206664724,-0.636171644,-0.052474793,-2.095200772,0.4695963192886231,0.4293033626898335,-0.250054086,-0.114323503,19818.88,0
178502,0.2163879749105537,-0.172667261,0.5728314548388581,-1.042722226,0.5480953161530604,0.1142376013339554,0.8057485350649986,-0.168206463,0.2888797333068718,0.495353795154709,-0.29537176,1.499223639976394,0.6037358248362922,0.8056390045393027,-1.177164071,0.575083622612302,0.2115943061668632,0.1826240871234764,0.0576761583710578,-0.15077239,-0.194647034,-0.464307415,-0.017940977,-0.556809284,-0.810577913,0.3249076510383349,0.0584368587474139,0.1052055794397646,4974.63,0
253097,0.1723742689143729,-0.090442875,-0.133583899,-0.199661705,1.5352148660225504,0.4178473919998843,0.9931220819329886,-0.204364046,0.2710580392145865,0.5125319349087043,-0.23865048,0.6017123825357635,0.2490546317204171,-0.114619681,-0.658493008,0.5556139611392917,1.0009701179857342,1.629934089484269,0.4980459963199031,0.2692553158921907,-0.173109426,-0.033049183,-0.304554295,-0.950424272,0.6077711167927886,-0.907129659,0.0206050016136789,-0.221206017,3148.47,0
391783,-2.005144447,2.56181261495778,-1.938163702,2.232772280542205,-2.389801291,0.2597489844619284,-2.802783906,-1.087060275,-2.549238868,-2.247576032,1.132221315369775,-1.660251549,-0.08237453,-0.703748925,-1.600520723,-1.728455343,-1.864309096,-1.985036622,1.3991292419439036,1.897369240271518,-2.074422508,2.687532885734975,1.9187401482060733,1.0881267556065002,-1.138115236,0.3769757917656129,-3.003818178,-1.742760982,20174.29,1
461628,0.0539932187225154,-0.127202663,0.8505244239556099,-0.201718976,0.5850141319566424,0.4553697819594478,0.6010213062702959,-0.114456404,0.0862635273445163,0.4233125009805435,0.0784299237004379,0.6210379683867515,-0.649393784,0.3711145472487477,0.8360960708749298,0.5891309730330815,0.739887979588173,0.9498279089312412,-0.049221834,-0.21727421,-0.082697853,0.0969046569314092,-0.179492963,-0.681721761,0.3290137726954436,-0.482443344,-0.310927482,-0.074794563,6893.16,1
500447,-0.103644039,-0.061837062,-0.143107358,-0.318332659,-0.152698022,0.3956170990963276,-0.147955761,0.1379497986809714,0.0628171282843721,-0.384681043,0.2758686771678889,-0.399802662,-0.584918833,-0.453694357,-0.550236809,-0.259781787,-0.559805792,0.028314647405166,0.0929128342727604,0.1090383664841449,0.1935907868874463,0.756991309262357,0.1516067216289835,0.1885166237037769,-1.177464747,0.787286491575501,0.2823856108810939,0.4413284909270893,4153.4,1
542694,0.227288499955169,0.0099560581994008,-0.171599016,0.3171003866392681,0.5733977126149061,0.4291709309563823,0.3312347274081292,-0.050995999,0.1123307645398217,0.1739698958418793,-0.176923928,-0.25724271,0.4756382675200995,0.0617018688923061,-0.804424444,-0.12155701,0.2150452190717295,-0.014373527,-0.562173206,-0.183928133,0.0146419195290962,0.5857230174088222,0.0890804983862466,-0.913781117,-0.743542209,-0.544151383,0.2916809764122851,0.5022483835782425,9841.67,1
120305,1.0762329089490748,-0.123084892,-0.372081751,-0.420870351,2.171888043145459,1.7249483166292374,0.4992978049236574,-0.006632251,0.1870837352322145,0.0974494267467908,-0.09469829,0.2436582258133251,-0.265522635,-0.293999176,1.541709013876173,1.6376796373415767,1.4584279555101514,1.9808163221782016,-0.625092456,-0.080160047,-0.210945337,-0.761960971,-0.266140536,1.4553325498924523,1.642908535174396,-0.658672275,-0.190663161,0.1177597496959483,5846.14,0
528365,-0.331865386,0.6464376311213744,-0.698047938,1.0808725651048048,-0.089543544,-0.628661857,-0.543711682,0.053197154126236,-1.098879218,-1.052951347,1.6038509315488023,-1.427815163,1.225143974695246,-1.41333494,-1.96180075,-1.24397291,-1.372657543,-1.111569489,-0.278895043,0.8155735346565676,0.3233771541609629,0.2703360834191724,-0.487310916,-0.723367243,0.800835536050492,1.0166020867076604,1.1316974414970309,0.7947563664596963,11717.48,1
201475,1.7136007881131927,-0.45044109,0.2104590679228109,-0.356980429,0.0638075187656233,-0.588746839,0.5269842119777944,-0.247395277,0.7414277343532714,0.6191882313597938,-0.511117394,1.5630781848695177,0.6170140173671883,0.8209040079456094,-0.144984781,0.252554556954619,0.4410254928164261,-0.319035231,-0.386551331,-0.360119144,-0.191193626,-0.478304478,0.4268121241469473,2.0968173129971213,-0.719217675,0.3214352337560316,-0.313899846,-0.215304017,3098.31,0
366498,-1.762212353,1.69509994061382,-1.963205514,1.393611809096282,-2.090665269,-2.797751684,-1.833279548,2.4303486200329627,-1.286086828,-1.971815411,1.6344264600699348,-1.671186909,0.3879974812431496,-1.515152173,-0.600056262,-1.696354,-1.708222114,-1.636637392,1.0047572481175802,-0.662602695,0.8437690068633688,0.0202969528244118,-0.741550429,0.7021888090287812,0.3406087306470845,-0.169925654,-1.318841361,-0.92345549,12001.54,1
229630,2.002331722471677,-0.780198189,0.0138280996674304,-1.176954207,0.0874918948845119,0.1328486527679616,0.2367120565241616,-0.193996526,0.5062457549823194,0.9928434015040476,-2.165006935,0.0408714295606558,-0.518347044,0.6379211289873121,0.0672376287475093,1.4748939181338367,0.4219824681056034,-0.241253083,0.6178741342261459,-0.21743059,-0.056054466,0.2922098836131301,0.0014584843439876,-1.634374631,-0.00298462,-0.213703992,-0.266276762,-0.263613986,12636.86,0
224101,1.8102955265659164,-0.542719051,0.1289641763019829,-0.532655536,0.1811817068292417,0.111610045645777,0.360853334801162,-0.194401195,1.1107706208637569,0.6161831884930865,-1.68497723,0.7665793344302678,0.4278029007183966,0.6902812954292197,0.3352714908961693,0.6698613011072354,0.2556185803497385,0.188920302360475,-0.086221899,-0.334118156,-0.119818726,0.0084951427443057,0.1169675829940392,-0.908459257,-0.366260287,1.2453276265187572,-0.302275244,-0.25012894,16079.41,0
316478,-0.461060592,0.5858356236984914,-0.556483087,1.043916755874402,-0.647258265,-0.352278694,-0.818514883,0.3239340932294198,-1.299547993,-1.004962981,0.9148307471221984,-1.19817963,1.5396057607901772,-1.24050273,0.8715457606795105,-1.351040415,-1.559104958,-1.409712426,0.9647617472072916,0.8095719576483521,0.4240263584876629,0.3783625180197773,-0.258909466,-0.163493588,0.798947140319489,0.7027858815594421,1.3127418395023474,1.393691806230001,3218.37,1
510530,0.0061568253588904,-0.130207506,0.7790523575759851,-0.266202272,0.6385568988339184,0.395817587730661,0.6139945839558438,-0.125099782,0.1091333511667785,0.3972472527312152,0.073323621563358,0.5520989411059545,-0.800674683,0.3691122835288956,0.98682829769367,0.5689735704277509,0.7629411382551742,1.0719503870874802,0.0220751123001187,-0.242687196,-0.056532085,0.2025826589440504,-0.185759258,-0.673142275,0.2441320853160032,-0.50423376,-0.30274579,-0.072954112,9705.05,1
346702,-0.622736977,0.0881698758714376,-0.325245508,-0.594568828,-0.124599277,-0.933006471,-0.128696341,-0.090408229,0.5017657458021691,-0.494261947,0.4450595834416704,-0.589309987,-1.018102393,-0.713242116,1.8497250628694508,-0.658853905,-0.481368677,-0.561672444,-0.116042978,-0.633462799,0.0897839105670213,-0.271191952,-0.824653173,0.3092902051555107,-0.100161866,-1.970013351,-0.812274443,0.0819266812804692,9878.4,1
534971,-0.752806696,1.5941139891137406,-1.603932841,2.064421564822098,-0.752725058,-1.625075225,-1.382790661,0.9947765088962928,-1.740212247,-1.741841185,2.4026801659667107,-1.903410402,0.2874460820322205,-2.005700659,-0.438553863,-1.807505263,-1.575644095,-1.500062759,0.762291772199593,1.2208269096524274,0.6266600997751206,0.2109763569792785,0.4437677376817708,-1.923562754,-0.960560644,1.3236332658379202,2.2287796947425296,1.6674908261137245,21076.28,1
497779,0.3720198495581169,-0.025929221,0.4406411380654455,0.3418768990136978,1.068940564307257,0.6133553336450783,0.941995449409354,-0.183729238,-0.34252213,1.1458856365065868,-1.330850392,0.6074037989127831,0.5880804146626292,0.7262824968299564,-1.875188044,0.8379249399199552,0.1742636306511152,0.0682224054763411,-1.599558331,-0.38880214,-0.044584143,0.4364746729843692,-0.053699723,1.1176106140879996,-0.917925388,-0.365466899,-0.281442268,-0.127327463,2185.13,1
400364,0.1444461584429357,-2.053372704,-0.266895077,-0.52932155,-0.211968314,0.0198132693067672,1.061542876804365,-0.266719603,1.574069102885151,0.1842845830422652,-0.226916473,1.3886480261766194,-1.294575473,1.3115712685934755,-0.44167719,0.0056185642146131,0.4026954712381042,0.6681211171674448,0.3943139749736719,1.6036192375835334,0.1620144272395564,-0.207506845,-0.95953554,0.2679896415513373,-0.222159473,-3.013669205,-0.397574561,0.1874035741042409,2044,1
102875,0.0623258181857392,-0.213346703,1.167923416230592,-0.846466653,0.2206084390816527,-0.060148987,0.7062641617831658,-0.160578211,0.307906954462622,0.4971171496033403,-0.031220128,0.9114190088566964,-0.810751907,1.0070494350703794,-0.457467752,0.9277897765298364,0.1921332668854475,0.3885946332644815,-0.690028645,-0.42128398,-0.102083405,-0.185299067,0.258112712337004,1.0438175918592456,-2.193662912,-0.706385153,-0.181672095,0.444293614104152,13494.45,0
447601,-1.360736909,1.4944253875555986,-1.575721436,1.4577408795222078,-1.688032494,-1.898903212,-1.862358665,0.6285593761691052,-1.452864982,-1.996105911,1.7189022878811338,-1.850332529,0.0538141363790896,-1.416125637,-0.061767634,-2.025273982,-2.032125712,-2.011580031,2.175281949060893,0.4008717101964437,0.3494689194645868,0.8120899699313249,0.2239999351977487,1.1211451256806508,-0.392496759,-0.512955684,-1.075514807,0.0805012634863708,849.22,1
375574,-1.541132947,1.3379405955101826,-1.648812211,1.7932908305296806,-1.83219874,-1.960704567,-1.806171647,1.8883067381428813,-1.761304025,-1.931866722,1.5680721443749426,-1.749663157,0.8201552331131031,-1.58872362,-0.788860784,-1.842286894,-2.017309361,-2.025248162,1.3556432765432525,-0.746394949,0.8204375523965595,-0.289284246,-0.253875324,0.9986394080660695,-0.765182964,0.3075748425340626,-1.27293484,-1.008071209,10392.91,1
127456,-0.279754602,0.0011850135450613,0.7662810391947417,-0.731626721,0.0808954203186607,0.4417199973032005,0.3483496513169398,0.1278094041234885,0.1715243475675767,0.4802131534083238,-0.219563477,0.8019912835859846,-1.124438926,1.5461662964739875,0.547810563520562,0.8097323801582985,0.4131503386704655,0.3290325616176452,-0.182795999,-0.254472976,-0.157129459,-0.558170846,0.0546389610974018,-0.620595793,-0.405518712,0.2782344648400936,-0.068965864,-0.066512747,463.56,0
530851,-0.571633896,0.7539239812724658,-1.09589838,0.9443508120587996,-0.945504608,-1.943864519,-1.286833506,0.392336451368007,-0.848846794,-1.892803094,2.132604259177746,-1.946585128,-0.31951477,-1.790134621,0.5387118245762447,-2.101442561,-2.136696844,-1.974999548,1.72672655314842,1.2604847795229743,0.6543610527159042,0.47866531694957,-0.102587525,0.2716455453095733,-0.146228786,-0.358631564,2.9334352611993078,2.20324504387324,4380.34,1
228814,1.6173177175819842,-0.498748719,0.3522497711179973,-0.020111711,0.1416142494080942,0.44248238119183,0.3517664889334922,-0.144629395,1.2463731703948506,0.579589877011616,-1.254923793,1.5516130141142563,0.2485523967964284,0.5379221016626573,-1.228279402,0.1657117669795175,0.470664979519876,-0.262384053,-0.204861658,-0.396662346,-0.303817316,-1.029848456,0.5057928476024521,2.2523982853764823,-0.645972582,-3.169557635,-0.17609992,-0.140475766,13437.47,0
327683,-0.305261094,0.7061277991071226,-1.184136721,1.2264772897814145,-0.951039619,-1.053083893,-1.353754833,0.5163876976951137,-0.980390198,-1.73691356,2.271299539198506,-1.827657815,0.5250762535736981,-1.784766376,1.173525723309618,-2.034822023,-2.014801603,-1.952018283,2.171973476023579,1.250999943037315,0.5925396812557294,0.2574793410595513,0.4554557445523911,-1.019720268,-2.021064606,0.7575471755459757,2.8532005494571893,1.7645416519612065,16167.57,1
286296,-0.709440706,-0.230061181,-0.1761243,0.6174858909119458,0.1873832078512594,-0.292749374,-0.692784606,-0.017760065,-0.388421925,-0.479885107,1.0490995843977584,-0.870272825,-0.730660124,-0.854788698,1.0189800352197664,-1.336455442,-1.094895217,-1.345280809,1.4557256992363,-0.219221052,0.2915080696040155,0.0535808268434486,-0.760214062,-0.348398218,-0.845793918,-0.676847141,0.6389238708545999,-0.765653178,16955.73,1
479475,0.165965730381638,0.1056662944031594,-0.067978624,0.5338430650763337,-0.105114473,-0.13603279,-0.138702823,0.0032862010079779,-0.465167614,-0.252210531,0.441356970373321,-0.546060366,-0.35456669,-0.552260942,0.8030173397532393,-0.480421761,-0.548390749,-0.661854227,-0.576171718,0.0952913061989883,0.030912519767044,-0.439964415,0.0354997188203276,0.2374920332135904,0.3811235758632866,-0.379429639,0.4369322834578492,0.605499453861527,2061.21,1
87696,0.0807036161540702,-0.105434509,1.036180306978055,-0.689373138,0.4206573611935114,0.1713876830543282,0.6880919126036176,-0.151194343,0.3390772781500366,0.4065218000579194,-1.386266179,0.3053003445219632,-0.10392066,0.5134543104562597,1.1778903573681374,0.9393185567198836,0.3562991562600753,0.4469830353825513,-0.020911745,-0.049538907,-0.235643956,-0.808357066,-0.138891615,-0.87882977,-0.187025828,0.2954745090131133,0.0516559684157068,0.1144272164078903,9828.87,0
139615,1.0384317762858506,-0.342594229,0.6241514745435932,-0.329905727,0.099738993556881,-0.184560427,0.4481539929107644,-0.189948105,0.5742965046780968,0.4920302119193206,-0.720985694,0.5516981555489733,-0.341973994,0.6191702337111564,1.390856874494999,0.8256485554982583,0.450307672225825,0.1804280324023608,-0.381434601,-0.287581606,-0.223548809,-0.811051965,0.1153292933974244,0.6835488977314645,0.2365995722404883,0.2326937436875709,-0.268763612,-0.028946423,8871.88,0
192606,0.2543926027175914,-0.308699405,1.0682301780125114,-0.944264869,0.2014163167658579,0.2415321877079691,0.6429763080737811,-0.161256825,0.5811776589781272,0.3243296481449571,-0.918690683,1.2463848978309957,1.2339216841025236,0.5072053156481026,-0.084293374,0.6868154712256678,0.2694681970115134,-0.020462536,-0.57301461,-0.129323535,-0.158936111,-0.427483157,0.3685988589025175,2.591766671162208,-1.382955312,0.2295071083776705,-0.251101935,-0.04014596,16712.59,0
64369,-0.112338841,-0.197696027,0.3087339378938836,-1.474238688,1.6192083844139242,2.209663628819789,0.4612667576686135,0.0211312450240692,0.6775112597120483,0.542176031762053,-1.125032057,0.6116284549576667,-0.248660998,0.598387709675648,-0.807904904,0.5578212734461846,0.2129528905078486,0.1938136932043767,-0.223751558,-0.340666372,-0.124508315,-0.415018448,-0.070937637,2.2640125601116425,-0.956627585,-0.134166301,-0.791413595,0.305691727516154,5847.12,0
479264,0.0259015997120083,-0.331252438,0.1245560635683527,-0.644697542,0.2028198138493907,0.2482287463730665,0.6097861209926195,-0.154469148,0.4192280416734551,-0.045158905,-0.449060621,0.4112633259226613,1.1494773286998978,-0.132530096,-0.701952505,0.0824963141884018,0.0514190803123707,0.0883962889390934,0.0302187906949889,0.1696256763867344,-0.035607697,0.0315221141249114,0.3827085329911754,0.5864454558696606,-0.691533748,0.1033770586905295,-0.072374005,0.1430376240129431,22767.51,1
311829,-0.030580814,0.1108952563398115,-0.497628091,0.5474491005309142,-0.062807099,0.1873738416089342,-0.177917889,0.1098557013850605,-0.01113896,-0.472453472,0.6163265645960523,-0.543407832,-1.152450924,-0.905308361,-0.451650996,-0.608097866,-0.103716656,0.5884946853267463,1.4877091023882352,0.242713502916824,0.1750601217634276,0.8946555993657929,-0.0425408,0.3938002878879008,-0.627430189,0.0682344565569806,0.1236706614064609,0.1229682594346844,21726.29,1
165795,1.7920489858831747,-0.366188524,-0.057020501,-0.093113477,0.4616240541496301,-0.173851593,0.6682350994815163,-0.239684785,0.6504658731676708,0.7193022681230359,-1.487811825,0.7176843166182968,-0.400380081,1.0615991931720348,-0.550973554,0.1197433259470913,0.3865252734667766,-0.018259322,-0.353794831,-0.503016611,-0.090210337,0.2683587684021357,-0.035647483,-0.279922598,0.7060065023572417,-1.178859126,-0.25479311,-0.258450134,1050.94,0
46934,-0.28473887,-0.576208432,1.7173833662881053,-2.495075121,0.2872854150642088,-0.425811537,0.7515926120748229,-0.151523708,0.9931535883672729,-0.084785599,-0.587450526,0.749932777867798,-0.910611089,0.8884146918212507,1.0308925954838348,0.3724785803369458,0.3417173085148887,-0.135924757,-1.304909109,-0.073537766,-0.14327082,-0.679592267,0.2060380552832885,0.7246587767716671,0.4373002781980342,-1.231481482,-0.301547077,0.0661976972438877,9115.52,0
440125,-0.178765865,0.0853444713669719,-0.658644329,1.2751231815346862,-0.807509688,1.5065839280315,0.8719563054109496,-0.574927594,-0.953256756,-0.245267085,-0.020288449,-0.499848384,0.5330730604304375,-0.585887926,-0.451629593,-0.342484975,-0.194353484,-0.169291525,0.6439135011087328,1.1273489817359834,-0.330225753,0.702656112266485,1.5510852569739015,-0.530388679,-2.282181504,0.3713040452078492,0.8161004577283134,0.2345035437554778,15352.24,1
6819,-0.046120877,0.0549580189919492,0.3653367788464599,-0.616013144,0.742424830665002,0.1309038985091925,0.6535742991446213,-0.07984202,1.1138817700000565,-0.020155804,-1.242350516,-0.571968556,0.5781855843804549,0.9646606649182508,-0.44977289,1.7088090309352224,0.8103455041255312,1.7273839818723589,-1.330025634,-0.56962102,-0.162686412,-0.360456403,-0.312247336,-2.018958099,-0.218452555,-1.460524715,-0.22707947,0.1945402084981013,12365.23,0
270648,-0.376007737,0.0181671159067571,0.9460332773292852,-1.231859574,-0.0428281,0.2021483876687201,0.3032718491169923,0.0622926821142398,0.6984775777446408,0.3685956274412277,-0.372601159,1.1970319034472718,-0.730184899,1.103350547134804,-0.442212567,0.8665011974927829,0.3084943614593139,0.6656825715464592,-0.068044549,-0.490949781,-0.088522353,-0.328328464,0.0562148264726403,0.0812832260274932,-0.630575345,-0.817763422,-0.834766998,0.0197454924054294,22383.75,0
510180,-0.888972886,0.8058665222237794,-1.008321262,1.2579949588225554,-1.164071422,-1.53389032,-1.410109129,0.6861121091442343,-1.758729972,-1.788248683,1.7480521739068315,-1.722128249,0.4207692019944068,-1.812529091,0.7602645632679528,-2.02167461,-2.33041863,-2.212361565,1.6168017585374603,1.088856493978079,0.6883736478512023,0.1594621088397705,-0.044254504,0.9745897527301938,0.1685625158000398,0.6533778962756086,2.643928203971324,1.3372895533971243,1827.55,1
213009,1.695086471367436,-0.79059951,0.025311304430142,-0.791052122,0.0007904459232369,-0.28815196,0.4058435188322733,-0.253665377,0.1250947015568558,1.0559816644681637,-1.212890096,0.6768402418505115,0.9082487344547548,0.8062311274528247,0.5091248429502588,-0.165088944,0.3626723464768696,1.1963612520112823,-1.179511718,-0.515524572,-0.127219365,0.1189690287538829,-0.003160964,0.2264187324238231,-0.243472828,1.5904778609778285,-0.328096631,-0.202896978,16035.17,0
328288,-1.807127149,1.6445352559851305,-1.723202992,1.6222845036481692,-2.253113423,-1.294658077,-1.817010546,2.482965193848516,-2.276071772,-2.013875782,1.2625365556242143,-1.514503548,1.6482113652411725,-1.439265902,-0.04830562,-1.656866458,-2.053716813,-2.018365387,0.8139046099263115,-1.871369644,0.8690829391140411,-0.130526568,-0.479899622,1.0870077302811527,1.2016366883641716,0.1319210022850522,-1.675922258,-2.654652826,11625.9,1
113025,-0.278633974,-0.638577208,0.6399640297395458,-1.513570489,-0.068413337,0.1729529665808579,0.6979710441809973,-0.06957435,-0.38165948,0.6042162238307432,-0.337864779,0.817046359806161,0.387185212478894,1.0325595560939231,-0.575613951,0.0967750983473954,0.294105410426907,1.8931933017105291,-1.090595228,0.059130529984467,-0.125567403,-0.374786159,0.5542996242453426,0.0328572996580538,-0.549576725,1.6961970225686591,-0.135386108,0.0767590624689645,9058.64,0
548011,-2.454657335,3.9304729224647135,-2.267620534,2.2380325319162906,-2.736464579,2.631974048932367,-3.970040568,-5.142471166,-3.303981734,-3.055543179,0.8104165533117332,-1.39393543,-2.737923115,-0.237768608,-3.538040538,-1.259966093,-1.465684921,-1.661585207,-1.303081736,7.241708307659678,-9.410548094,6.970873515054592,4.495579551766652,0.130511907492506,-1.375125483,-0.455566255,-3.865366902,-1.184989857,133.36,1
81173,0.1016355183083573,-0.279884638,1.9162061461058773,-0.072181894,0.077081808652825,0.3008418819195678,0.4829547010511607,-0.130410444,0.7441541675152907,0.4238032211280993,-1.276233795,0.8373490781429522,-0.376709401,0.501538870953238,-0.860228314,-0.005030637,0.6387424958891961,0.1528319695386358,0.4318217023178855,-0.193958856,-0.094945434,0.2940577462487513,-0.098723836,1.5812922640098064,-0.299410743,-0.737220015,-0.082438783,0.0827069549746057,257.79,0
367243,-0.902260119,-0.740547403,-0.662470963,0.5688270644999519,0.0200976301823814,0.315814536398075,-0.415784802,0.3361715338771554,-0.543713359,-0.683935626,0.7240649227298064,-0.828300673,0.0294580614982959,-0.548971498,-0.026729423,-0.953064362,-0.809441682,-0.820199056,0.6105367074105801,0.298244632456598,0.3111646766771507,0.6340071822305314,-0.981458384,-1.999458516,-0.320179453,0.4554097828877224,0.9399782062381008,-1.033047926,2821.13,1
271626,2.0934879463288603,-0.819937861,-0.039212876,-1.646013664,0.0724187003142464,-0.067429262,0.2797245341460715,-0.24916053,-0.450508696,1.4882266669507949,-1.013947699,0.5269110995650592,1.97819741255266,0.5597701141334711,-0.011459766,0.1073702394335354,0.5707553833037229,-0.034166685,-0.31690164,-0.483389479,-0.224619638,-0.420816033,0.2836182315056984,1.2775306203991683,-0.264137999,-0.819939534,-0.256906092,-0.214585233,9034.27,0
468204,-0.110118069,-0.154631093,0.8349622608330535,-0.28077087,0.6101417646759565,0.30266321581449,0.6223526234826077,-0.128184808,0.1792833498496686,0.4651918069840933,0.0104270336703878,0.5637334365839918,-0.574927215,0.3389964332126052,1.1061407257213405,0.6228175505833828,0.7187344646226952,0.9214618547783916,-0.006925746,-0.309531318,-0.127296753,0.0454654690303803,0.0073629765980939,-0.559333885,0.3581271923432454,-0.366220244,-0.115689118,-0.082949246,16704.81,1
149562,1.7366629646340122,-0.374751628,-0.043516745,-0.307592788,0.3355652296401953,-0.38342281,0.4958679627450787,-0.248846306,1.959398163276684,0.2870056649503699,-0.290946391,-0.323961822,1.3654933015566717,1.22970430423449,0.2408784117477157,0.5513387009608975,0.932091958506626,0.8874234290302535,-0.853724638,-0.397232023,-0.078170537,0.4674086025725075,-0.044590454,-0.235749497,0.2331962733032873,-0.311440393,-0.275478821,-0.183159128,9860.05,0
179076,1.8763832455427285,-0.500114428,-0.0256178,-0.542451447,0.3606834118775794,0.0912502611032586,0.4631170020216993,-0.198141203,1.024317615116737,0.6452996822176525,-2.182065293,0.3446539016803241,-0.826940511,0.96940622009306,0.2276981452316269,0.6303958554700035,0.2642220955001002,0.0824156216870499,0.2392701050333734,-0.435287307,-0.254810041,-0.893615683,0.2074987538483637,-1.68540613,-0.401183817,0.5916497551092506,-0.327054315,-0.276477525,14262.77,0
8077,0.9834402856183448,-0.432939226,1.0864985008785983,-0.5137573,-0.014178721,0.114559812201287,0.2877243144136533,-0.181926184,1.4257657975453206,0.4474448567190652,0.51187327932523,0.1276174181015628,2.847007416879365,1.8309971659720157,-0.31753844,0.8767371985379232,0.4594888894745133,0.6472489641135895,-0.386882372,-0.17074883,-0.098731886,0.2468167955586642,-0.039767357,1.246572206481762,0.2211640218494563,1.979231387706686,-0.33408652,-0.100079601,17752.41,0
265227,0.1092907281946513,-0.122893765,0.5693289978327131,-0.961584016,0.4332835369342998,-0.168359851,0.837049505285898,-0.194627798,0.5600289214630221,0.5495297767459324,-1.189869718,0.8383954169293203,0.3590273621355527,0.6984133528911796,-0.434616179,0.3602923138411829,0.3257708778824129,-0.165750158,-0.376562202,-0.067867626,-0.219033806,-0.5292279,0.0568960469287686,0.0076145276895285,-0.78758927,0.3436500303948387,0.2089144393203878,0.2734363776362839,17677.97,0
95393,0.9526670816516726,-0.312000438,1.1250520932987491,0.2760864004465299,0.062466656951458,0.2956128435194834,0.3529641324892312,-0.149683607,0.2694649064542445,0.928737337381228,-1.073829667,0.4328563842029133,-0.158577746,0.7806976531263772,0.9182753750456611,1.2118538053840835,0.2284132367290819,0.4146623381023434,-1.332403979,-0.316993766,-0.04735809,0.3007470534297388,-0.082611067,0.8230848416609222,0.6171840016441349,0.2338679454997208,-0.227022289,-0.027243283,7339.51,0
413855,0.0354997576326558,0.4520092051513231,-0.356979394,1.1183448289740143,0.6512469741016574,0.1745855603592134,0.2917194335710985,-0.014480572,-0.939644796,-0.098431927,-0.203110633,-0.510390329,0.3224048011974099,-0.789916658,0.3440935395255731,-0.011371127,0.5508985087571293,0.6224992935556832,0.7828355272046851,0.3354680473934673,-0.062761836,-0.514930911,-0.240867738,-1.690419943,0.4361959551774867,1.1390112279717892,0.0437623552272839,0.1906344552534757,1900.74,1
27277,-0.319434096,-0.633785112,2.321223094296488,-0.750140061,0.2346465978618982,0.4405925883240039,0.3456189083217357,-0.049773433,0.7106101793325643,0.3647241540728659,-0.129802501,0.6127280053284003,-1.791579571,0.7539488382381704,-0.344239964,0.793204247874683,0.3089271493364577,0.5380268350503307,-1.154551248,-0.361549567,0.0057061058975492,0.5906275247668523,-0.107139555,0.4881317403553523,-0.239902866,0.6696754871695524,-0.314041827,0.3602425934820386,9315.87,0
393110,1.0308578623882838,-0.338105358,0.1116029822520884,0.6857572169059335,0.8447491613297777,0.9715905222857478,0.2733325988781446,-0.095022839,0.1502236473433685,0.9531636440666738,-0.262216916,0.5709040240544354,0.476805783751198,-0.199063453,-0.825639626,2.5922710923148307,0.6637769579503414,1.8618631953026887,-1.483295924,-0.457950057,-0.1129149,0.2672290948374834,0.0542148772531181,-0.349566966,-0.375536218,0.1697888827762156,-0.248288719,0.1092608575975195,8159.28,1
206390,0.128830183008294,-0.068766367,0.4228093273489721,-0.300126621,0.755678359962527,0.3205684805428626,1.029393967098698,-0.183545911,0.0037850854550879,0.662705485797357,-0.42357807,1.038192394533863,-0.056925964,1.1122181329830412,-1.057404653,0.0234262999741226,0.3791571044478416,0.4786093727312037,0.7316621761152062,-0.034072762,-0.041597366,0.6563563595295997,-0.327727976,-0.682180248,0.0068581418967867,-0.897363651,0.295045411336245,0.4570788767922589,3069.36,0
45308,0.0510447127895131,-0.737653617,1.2617241282556135,-1.51131133,-0.057539324,0.8964579066835112,0.6637228531198865,-0.156318581,-0.038734039,0.76451608331904,-0.593318964,0.015180567895784,-0.708699375,0.5454517637531902,0.3411055811511181,2.2792084504002843,0.2518833566376203,0.3805377462304073,0.8155595216685511,0.5502444230689492,-0.008571421,0.173638492459241,0.2740892668432601,-1.664403473,-0.063490169,-0.731269554,-0.46325266,-0.582509973,2420.33,0
78412,-0.86418464,-3.225233352,-0.210321949,-0.388210579,-1.185925666,2.0050966857989696,6.418030966578239,-0.315137386,-0.172678146,-0.225234146,-0.341285493,0.3872717179818457,-0.515788455,1.097610155592216,-1.060726131,0.9730439220417548,0.231607338344121,1.139897621969062,-0.606781959,4.520715745484492,0.4575215704235904,-0.091364086,6.530416286391264,-0.361439761,1.397630806471111,1.6531196934428072,-1.076856797,0.5698946306732626,19363.07,0
381557,0.8778063996146069,-0.253908802,0.6276442418781724,-0.135178578,0.4090129160726127,0.3598750082608257,0.5552879796686156,-0.195374415,0.2726512442792278,0.6906089886395206,-1.039806653,1.12265806013975,1.481758969926388,0.6838836186843745,0.3956753112653676,0.7885596003574862,0.1772420265375157,0.2978650061181654,-0.509248482,-0.212177593,-0.122084843,-0.072356878,-0.158320144,-0.35061616,0.7788984187502036,-0.83947845,-0.271976796,-0.162024826,6823.68,1
135313,0.8700829938991149,-0.483403355,1.1081553179699797,-0.044566935,0.0382106462764736,0.7437503838649349,0.2810229696946107,-0.080395938,0.9058264999306646,0.5629326087047084,-0.103109342,1.8895365061564,-0.428636458,0.6248006521305574,-1.413066852,0.1236184509522209,0.535739430214451,0.0566395230635711,-0.252146234,-0.362858366,-0.110440263,0.2036975326956242,-0.086301727,0.5190971070615837,0.8339203230942487,-0.681402155,-0.159808616,-0.063415166,7710.89,0
313556,-0.048914832,0.1046279439940899,-0.40076912,-0.24580265,0.2628981306813594,-0.271728839,0.0641481517648353,-0.055928218,-0.67576258,-0.255715638,0.1825069774216785,-0.401278633,1.0040427028491767,-0.691654537,-0.468159857,-0.589346113,-0.212376865,0.2013798717462233,-0.848223177,-0.249919638,-0.030500411,-0.346644055,-0.342831748,-0.040892545,0.972667479796614,1.302045364075291,-0.211080401,0.1970244347638831,8414.53,1
512319,0.0178461017940307,-0.062497734,-0.378440295,0.3670834807543047,-0.417345396,0.1223212081331255,0.2087203993522489,-0.023937264,-0.129370559,-0.342888556,0.2903107643784439,-0.359615199,0.6915996884113111,-0.583398951,2.276441205615925,-0.500804556,-0.145254405,-0.007467028,0.8158088270211251,0.527681375703698,0.1880977374554365,0.8587085524994187,0.7108821327862536,1.618680452545725,-0.640762963,0.1141065273686779,0.0772966778145658,-0.118639799,16577.83,1
99592,-0.211365424,0.179010417106943,0.6636688656467119,-1.40070704,-0.373754873,0.4145220409073212,1.0373852887480404,-0.012007848,0.2686603672630467,0.2230346253672993,-0.755997669,0.740829933680889,-0.284954995,1.14442788389809,0.5618208738761713,0.7196502804135735,0.4752652192149683,-0.245726157,-1.168292509,-0.807916017,-0.207039133,-0.276233074,0.2555378010340635,0.94005892648895,-0.558380384,1.4726788665333337,0.3432578679643503,-0.201734752,6827,0
473654,-0.223241619,0.5763534448029083,-0.902300798,1.2328803196433633,-0.314664217,-0.752468964,-0.76445859,0.2089668013718384,-0.910228028,-1.103579992,1.5875912076648262,-1.365187253,0.9373734627800658,-1.534423249,-1.955564544,-1.227908292,-1.28730625,-1.079341162,0.2011299839402481,0.6333570502715149,0.2831488231397313,-0.189385901,-0.195101365,-0.816285028,-0.07245884,1.1301993830993404,0.8162933484170659,0.2873987546324719,23540.66,1
401848,-0.528949079,0.4772906234551503,-0.393706689,0.9358044682980472,-0.11471496,0.5948590155933962,-0.023411585,-0.376965784,0.5498846365072122,0.0495626678328189,0.8635500968599321,-1.14657141,1.018109623305744,-0.889129901,-1.032222003,-0.656172613,-0.501017328,-0.256291228,0.2373192091069856,0.1492029120417547,0.3091236380363165,-0.382671301,0.2288012335824874,-0.106502644,-0.419360653,0.0166842865457186,-1.335175609,-0.494017257,16957.73,1
89943,0.2525680962020208,-0.239146798,0.3788095542029898,-0.848268557,0.3560289004194494,0.6717240399252161,0.1926264974376889,-0.670493826,0.4075943742567769,0.2940403853809639,-0.931321884,0.5004276504200621,-2.181757798,1.494424278372854,-1.085052426,1.0111578203082932,0.2196585659117929,0.6529100196059178,-0.321014918,0.1991617033537202,-0.66371257,0.1426893052302651,-0.172297504,-1.403783939,0.9072026092196792,0.9347762214176086,-0.182033611,0.4968394400839196,9072.27,0
396705,-0.308559845,0.1877112970542953,0.0111623679075938,0.4058198460871235,-0.395291615,0.4427476228501809,-0.068626004,-0.257507883,-0.185507789,-0.387082527,0.4521938662987055,-0.493388465,0.5698571621988417,-0.707913946,0.1981114769303069,-0.974484956,-0.575641299,-0.93320123,0.6827752022141464,0.0313160576495984,0.4373850340756032,0.210431135917134,-0.013272928,0.9217817539997564,-0.466243534,-0.53572513,0.4423397233066622,0.0541002259756249,21238.07,1
113448,-0.417352541,-0.461619815,2.293416150764099,0.9239048499471368,-0.031746481,1.3791730226982954,0.4060851644918856,0.0967169957812318,-0.364920093,1.0602477245221456,-0.189540537,1.078277433782836,0.1386974049584074,0.76226688105859,-0.59190942,0.3101824109963266,0.7604210247986781,0.3962003944476152,0.6860318907657083,0.8745059208937146,-0.028026677,-0.074659601,0.5862623219131308,0.4315077961076947,-0.140655397,0.6515665701143162,-0.003553502,-0.135018492,207.26,0
401165,0.8646337376330336,-0.464298665,0.0341558384193456,-0.231404819,-0.34104542,0.4793365806611904,-0.198852898,0.0485971963378243,1.186855849503704,0.0149967998292854,0.132502775284735,0.2063280562761831,-0.429554267,-0.021441955,-0.12593429,-0.500568088,-0.224765208,-0.090178958,1.517093891126452,-0.037346095,0.08609097655608,0.8558485154261352,0.2762773530224351,-0.329451166,-1.321806502,0.5526233867028434,0.0769188696484754,-0.174147076,2029.74,1
359605,-0.47471836,0.3369543233002145,-0.311946415,0.7022076942976434,-0.494468893,0.2295667204545657,-0.401667716,-0.11033587,-0.540769183,-0.441837353,0.548444462384684,-0.933002213,-1.145717925,-0.790502756,1.5786970124173063,-1.085787151,-0.880346781,-1.056440471,1.0066517080675028,-0.015384882,0.5365220081529176,0.1831331443239784,0.3513124553499715,0.1702585583658669,-0.641861929,1.0519533328791937,0.5960758341289707,0.3226209114785485,19380.49,1
201365,1.7991155106793768,-1.161244819,0.3421156631178312,-1.465765372,-0.328524559,0.2712291963075189,-0.001588102,-0.144043689,-0.032960755,1.5408647152779693,-0.261183954,0.438639996882555,0.0635977572512129,0.5048547459906876,-0.563010434,0.3839807762857095,0.5136587156184479,0.9972634542308744,-0.446957689,-0.48291842,-0.02237213,0.8850171508996268,0.0709215445565798,0.0830777752660838,-0.568634547,0.0472102217113762,-0.20667334,-0.196562234,10458.9,0
67839,0.8709612530720445,-0.424444685,0.7403715386655774,-0.038895561,0.1202478896786389,0.2649544944935809,0.4797282642873522,-0.162623351,0.6692596442735601,0.5387974115023124,-0.774427946,1.078844437177752,-0.19947199,0.7653573442135505,-0.15668517,0.0676357417456053,0.5796870918198176,-0.245859053,-0.662418306,-0.277287789,-0.124389137,-0.068228654,-0.087066516,0.8657295496721241,0.9202272431000786,-0.807764755,-0.202347102,-0.034226255,22971.85,0
484963,-0.110173709,-0.095624612,0.5191556405156182,0.4238377597538839,0.5214147658122479,0.7772852043712345,0.2689039541426593,-0.180349583,0.1068176574932759,0.3371878506424963,-0.192460117,0.0368892426593565,-0.975308326,-0.191199077,-0.267975795,-0.063022075,0.6130041265505707,0.367121045501673,0.4002561110321078,-0.268443059,0.1130168631952929,0.2728300466560443,-0.314407102,-0.969263166,-0.453616409,0.2661219468422172,-0.108928531,-0.50038114,14344.09,1
99318,-0.259438162,-0.087524179,1.2372302902956391,-0.623504207,0.3039529426488213,0.0068936566422235,0.6789468707814379,-0.223654056,0.7957390392973674,0.879148549813567,-0.442800515,0.3345871490493393,-0.979532477,0.4132304864075347,1.6503054174175644,0.4101995201669891,0.5503602234684993,-0.06036115,-0.706432115,-0.215389084,-0.218625268,-0.585021459,-0.08879764,0.7025273456437374,-0.662529206,0.0182581946053002,-0.686953018,-0.159503462,12483.36,0
417058,-0.185813255,0.8719428399797925,-1.014955777,1.504753840869909,0.2856505626902814,-1.170750011,-0.29360343,0.2070010695779456,-1.362881326,-0.788707677,1.0107898764282977,-0.952981844,0.7458961168346636,-1.518552349,1.0241717624464683,-0.381339337,0.0111655063165423,0.5381887121199792,0.3126181323363129,0.4926045789135881,0.1077245471693725,-0.490183579,0.0627080804282664,-1.319749214,-0.079622516,1.1127043912928778,0.3408263367780598,0.0127263451366947,6138.73,1
124371,-0.356078102,-0.347775487,1.4970697938196873,-0.573344758,0.4004667143404799,1.0674390838187768,0.4101341208323962,0.0780598114446139,0.3512924976302788,0.2235483797279705,-0.514763159,0.7713813564724248,-1.086562015,0.9696002490338465,0.9558088699621448,-0.213466364,1.1452093993878565,-0.765775752,-1.253249437,-0.537166812,-0.107973124,0.024416269958189,0.2669058941257756,-1.040564951,-0.011122856,1.1064579582012195,-0.384269285,-0.252020552,4891.69,0
298365,-0.209161938,0.3323331832824013,-0.769117952,0.4684755699901687,-0.653532755,-0.704703108,-0.454606919,0.2049002464813539,-0.665105927,-0.630085738,0.4164292089519608,-0.853201397,0.4161138943571018,-0.589833235,1.2629921079917337,-1.299595262,-1.087654925,-1.203299978,2.3339166552446944,0.1513593438406032,0.3220103449009306,0.6843867800388773,0.21421454443812,0.1800600382063154,-0.196646236,0.9647919716284262,0.0155810496358454,-0.14271859,12657.55,1
201606,2.142526279804851,-0.829596372,-0.028123781,-1.66198369,0.0626179779755982,0.0237972367438729,0.2309217944739514,-0.249229622,-0.405057219,1.5016621791027207,-1.21051978,0.568321775499827,2.5123596117019478,0.4572190432970085,-0.003857144,0.1590406517771301,0.4962215630146611,0.2833877015462799,-0.406887447,-0.464024415,-0.077872046,0.6711738941810105,0.025034472779443,1.1541750317765649,0.2741244644329232,0.1225125422781113,-0.244092716,-0.229957736,18550.81,0
253452,0.2924869995384518,-0.13826278,0.2236216296846821,-0.094588081,0.3995258776192977,0.2870118026062615,0.4030514284280253,-0.753353619,0.1025696296593793,0.3728789241233272,-1.475200633,0.6582339013005116,-0.924044581,1.5537529243073462,-0.253821295,0.0349048260413986,0.5571195656687403,0.0751027744071649,0.0930574613095885,0.4623264723844311,-0.594368404,0.6427626048968335,-0.271915472,0.0174639541710406,1.4201831963089446,-0.716714263,-0.076472634,0.6118657335367247,2334.04,0
470974,0.3156183837506544,-0.80393786,-0.174998543,0.826714163596878,0.059486023525793,0.2773106242557911,0.8403887651712406,-0.193662293,-0.087547959,0.4056081680402854,-0.481896923,0.3232002939632009,0.6558102664647442,-0.190998155,-0.495988777,1.378237273889081,0.6539348902655581,0.4559368278544278,-2.259364026,0.9917165211284964,0.0356930998100268,-0.517647002,-0.277987831,0.397043073603644,-1.034530208,-0.498237363,-0.246918093,0.306980949957914,23508.63,1
154259,1.5949174093774814,-0.663672637,0.6213352418888959,-0.408565413,-0.102376913,0.4091710207711945,0.114944687078197,-0.120244104,2.490191044444556,0.5086034477679463,0.2003497365481764,-0.114546374,1.1283785195842333,1.8245511032968915,-0.617983521,1.0560091718111446,0.4328428624390733,0.9168734974582288,-0.50737804,-0.373323784,-0.120739607,0.0954682933035705,0.305677111028216,-0.026458558,-1.197887504,0.913976490853206,-0.293781848,-0.221924752,5880.98,0
556873,-1.437617712,1.3657519578199315,-1.428151956,1.5617009504286097,-1.62253623,-1.429312475,-1.746243482,0.9312393510398894,-1.841611778,-2.007042441,1.6282428515896523,-1.736040573,0.4535270539396835,-1.691810262,0.0034244614431429,-1.947546353,-2.05550418,-1.949519752,1.9790211417160657,0.3904491633576467,0.5021556912485687,0.9206576808681132,-0.287208951,0.9635280199727276,-0.425984361,0.2867367697987637,0.5339369208314417,0.4607581997467802,4441.54,1
256798,-0.065708259,-0.1299404,1.099947818498164,-0.824120546,0.1919391325936342,0.4932461063140742,0.3998400902413017,-0.022568062,0.6964979169745595,0.2723303507500695,-1.564736657,1.0933371487940986,1.0675018295116123,0.6212568328214887,0.2614143516852142,0.444052258941182,0.3421927762215273,0.6109686355567793,-0.063074288,-0.133066268,0.0030467932064728,0.912360306366516,-0.2251281,1.6512695118554894,-0.29315601,-0.426114477,0.1573001853681072,0.3261133502174031,10819.58,0
330263,-0.718034887,-0.013164496,-0.652831602,-0.082350575,-0.059953545,-0.607112283,-0.182676305,-0.473588489,0.0384474906183522,-0.658799043,0.4166992211589993,-0.774392829,-0.52040082,-0.755148707,-0.234832749,-0.43052986,-0.404088412,-0.201284599,-0.143654768,-0.710726541,0.8607664738870352,-0.859959723,-0.068575028,-0.29103253,-0.243882411,0.6916625153390306,0.959927224280262,-0.194034524,11021.51,1
14610,1.0172242716427915,-0.410135416,0.8112168994340379,-0.321651653,-0.027859291,-0.276069036,0.4105968421677242,-0.17739941,0.7060485515809898,0.5952123071365504,-0.784019498,0.2961951527717971,-1.766837636,1.1345666707198634,1.4832905502709548,0.6683348998865589,0.3815126317759271,0.07966262513589,-0.414139906,-0.400702757,-0.208140734,-0.7862632,0.1804559185778701,1.400497526035142,0.0851759284141505,0.1973329396110761,-0.285910243,-0.055607048,1105.34,0
294408,-0.043144929,0.8935385346198661,-1.023268962,1.4609256327658315,0.3762285575479759,-0.831811352,-0.29912265,0.2161156852783309,-1.376635125,-0.733881067,1.3023395070048682,-0.883994862,0.8232402813264005,-1.520316525,0.3862421272656824,-0.340443919,-0.053947286,0.8243422467153935,0.4629312818320883,0.6354864339921482,0.1068943791873548,-0.457604069,-0.020462595,-1.843235163,-0.070709094,1.1235811259830326,0.4633437710697375,0.2044116920666609,2762.98,1
366876,-0.008219803,0.8734829051698614,-1.014106903,1.462287920830137,0.4045116937774889,-0.827044789,-0.285701123,0.1948458118995842,-1.377488486,-0.73738868,1.3044562555572403,-0.889291368,0.8107549280181411,-1.524824255,0.3992112385342911,-0.346336999,-0.059167572,0.8169659394539401,0.4658331657517663,0.630402602230739,0.1059832288262419,-0.452951023,-0.031353733,-1.835782954,-0.093941044,1.1206931032693137,0.4662470261794513,0.2014144818606087,22590.7,1
249181,-0.683811645,0.5169404600003217,-0.621252736,-2.116127881,1.1028365728015832,1.691395437943242,0.2023829752719252,0.5590806224714794,0.5348284389435047,0.9853592752052936,-1.099353147,1.2070653190725242,-0.088306512,2.2903521154662503,0.1489536293528705,0.2881940937689615,0.5305624180485374,0.0556250257745269,-0.64782177,0.207893006842104,-0.03104401,0.5660356015440584,0.1169205430907797,1.5628925972956116,0.2163499188644168,0.2397012036550152,-0.140957658,-0.474061893,18983.67,0
241427,0.1082911634867879,-1.027972217,0.1106842726473592,-2.938181491,0.8679541180086641,2.394637169900597,0.348602119555237,-0.002654361,-0.290223058,1.318022360939164,-0.806581726,0.0751948284833855,0.3214242079949679,0.3720546816287515,-0.101413007,0.1782979156007678,0.4768864631280695,0.2788328081570633,-0.689628494,-0.367971167,-0.196428374,0.0787415167056646,0.6016983040307877,1.4347328457076969,-0.505812843,-0.537380948,-0.047045524,-0.727330948,2716.92,0
429263,-0.193465443,-0.523095284,2.1420778418540345,-0.15149959,0.4209203376304533,1.1338984670002512,0.2429855357544891,-0.279940263,1.1650794423284057,0.7154032158760675,-0.155209692,0.7112854882944281,-1.822975468,0.4396189028971674,-0.647587929,-0.117622832,0.6073970153474764,0.1956703281468216,0.144828887593994,-0.672551342,0.2269314070661397,0.854796662296205,-0.359435877,-0.417636018,-1.007430811,-0.413074603,-0.19560095,-0.948034227,17930.71,1
138673,-0.142928936,-0.069370082,1.282652125219538,-0.447620003,0.3067371725957538,0.5666746298667826,0.4693173918702528,-0.003856314,-0.136904619,0.3435308383960906,0.0425917106582617,1.1100018117548025,0.2796487454533636,0.8250191459045056,1.2317096437087731,0.5322339728241572,0.6204165533183753,0.4551089947116455,0.6324834870875347,-0.094848148,-0.149669047,-0.514481396,-0.134385833,-0.576837887,-0.141568296,0.683652200441776,-0.315433714,-0.117147271,1557.97,0
429464,-1.885151125,1.575603279212664,-1.734280449,1.7173628325932464,-2.224087485,-1.166356342,-2.09876472,1.4747257250295471,-2.478643072,-2.050778967,1.2106346681448683,-1.472031911,1.5742724537699206,-1.202140253,0.6724055954790842,-1.832932174,-2.097024142,-2.181937534,2.345807259464765,-0.560282197,0.3363784339738019,0.1890466992608512,-0.423064959,1.3874394820372646,-0.391869373,0.278168248953595,-1.981475073,-2.119153608,13078.51,1
45281,-0.139343782,0.0680595974279891,0.5039936452741218,-0.157257244,0.1545533793922611,0.3160106148689968,0.4286434287722324,0.0490525327011076,0.0108327698738048,0.5776054182350615,-0.411185065,1.3692362604425283,0.038572971873011,1.3869748612977733,-0.603706194,0.2755863743969575,0.4993206805872136,0.7123435010851269,0.8394064142146952,-0.2669161,-0.020859974,0.5065546518074192,-0.089013559,0.0653314779422111,-0.670203932,-0.628911179,-0.150797288,0.1900517387868446,16010.7,0
78063,-0.119009361,-0.17945583,2.802015450363021,-0.065950953,0.1611386867709917,0.7657323027693268,0.532516031608937,-0.058355764,0.1200376896992969,0.5494283941051228,-0.378626898,0.8311758910773923,-0.576766573,0.5659144624796751,-1.639388029,1.3028064820827074,0.1810690341622828,0.6411286094494691,-1.323800029,-0.299688231,-0.080119667,0.0540957575903395,-0.15761641,0.6149356010094214,-0.103295539,-0.508337339,-0.14819887,0.1463773456520463,4239.53,0
152161,0.1815128635392396,0.0974680786326063,0.4760809304565615,0.3966143441914233,1.0419159184851687,0.0212860411883575,1.1286034183594555,-0.250434616,0.042713377221364,0.927353619152014,-0.909978078,-0.511729951,1.0646237901257334,2.533380395484644,-1.791784264,0.796771177454804,0.4094740763065697,0.2185715894182361,-1.983850237,-0.532267904,-0.071771803,0.2641814619774539,-0.269355834,-0.170710187,0.0387833707863722,0.0606879744685344,-0.437931018,-0.034883239,3476.49,0
413577,-0.619330038,-0.220054142,-0.517090013,0.2046021502981482,0.2453725506072776,-0.416421948,-0.577723557,-0.217055709,-0.540054008,-0.498630129,0.526129226622398,-0.437568537,0.8058839659182403,-0.419983064,-0.486225571,-0.63192639,-0.942572497,-0.643251469,0.2779115818135344,-0.263652427,-0.169415717,0.3907352174129623,-0.796130466,-0.213203756,0.6856367473020963,-1.208055247,0.5086811789881646,-0.083733534,21223.39,1
48406,-0.960358165,-3.058172583,1.4299883823668214,-1.080148589,1.0431195595015843,-1.004102156,-0.349680411,-0.001413136,-0.38534488,0.9550125115981696,-0.681070409,0.3074730250578996,0.3673408943903385,0.6784913251194826,1.4330862988969078,0.3503700729679927,0.8599232115780073,-0.066760061,-1.766085028,-0.899553134,-0.14711606,-0.415388059,-1.717694815,0.5603874144973611,-0.814888894,-0.822261471,0.8878987932432258,-3.649778974,18512.74,0
61954,-0.229322245,-2.35824987,-0.223681445,-0.631359722,0.4375187372202281,2.3409096223942143,0.8277243006239491,-0.034520817,0.5101549312751583,0.3299555405676924,-0.581358832,0.7004193660345347,0.4383849100311823,1.0639551553491364,1.980329181373443,1.2557536777290936,0.1983719937983203,0.4510447272854782,-0.253414294,2.4368511348277817,0.0943746740147532,-1.498327165,-1.008878419,2.458099271172322,-0.604495265,1.2921277631335109,-0.576997486,0.4746240834125657,5070.32,0
370718,-0.199019608,0.2205067641907719,-0.132362768,-0.109262387,-0.035363723,-0.530812185,-0.010931962,0.0377269840297251,-0.445751708,-0.467042213,0.4051518979582272,-0.438040234,0.0272783873373043,-0.511203959,0.4821101742117063,-0.578700081,-0.414706986,-0.657761364,-0.234356157,0.0353377237492339,0.1042133860686325,0.1175053866009702,-0.09103163,0.8606973280648129,-0.298525679,0.7777487818990177,0.283412686713119,0.4552121847935744,8987.44,1
365839,-1.069012494,0.0152637325442416,-0.891331489,0.9845433368726108,-0.590008995,-0.627637844,-0.897478028,0.5016697084712711,-1.069844541,-1.216229409,1.3729385154425684,-1.290513045,-1.511017302,-1.316675619,0.2902125684027343,-1.468462311,-1.458174154,-1.332395093,1.823448179539899,-0.467796811,0.2938419568546068,0.0780873013979734,0.5822791973225128,-0.955335857,0.8792265066570946,-0.065245452,1.0046375835750296,0.2676100712901337,4676.14,1
323755,-1.70210846,1.4259529102551731,-1.583706567,1.5726385614565228,-2.008277752,-1.325610686,-1.96239731,1.3054175826052654,-2.164731237,-1.960786952,1.3054504948780623,-1.605859512,1.0543501548550476,-1.146788624,-0.162011352,-1.951726926,-2.185393359,-2.293218422,2.260244560054099,-0.501758227,0.4213950251449574,0.102513381116514,-0.227275002,1.541363761713898,0.1448205172985205,-0.195144118,-1.548796881,-1.66822478,17286.18,1
305835,0.2642316751768279,0.0029283906822022,-0.03966796,0.6482765891020189,-0.147337042,0.3195689670299341,-0.219407337,0.0483424375026082,-0.319644495,-0.176876033,0.4533199151001407,-0.517804009,-0.989569043,-0.566725177,-1.137465483,-0.436014862,-0.603064793,-0.334458282,0.1931711706692206,0.1238740276823703,0.0566514028224084,-0.164794231,-0.195990929,-0.37994266,0.8644529814804814,0.340096137490988,0.4715477999319648,0.5640792866201977,22327.14,1
387941,-0.524692304,0.2269807407120112,-0.712268737,0.4120009785912646,-0.406964415,-0.463954683,-0.324793241,0.2217878202721573,-0.669394004,-0.859390479,0.7328096625863161,-0.904369372,-0.392329745,-1.013535274,-0.211378474,-0.901117695,-0.904577354,-0.644245614,0.9475479070685524,0.4558118850937545,0.2040992253442169,-0.112975235,-0.177012465,-0.955107846,-0.102258044,0.3271114559311425,1.1291566853391013,0.2388099654222276,9713.49,1
368066,0.1630204550479523,-0.226588883,0.6063192237280706,0.0561837824023378,0.6570374514584972,0.06037076497405,0.6370052519599064,-0.203609398,0.0365581979082413,0.7780106535823732,-0.757652246,0.2656215906231571,-0.285274814,0.3871768964965388,0.865972782104951,0.3563406101303495,0.7957241183722555,0.30016968368746,0.0472426703127043,-0.075197202,-0.013816726,0.6905130036272401,-0.011247933,1.3622312887323358,-0.996368235,2.266015007034738,-0.461617508,-0.054939807,5874.99,1
358983,-0.675469092,0.6112229735098323,-0.871118388,0.1618353503518217,-0.154215398,-1.624446951,-0.496249575,0.3523875777368339,-0.854554231,-1.068639053,0.676138189525997,-0.917664648,-0.050392918,-1.095028057,-0.079319034,-0.908720869,-0.793009151,-0.645175992,0.479718583607472,-0.040404684,0.2829968216593903,0.1282622632357942,-0.521043897,-0.707530024,-0.249241563,0.1514298462675368,0.4484484280065496,0.4963693905291588,2524.71,1
158496,1.5465505149292158,-0.655400486,0.0399046127214933,-0.578830096,0.4915781155579463,1.066182235034007,0.2992328213607355,-0.082103196,2.3265277823914987,0.3938994830603666,0.1195620023398295,-0.127993279,0.3978773598584945,2.4153150652335222,-0.834281035,0.0032951082368444,0.8584886167652741,-0.15582522,-0.56528122,-0.491189929,-0.186851155,-0.219400578,0.1677419928650908,-2.638680935,-0.576623471,-0.024527792,-0.265416131,-0.299908787,1986.75,0
253679,0.3193141991958996,-0.124121624,-0.029622736,-0.822694615,0.5664963137637576,-0.100001927,0.7017629193754793,-0.094419289,0.4323841700459966,0.1905516685110038,-1.53479183,0.3020287246154245,-0.87792666,0.4290336230593249,-0.369846094,0.8481313695827772,0.6878902083611358,0.4093865597159774,-0.43593254,-0.461249539,-0.159023512,-0.521829745,0.2403612062184574,0.7240979707525509,-1.309875381,0.3382695538991095,-0.386544542,-0.167121718,21731.78,0
188430,1.671664563133055,-0.419014769,-0.052725681,-0.149115223,0.3865817354956776,-0.186981007,0.6342900157162732,-0.206083879,0.4355328664853257,0.8584332390623938,-0.185167248,0.6712025014233519,-1.760778214,1.6532145999865693,-0.272705877,0.4055505956006857,0.2770529687793706,0.4134805712067726,-0.383918231,-0.492862203,-0.061990087,0.1584402581707749,0.0381592917234754,-0.04380227,0.255575051890512,-1.543906988,-0.283427441,-0.259193272,7281.79,0
361703,0.0772758572960298,0.1176641917577808,-0.177684661,0.3383482016504937,-0.135791828,-0.370079797,-0.160557361,0.0214464106687223,-0.320059583,-0.395019553,0.5664964850211107,-0.68265651,-1.826369119,-0.631436657,0.5887203452088313,-0.405733285,-0.554838979,-0.14360069,-0.115972397,0.0835689930298625,0.0975101279481607,-0.121671602,-0.242783342,0.0350642163882525,0.940397801541191,-0.318378422,0.4185935253168963,0.6240589668719825,19116.01,1
361313,-0.294279353,0.2314374966711669,-0.034212426,0.1416414773006145,-0.083453193,-0.148548884,-0.112738192,-0.168339797,-0.303970115,-0.24646629,0.7043937840862059,-0.522710894,-0.92605588,-0.518276426,0.5440084449102143,-0.57022183,-0.584342799,-0.171311779,0.7384412239104213,0.0219575816771032,0.3533575642390261,0.0668090618874096,-0.048515148,0.2252151118914665,-0.219937397,-0.855898986,-0.185431213,-0.437775938,21324.7,1
104789,0.2303818460795744,-0.583042474,0.6054304396474167,-1.979634174,0.2691771839849581,0.159613024092522,0.4517903119875846,-0.198968301,-0.680657961,1.1651127231097405,-2.301585192,-0.174135805,0.0289905319185472,0.6483200559358077,0.2213755538401186,0.2355189561181308,0.5109413218869252,0.6486302383961634,0.235279183827676,-0.386307088,-0.175249556,-0.256776902,-0.318415606,-1.683947124,0.5978360721108767,-0.073796693,-0.231757032,-0.103182198,593.77,0
556554,-0.923200577,0.9653680642000289,-1.114876331,1.684534621715597,-0.663064847,-0.653922854,-0.959767099,0.7164376210803087,-1.175978905,-1.024134991,1.621949320249383,-1.397256997,2.816891129784552,-1.303466992,-0.319090894,-1.061911797,-1.018585896,-0.62120482,1.055695478501656,-0.050787369,0.3517328609167135,0.2051044596999084,0.2412720963613697,-0.923271613,-0.364652999,0.8928627415757392,-0.636360314,-2.158962856,23219.08,1
337530,-1.996166076,2.0732396994728632,-2.188362259,2.3373722400851507,-1.846953754,-1.192248339,-2.222767181,0.4372961741345983,-1.900407008,-1.872028154,2.0624849372485308,-1.668813538,1.066028768873805,-1.590054022,-0.500175876,-1.447340517,-1.320832244,-1.418966402,0.2367193426165473,0.8223390188689502,-1.120220675,0.8666600706786463,1.3960449652953535,-1.71751357,0.1280330506440765,1.4118759734311608,2.953523686567377,-3.587726327,11274.29,1
12703,-0.273464328,-0.106052113,2.8498641388415136,0.0212485134583722,0.4135182504419026,0.9547362726394024,0.4397606009532763,-0.109678005,1.1112422605226575,0.463574481567438,-0.743869526,-0.29109599,2.125124346293984,1.150486092048287,-1.327387451,0.8074889943579648,0.5187906161822152,0.1651456522448698,-1.775858151,-0.50167621,-0.168001304,-0.195944688,-0.373266055,-0.564054316,0.2688988617847196,-0.318239796,-0.566788993,0.0738008526233078,22342.26,0
311340,-0.151208682,0.3963562760812604,-0.839737964,0.4308793673044979,-0.574233933,-0.790391938,-0.393401129,0.2150754486268146,-0.678352693,-0.620736687,0.3571531991357088,-0.828386654,0.2107649318972344,-0.57302187,1.2892833518980282,-1.215105099,-0.96403361,-1.050973296,2.148725798894069,0.1253939867962633,0.3246329161339579,0.780160006741909,0.1575221635404446,0.1757642198738864,-0.252714357,0.9617065661734694,0.0123270074908693,-0.286698683,16564.26,1
344364,1.753964277057093,-0.70202705,0.0697314583560572,-0.9904878,0.036674785307435,0.3038248242552406,0.1194984755715253,-0.126445009,0.4074014872890072,0.7094133216640272,0.046663018150346,0.4082777230971725,-0.304206422,0.0232577487418242,-0.297897915,2.054597407361726,0.8769509658530051,0.3066067026913066,0.1461515316020741,-0.116877134,0.0110378796063008,0.7567194551515543,0.116651252507402,1.2311600221236465,-0.407668555,-0.25120877,-0.237635868,-0.156204595,14357.5,1
550008,1.5986133476219822,-0.039327631,-0.195100832,0.8323235638182842,0.7792965418933855,0.064526452104245,0.5302796627075651,-0.155926321,0.127461833073914,0.4247118643739715,-0.527739832,0.0496816856518348,-1.344004151,-0.530295896,-1.368022399,2.225061602848004,2.0213992023938925,1.8336739244507123,-2.031855795,-0.424392732,-0.165596334,-0.236736956,-0.032912913,-0.769506373,0.1585574282334764,0.3467473143120214,-0.207472632,0.0030971016928196,9406.5,1
363619,0.0276811523625364,-0.53088448,0.0448639331436501,-0.577333196,1.0400820497891612,-0.166607303,0.4627452535086234,-0.298675671,0.7060750292245582,0.5998334669967387,-0.286746575,0.5641687894924395,-1.801562943,1.0411928029262998,-0.368714415,0.1559511179112894,0.4682953657913031,0.9617200787080948,0.1377250277836813,-0.959942032,0.2851770789069563,1.571084371628929,0.0656558770653086,0.9238205652803336,-0.969244094,-0.474994851,0.04572122864943,-0.037059538,23513.71,1
406609,-2.107062938,2.2296734422570013,-1.920481585,1.651410923848039,-2.414031106,-0.441657594,-2.637550815,-0.472818783,-2.586239776,-2.423587784,1.1632030467563617,-1.490904357,0.5643163071993005,-1.016058665,-0.745831712,-1.606820147,-1.903805108,-2.023233355,1.023918423200134,1.0831813931068628,-1.53816421,0.7181061586238314,0.4531525525581118,0.968521215134848,-0.608864677,-0.055151038,-2.943969577,-2.11115722,4963.05,1
132435,0.286503288316241,-1.233359123,0.8661197115923635,-0.428634699,-0.248756522,0.685268889753261,0.3536901371649315,-0.104339226,1.051225081643068,0.4122116640600577,0.0564825643502008,1.602179925840442,-0.330868383,0.6919181671856659,-0.111359614,0.5217584388341925,0.4626959429343186,0.1567804964401349,-0.272979769,0.7074582908489184,0.0026488080750222,-0.201480163,-0.346727759,0.6658613829129113,-0.424676061,1.8771287243894303,-0.367788065,0.1160779587339673,2018.26,0
82136,1.03859900458489,-0.66100672,0.5850175301244903,-1.746267758,-0.109891246,-0.216490547,0.3323270066767926,-0.163534392,2.171142248809569,0.1041509121963143,-0.009655532,1.8627864090239905,-1.300569028,0.9283977497839424,-0.023176515,-0.142867966,0.5458997284039977,0.5836281848329054,1.1156491528031556,-0.36148604,-0.097483328,0.3029020489449345,-0.188878765,1.2116427250871218,1.307030642113713,-1.778318526,-0.161525238,-0.083781149,20152.65,0
14829,0.9477773293510948,-0.415201636,0.4149226942487626,-0.483082022,0.314259390057259,0.3211504009822774,0.5279330693961569,-0.154122563,0.2780975519086957,0.6249709896841386,0.044496639241901,1.2532062242652966,-0.27308463,1.206900893018566,0.3906161543575238,0.494746639487816,0.3416680282485533,-0.066421139,-0.083464044,-0.220614259,-0.228365145,-0.926433764,0.0720595632741503,-0.53472933,0.2474429570929159,0.3870613948043224,-0.306714075,-0.10348674,15651.83,0
30561,1.358247071937235,-0.804057209,0.4135818481623239,-1.593943128,-0.036179803,0.348993590945751,0.1595736382501355,-0.190580331,-0.372147176,1.3760411843518046,-2.014105887,0.053292568031482,1.006655832032561,0.4989652336604296,0.725337308237958,0.4649045822036158,0.4373767114367622,0.6018663506425399,0.0232569444936752,-0.442206678,-0.227061732,-0.45956681,-0.165320018,-1.667401416,0.887279982402974,-0.268575986,-0.204590168,-0.081971526,21643.02,0
110790,-0.250714334,-0.283975586,1.365331459632005,-0.710137433,0.7695220931514035,0.990385366804118,0.5351842625584265,-0.056494272,0.3071799144677739,0.4932382501183211,-0.264033795,1.0836995056729992,0.5872301762814741,0.7522833102694905,2.4262555279903117,-0.049659083,0.7251016701931424,-0.739899072,-1.56725625,-0.371442845,-0.146290217,0.0110330609830497,0.4063242334222043,-1.588268177,-1.067758302,0.3756774882848224,0.0233457789768224,0.2580375638009216,19843.42,0
537326,-0.404746951,-1.356916037,1.0725767684832563,-0.046634102,0.2189958102150636,0.4131539665906263,0.8139673710728749,-0.156354175,0.3804853423729341,0.4210996158684104,-0.349621434,0.2727234902540411,-0.833903433,0.4971595813366211,2.091924946899857,0.668223244862343,0.5094990554587706,1.3575992336146183,0.1135431181884436,1.3978040769014284,0.143125448263705,0.5889838408876911,1.3467635644785163,-0.235880097,-0.153462806,0.7154025107454595,-0.560063979,-0.300578332,321.7,1
326354,-0.161702701,0.4677093369821929,-0.662552161,1.024254347244729,-0.489909873,-0.642650566,-0.737230516,0.1556068324756674,-1.163753545,-1.051670573,1.0536362795845169,-1.223916402,1.2853360373819809,-1.39920731,0.4385022277890486,-1.295333694,-1.51268928,-1.367218455,0.2544456354626996,0.8809401815488207,0.3565169679533209,0.060850139364544,-0.347554531,-0.343480513,1.627869510431184,0.5713863741464078,1.642411506274654,1.5398445677842492,22767.95,1
210751,1.9211227572426863,-1.079699172,0.465128362456955,-1.589443901,-0.287718506,0.5767355310877107,-0.068786677,-0.110384758,-0.017250968,1.512826592908808,-0.221318276,0.7052392138002198,0.9962258345016816,0.3747182252435251,-0.475007105,0.5798504598831846,0.4313467281868069,0.9341472660907338,-0.311592447,-0.508914432,-0.132407364,0.1792900066206122,0.3564690838561646,1.6035087369837535,-0.984360243,-0.747871943,-0.174757629,-0.17081897,2921.97,0
460702,0.164408905530358,-0.045036968,0.6561567794341914,0.1398821339305209,0.7117405216711481,0.1574073267249482,0.6786304962354739,-0.141316394,-0.132540678,0.4383912178737912,-0.183732293,0.3590266886752538,-0.612587368,0.0958704120908197,0.1846906677942824,1.3773938537260442,0.8685435151944249,0.5114939463993254,-1.939262521,-0.387162294,-0.150421391,-0.415175398,-0.099623041,-0.146458392,-0.18508966,-0.4828078,-0.207099676,0.1901123951531985,23131.09,1
55695,0.9768422844287796,-0.384155893,0.7050433937795811,-0.197075409,0.1736115459034118,0.3612057314973295,0.4212715764276136,-0.145443154,0.5302246605164237,0.6251073665717664,-0.184586036,1.4624008788971508,-0.033937909,0.8786095256618867,-0.52056609,0.5515655827627777,0.2746892622879787,0.4151203688506072,0.0715198220872903,-0.285901075,-0.174456202,-0.429705323,-0.063087484,0.0244285080780659,0.8244809850537432,-1.267994742,-0.21038196,-0.068204969,16015.55,0
446869,-1.287235096,1.169902996738512,-1.468354323,1.7516004404029368,-1.628167362,-1.564480712,-1.521635106,1.2333323541773002,-1.545162618,-1.840856731,1.7193606627424154,-1.907694698,0.1496438817044922,-1.522022498,-1.040430455,-2.009815902,-2.094258192,-2.124449913,1.851009977385035,-0.539779514,0.717551029380981,0.0059227183260453,-0.200292694,1.2687112832957097,-0.61526412,0.1255266589893469,-0.03903627,-0.260252759,10032.82,1
89215,-0.106551792,-0.529875152,2.5564806725253475,-0.627490214,0.0283557819328346,0.7093239462779402,0.5250866490093584,-0.12623693,0.9265643009905524,0.3324700869168142,-1.135522631,0.3933945024879769,-1.077130296,0.4424806593214305,0.342809846347526,0.0660593563631659,0.6963794859164464,-0.065853447,0.5899678793762126,0.204858992710263,-0.157039168,-0.259487209,0.0735380177216403,0.2804799841111723,-0.274619541,2.116228687127167,-0.429172117,-0.459740532,14904.61,0
256010,-0.48171095,0.3181461075956476,-0.185595061,-1.082250161,0.2775965589645686,0.5214592589835909,0.1235763250169177,-0.385105721,0.4179430274106847,0.4156011259843599,-0.607929969,1.3200450135356876,-0.206220817,0.7620197403639006,-1.063226444,1.267694156051265,0.6648524048034276,0.8028570184682449,-0.03557268,-0.951501869,0.6874148889923747,-1.390089436,0.5145295212839152,-0.088724246,-0.898671933,0.1995223875654798,-0.524112201,-0.002150961,1070.29,0
445410,1.0250478252925286,0.4001514714135613,-0.742568497,1.049055882257136,0.97383650009419,-0.635590427,0.1784656315016267,-0.128466606,-0.787081185,-0.396876536,0.4539639623364709,-0.638758452,0.4163797544290664,-1.204560044,-0.5403998,0.2810222353787728,0.2449424768871896,0.4952968455940394,-1.855013346,0.162304001985386,-0.036804853,-0.560473437,-0.131949077,0.3267209067741906,0.8181947822626975,0.329233760668669,0.3573250154709413,0.6315486070987757,20120.01,1
253438,0.197833604443724,-0.046191161,0.0858505462216233,-0.741503578,0.5938043693243719,-0.152414365,0.7047272990178169,-0.126094637,0.3129376403271088,0.1647589779720469,-1.519806947,0.5607361435699978,0.7264661075242071,0.3767626119365126,0.717411471248247,0.7132538498454396,0.5868924865597019,1.0844290477073204,-0.154316408,-0.327069585,0.0187227756192475,0.8534572845664731,-0.261403866,-1.192557082,-0.491210682,-0.256022021,-0.211390321,0.047235587713291,18358.08,0
437545,0.4056324101212418,-0.495003202,0.5777127815955299,-0.727760401,0.2195841844033251,0.9032912391718338,0.139750877673357,-0.350984774,0.3813739155445594,0.5389423956550002,-0.548370079,0.9366893898423112,0.3954282691476113,0.4335329025742526,-0.587345203,0.7604543629640341,0.5734734832392301,0.3740336465149712,1.1808692823946054,0.2405614376013828,-0.289469617,0.5372609582010743,-0.240973545,-1.601342807,0.4072474069114425,1.6514622260446852,-0.284404131,0.05283316307412,21110.68,1
132986,-0.059163941,-0.077783855,1.437985681086493,-0.662003886,0.2022579778830946,-0.073166047,0.7113587714047215,-0.165913592,0.3777095734014719,0.5949813367747604,-0.858787333,0.5820981839463474,0.0855619682085521,0.7440647720585323,1.002289672256435,0.5828336850411456,0.3188086595477062,0.0979404380064188,-0.22900064,0.0692749168850427,-0.208091249,-0.589853587,-0.022405023,0.7669378370914343,-0.309805209,0.1864474809441307,0.217488308406708,0.3503614089754248,22103.33,0
358113,-0.616371765,-0.214054473,-0.028788114,-0.145842693,-0.130582509,0.3234665448803507,0.0040263849394266,-0.179360173,0.4582327370970939,-0.161626496,0.2137938267573957,-0.557470331,0.7746074453669559,-0.82250783,1.3310045840329052,-0.614308724,-0.552588567,-0.639250145,0.5918800677545512,-0.403874863,0.0273277731958668,0.4688205183528958,0.0067875736859444,-0.848999008,-0.264692451,2.134960757527758,-1.435336115,1.7924549385431268,21634,1
339798,0.4524180907437341,-0.183589676,-0.213028481,-0.581235162,0.3136516982925795,0.1289245884692278,0.1794837039726848,-0.119553388,0.0429155914757397,-0.078728905,-0.119278752,-0.031464837,0.952337911973294,-0.525703996,-0.466150624,-0.2119756,0.059120221532884,0.8154759507407835,-0.429946939,-0.229506409,-0.140723514,-0.530255547,-0.082505887,0.03630886848061,-0.117823767,0.3198297237117006,-0.072627806,0.220709176073032,8029.43,1
427290,0.5167248631916678,-0.559164392,0.1555234894972665,-0.197193926,0.2527780863396762,0.2759678932381313,0.8368785281950017,-0.220508273,0.7245580470122631,0.2934609096947235,-1.039037958,0.5115706809141598,0.0833930696011612,0.2234986778297112,1.1206126367037894,0.3164888503629452,0.817587985537376,0.747217729686617,0.217569059491626,0.4196710161497028,-0.038470784,0.1644987077172296,-0.0027868,-0.851674853,0.0811895648936162,-0.703249643,-0.278888894,-0.111703744,12294.91,1
379378,-0.209744721,0.3382413677168111,-0.453387257,0.8347156358977547,-0.252570751,0.1049871755277821,-0.571497041,0.0300543956660962,-0.765862945,-0.788903153,0.937272280376647,-1.030050609,-0.56665647,-1.202494461,-1.162107361,-1.060522634,-1.159959121,-1.047321929,0.1852146849805803,0.3994934895805017,0.348678698001594,-0.380822777,-0.307193623,-1.061366953,1.1152680416522107,0.3296998250818182,1.123021832531343,1.1086651114268071,22206.83,1
98143,0.8397413459147763,-0.605388435,1.1848374435957851,-0.264021212,-0.083032873,0.5777315188018581,0.2348730994832253,-0.101781617,1.1800618776784872,0.4778285671764887,-1.015760157,0.8161353782784483,-0.358874586,0.5668849323688868,0.5518284628222329,0.4071424776515406,0.4855321172494488,-0.03420655,-0.581927223,-0.190976476,-0.115031341,-0.069253476,-0.015209397,0.2571794053292667,0.1481078528128701,0.7492489230985918,-0.217359907,-0.016864174,16004.64,0
470111,-0.705980535,-0.818243182,-0.426777528,0.7152431369800012,2.1875512733087974,-1.58941667,-0.597483328,0.0557627543979528,-0.75206496,-0.503010755,0.828328527372453,-0.698211656,1.006511978069754,-0.871804372,1.233617061470135,-1.011363056,-0.764934735,-0.377830371,2.250970151988118,1.606597838246294,0.2750959084131852,0.0395692830756516,0.3523578644039616,-0.260585954,0.4517121526477523,-0.41740185,0.847587512497344,1.2001273133531791,13191.95,1
397481,-0.441740839,-0.014448803,0.2329613966522457,-0.199083593,-0.126675396,0.0141740538885032,-0.094375567,-0.018637735,-0.021109291,-0.164661989,0.4658305326360981,-0.517115108,-0.955718251,-0.347282702,-0.109142387,-0.4737324,-0.838394753,-0.338014691,-0.207026425,-0.135208803,0.1673946516920897,0.6727899290533906,-0.177748192,-0.061595689,0.3551145573911866,-1.146623606,-0.664782103,-0.467663247,14068.52,1
372114,-0.46889759,0.8796573813898391,-0.863239184,1.0815211250668018,0.873033010839115,-1.314411426,-0.242190386,-0.174029286,-1.442876545,-0.990563871,1.074271025096905,-1.010252094,-1.334092542,-1.476851251,-0.785340239,-0.180922746,-0.095534393,0.3754472813211933,-2.166168735,0.4606852907171557,-0.079284143,-0.202237162,-0.837564796,-1.022939022,0.1905958871523194,0.4726576332982112,0.628925638841447,0.9956143592107628,12654.98,1
109398,1.09539341753036,-0.365060624,0.4964736744304692,-0.472621467,0.2587287757608769,0.1424133629362544,0.4826536504344619,-0.199627176,0.5027795046602194,0.5624282284803903,-1.274463883,0.8410821252940729,0.9717687299474992,0.7695619749774195,1.1026077522340505,0.7641063987099052,0.2402556000469342,0.108723446631581,-0.013180145,-0.190408918,-0.206614225,-0.657571872,-0.052144771,-0.728040632,0.6207425439917075,0.7254288812211876,-0.284829216,-0.083476872,20728.66,0
444097,-0.346391785,0.068842066788585,-0.067373867,-0.26008105,0.1943786101347202,0.8460668070123253,-0.278711606,-0.627228474,1.0015756353446887,-0.471205961,0.2760968840598298,-0.721386826,0.6423559164567035,-0.288195507,-1.878903937,-0.440562712,-0.336822936,0.2032935127184393,0.2739510020958488,0.3177748312267248,-0.104057748,0.8424454525861134,-0.25177361,-0.594643135,0.0214273681185487,-0.327349539,0.2792077364641507,0.2242992284523575,17203.31,1
490399,-1.065575816,1.3990093069338314,-1.471620286,1.6039757282328768,-1.483204661,-2.17080549,-1.62658695,1.1623686664072816,-1.280891033,-1.891834295,1.927060712241229,-1.926860974,0.1476338671811562,-1.695106141,1.119544518801201,-2.033688568,-1.986222152,-1.838153676,2.435105040578663,0.3214261639890687,0.8161151936495776,0.414854702088442,0.4778152891494244,0.7635201783666141,-0.551833784,-0.45964589,-0.461315665,0.8610498102725523,12602.72,1
528409,-0.58245793,0.2223888406847434,-0.58806088,-0.248401065,-0.338794262,-0.305169937,-0.369719832,-0.069318083,0.2889539508867774,-0.752401002,0.7689675099450893,-1.027929382,0.2796142741456808,-0.760732248,-0.394417168,-0.899953274,-0.950995728,-0.693096742,0.4663100828418861,-0.254998463,0.4107571591409101,-0.061050784,-0.001022674,-0.156164077,-0.30024397,-0.425888406,-0.584753689,-1.334899766,4421.94,1
174604,-0.204295905,-0.395539109,1.834504454802738,-0.818490757,0.6907946971132932,-0.722015937,0.7888071062709157,-0.242310477,0.2576284504576608,0.3510847164218817,-0.639091786,0.6838288221794824,-0.38383782,0.7515806238484973,-0.288139731,0.2050369885505789,0.4233910788529007,-0.209394412,-0.382250118,-0.0003786,-0.191902917,-0.66463048,-0.117447727,2.0453217522257057,0.5492467173727696,0.5298995261270006,-0.496581564,-0.482319653,16945.29,0
434617,0.5961139397754802,0.3192852094073651,-0.6124736,1.1250611946610507,0.030990332468023,-0.528201357,-0.266928259,-0.020968403,-0.860507044,-0.489719692,0.5421216475715441,-0.840631718,0.6070003086416349,-1.106401534,-0.887398724,-0.620872551,-0.786610337,-0.816474204,-0.902541991,0.3073429189118895,0.0428431732843942,-0.784997168,0.1049689330131516,-0.595431906,0.1676180218049593,-0.32704344,0.8233566337655375,0.8556009717085827,4821.97,1
100785,-0.206652988,-0.537656452,0.2105250166530242,-2.166804335,1.4821173214507448,1.9187701895381104,0.1813372449623944,0.171491188620749,-0.240117193,0.3284520691144502,-0.824038651,0.1841763045086893,0.0037186166227109,0.2823829191132017,-0.486880064,2.029835211658632,0.7206017677123139,-0.051194315,0.18672692903759,0.1249322048338697,-0.07896595,-0.400959519,-0.174685309,2.027708477164012,0.2868252126883881,-1.115777851,-0.258240025,-0.195098166,6346.24,0
374149,-0.474733531,0.1355450840674947,-0.014580728,0.3781851158022702,0.3919291661500215,-0.175385789,-0.644283601,-0.631476717,-0.047653189,-0.419482752,0.112242577917632,-0.334281035,-0.124498121,-0.619483862,-0.284328198,-0.712913829,-0.298041376,-0.530908189,0.2862778848431213,0.4704511595067777,-0.190139665,0.5798047613507632,-2.288617742,1.2995644760431222,-1.261685989,-0.667661531,0.526796819358487,0.31257868988899,22382.28,1
118703,1.0313248319562311,-1.011163418,0.3966857030074057,-1.384748153,-0.124299833,0.4466322447735172,0.1926086228414815,-0.144806747,-0.416344208,1.414689957466549,-0.236767003,0.2354859290371585,-0.878182932,0.7672750453811428,-0.728060453,0.0272877364611824,0.7726666717202196,0.3195800896102053,-0.146483931,-0.380016332,-0.142416574,-0.1138823,-0.217440199,-0.532812928,0.8120380404844784,-0.076878397,-0.238928632,-0.077010009,16824.22,0
403564,0.9928115113254272,0.4775138990881774,-0.790926421,1.0954352847436977,1.0293622133720777,-0.938986877,0.1910373794361873,-0.126972172,-0.851486688,-0.501613426,0.7870309186372915,-0.685552512,-0.063380656,-1.339343857,-0.116373903,0.6382421318819315,0.5828773871985553,1.0974005892498626,-2.246160597,0.1772709123649309,-0.06203616,-0.776648346,-0.06449606,0.7370851741049219,0.5609125940132856,0.1435575881135076,0.3754218025263047,0.715101716620548,6848.92,1
13455,0.0406072768771722,-0.120394534,1.366361606747449,-0.518047256,0.2863629797206969,0.1690878766903883,0.5776191646960404,-0.126678136,1.369067955230436,0.2842989750742905,-0.298807729,-0.550250109,-0.46713583,1.847104427629657,0.7332998106100452,0.5728536748299916,0.904673941307965,0.2935486957770885,-0.783636942,-0.269951826,-0.272139777,-0.863917974,0.0337847530474519,-0.15133658,-0.61370011,0.1742556742820471,0.0245915784647464,0.1021016090493591,17241.58,0
143539,0.9760281464894446,-0.457945562,0.8294593299100146,-0.238883151,-0.028794104,-0.079663335,0.4082638291753135,-0.173928632,0.9005629758391585,0.5297844927962518,-0.998214726,0.5992682729049786,-1.195339525,0.8048908579548765,-0.161253671,0.2877208680199817,0.5153735986748728,-0.065223073,-0.129828585,-0.343640752,-0.190594949,-0.510166126,0.0318563492767421,1.572150406395817,0.5238034810262585,0.563886379049685,-0.274205283,-0.060726119,13419.54,0
273255,1.1511079388611531,-1.16093273,0.6346178687630648,-0.343739422,-0.072489977,1.81386972090106,-0.026549115,0.0703599325904385,2.420820171995021,0.4554659111918247,-0.68274857,1.6790594766673104,-0.679664666,0.3129335989943339,-1.326831532,0.1590642294335573,0.6172719707119642,-0.026208294,-0.565996029,-0.098156395,0.0052822641211559,0.9050430006633656,-0.020088425,-2.426128403,-1.059814544,1.4816748168669436,-0.174012488,-0.171947664,16781.44,0
89602,-0.096731518,-0.317944531,2.402694512530108,0.2392964059473551,0.2622057711907998,0.9286373681123142,0.7601466421803547,-0.195225468,-0.054169535,1.1515609156292106,0.1605303718837736,0.7497324971964135,0.0422172965409951,0.6117986252729071,0.8762306195985838,0.6478757556534589,0.2793511756905486,0.4172251156397672,-0.333886948,-0.022133149,-0.093832867,0.3040558132981704,0.0145435432985512,0.4396945139718475,-1.321958422,-0.314822831,-0.444975401,-0.88935661,15559.17,0
411247,0.5983807306792039,0.4002595427880044,-0.726121452,1.1522764918978494,0.2471512136632728,-0.462646316,-0.242245461,-0.002627594,-0.967730399,-0.591076019,0.9622890031486612,-0.811022475,0.6221923221963296,-1.281304374,-1.20218651,-0.447229364,-0.62972783,-0.424387733,-0.952612598,0.3674277006891336,0.0301908626500727,-0.841614808,0.0119628640036667,-1.301936489,0.2577465772712458,-0.200808984,0.8330321258117235,0.9033822716406312,1731.54,1
413370,-0.202855731,0.8816079537271376,-1.047830806,1.5235224875159024,0.2068258223393603,-1.270231677,-0.327420519,0.2395281905220987,-1.324954949,-0.782814623,0.9472942073440892,-0.953653714,0.763479307275412,-1.513094969,1.1295817147375826,-0.369861765,0.0298628424115159,0.4802021902457722,0.2267970679629008,0.4487934449495747,0.1048413281370649,-0.529058039,0.1560943242319936,-1.227711697,-0.047599997,1.0978565679699677,0.2456849050208003,-0.192393349,14829.66,1
500694,0.3764283961537472,0.1450142993520258,-0.268537133,0.6441577841075281,0.0549846159694155,-0.17500223,-0.111617424,-0.018082196,-0.56232922,-0.297974882,0.7534765050783134,-0.575060123,-0.771922984,-0.768364903,-0.302688668,-0.209301919,-0.466725774,-0.061528268,-0.396134324,0.1683499370318561,0.0207123834327491,-0.491574068,-0.212794615,-0.455729934,1.148992829260672,0.1780056329489538,0.4694137625925279,0.66882369950065,14662.83,1
210614,0.1151570327616031,-0.557095967,0.3967414807649307,-0.554125022,0.9328382561026748,1.0229820155696645,0.4074212930779947,-0.089090953,-0.479767701,1.1177561004600332,-0.276855222,0.615905681999502,-0.148430557,1.202612573472654,0.8935211937877321,-0.77000897,1.113110367079964,0.6454152171739129,1.0934761263871071,-0.290852388,-0.153694343,0.2010255362415353,-0.101603541,-2.470831669,-0.880945147,2.206690661617224,-0.029839564,0.242846559308006,13369.6,0
387441,0.048967948940666,0.4418284113930756,-0.361339583,1.1016930314181947,0.6372494046222793,0.1559363865203132,0.2837815909428423,-0.016314756,-0.922121426,-0.104880389,-0.173279578,-0.508166478,0.3015460449168479,-0.7895081,0.3396021979823777,-0.015473693,0.5220408004794429,0.6189128482796177,0.7556090555992042,0.3306390179715187,-0.058524586,-0.49552814,-0.239132111,-1.663840714,0.4380415566714061,1.0964668708070526,0.0515984848999682,0.1975032752977032,14121.32,1
61897,1.1124900272407496,-1.055806523,-0.049351117,-2.034272551,0.7456161407172018,2.112533076232442,0.1168530564806888,0.0006157369242359,-0.44945271,1.3460243823560152,-0.937208669,0.1659855622762198,0.3994124598667004,0.6045707849835588,-0.244878214,0.1392113343582047,0.5758702618822085,0.416035490622039,0.108138744057078,-0.13311486,-0.178742743,-0.446738515,-0.25516293,2.268598303922114,1.255568042354892,-0.129383991,-0.243580339,-0.040971301,3507.75,0
200372,-0.273495685,-0.244165528,0.6353157902834418,-1.098494268,1.2714864021111374,-0.161102317,1.8499779659405056,-0.657858344,1.865933315372128,1.9688427886839608,-0.897663213,0.3930795280443301,0.1116730381724343,0.0598585472425641,-0.537501304,-0.197013198,0.1254453006412823,-0.124020492,0.0295864586605255,-0.427843417,-0.201266652,0.789537471681536,-0.225507066,-0.092866948,-0.945964949,-1.91579131,-2.706843731,-3.85915784,24033.15,0
285995,-0.381898223,-0.151649943,-0.479897307,0.6061690440375871,-0.580882625,0.1744190430918042,-0.218822505,0.1197826619999677,-0.668024077,-0.790326136,0.9498462895710305,-0.859788598,-0.515393876,-1.015595706,-0.366596896,-0.907807632,-0.860071978,-0.558024569,1.3664539090596175,1.5177593669553364,0.293257444628688,-0.108968133,0.307009145255102,-0.387117505,0.4008941539904803,1.867010607789121,0.6344357939292223,1.0062968457252657,12339.02,1
203044,1.7207769724773987,-0.926734245,0.4987802565716977,-0.858225789,-0.179235643,0.8407531772970579,-0.022580288,-0.061658569,0.890307060603196,0.9921149561803648,-0.59446817,0.7712052522273107,-0.245230011,0.5859403536769999,0.3688596303957589,0.1726045852365599,0.1988568308962511,3.07545017080161,-0.934063363,-0.739447389,-0.138629198,0.1973741915809178,0.2240691214619184,0.6265353042979146,-0.829758151,-0.709177664,-0.14640557,-0.15086909,5686.28,0
107414,0.976592082884388,-0.895548335,1.598773745936246,-0.658197241,-0.366940978,0.6833147430841209,0.0166218030110307,-0.066988336,0.8414888728504081,0.7951323978505049,-0.458518258,1.3937694534068978,-0.59545814,0.3197524101417854,-2.252208282,-0.304212196,0.6864952735233018,1.235864235466868,-0.07403895,-0.699039209,-0.322580766,-0.653424594,0.0785504931447608,1.2376380686432853,-0.001900635,1.9856198453726897,-0.225891397,-0.066651989,11515.88,0
551764,-0.753002319,-0.689043591,-0.161498318,0.6705088053169306,-0.638387012,0.7438404095443608,0.3230595129956028,0.076495341563444,-0.584386449,-0.421085514,0.1945839802519215,-0.630276923,-0.698876504,-0.414694497,-0.613393269,-0.653054102,-0.738214087,-0.945555604,-0.846735115,0.8082811641632109,0.1840990035325196,-0.175226112,0.7028080577609045,0.4032815343964755,-0.20808315,-0.384621969,0.4066270229706631,-0.378305051,9148.45,1
16507,0.4737839041653673,-1.033634179,0.910368693260662,-0.466878103,-0.175436844,0.7564003566651986,0.29458332023607,-0.086207879,1.1855975029528043,0.4188643034028758,-0.09315365,1.5338946822811037,-0.623506149,0.6323968447334084,-0.709611823,0.3817381396163415,0.5154978329883263,0.0508346340981206,0.0356862296490407,0.3675815769775435,-0.088200338,-0.407943959,-0.209296737,0.2153065108693667,-0.258044027,1.8473608069515075,-0.335381882,0.036622871553842,19118.9,0
175132,0.2263730200305843,-0.165909636,0.6289465508611265,-0.92931766,0.4217085169285217,-0.212827044,0.8424358116958625,-0.19905659,0.467332066115284,0.4374845644361528,-1.282602019,0.7132899521985263,0.092805400148008,0.7635169372256778,-0.472324411,0.4087801065156193,0.3176129654460564,-0.102380049,-0.289434985,-0.206525886,-0.20942581,-0.54613118,0.0443016040047747,0.1132671949932536,-0.859021596,0.3223593719213944,0.0591333102233397,0.1350605058545356,8214.66,0
198791,2.006735117916031,-0.705017086,-0.047168841,-1.202457959,0.1631009768898675,-0.03713241,0.3102012820258735,-0.219825089,0.2268226294310758,1.03991312931456,-1.325475493,0.1710347997888454,0.0599292335720188,0.7313571141453228,0.4468787916274251,1.2702346353120824,0.4503089323202384,-0.274826667,0.245336756730827,-0.1735884,0.0555336349259995,1.0753982877342878,-0.036955173,1.1213168318889415,0.3342496218381279,0.1336506853733159,-0.290354905,-0.250401672,1495.39,0
312619,-1.181403697,1.0152651384869216,-1.157171459,1.6545298768498045,-1.379194841,-1.281859715,-1.527163527,1.0521613300784751,-2.037511822,-1.759615829,1.6504180148217749,-1.70311889,0.794731144640917,-1.740304827,1.1853572851416587,-1.999461554,-2.249258543,-2.114469943,2.158930164785384,0.620559480988403,0.7770651011958506,0.6900814275497912,-0.249871488,1.0847532771891015,-0.070311002,0.9121119605434695,2.0906110305088745,0.6585212107710787,4193.07,1
175714,1.8127836895547524,-0.450804159,-0.18521666,-0.691072527,0.5305339391876477,-0.211477907,0.6686983696197415,-0.227296038,0.5293847021464725,0.6885845652528144,-0.128041839,0.9633428460341718,-0.976809772,1.552724414552648,-0.252298772,0.2535775656554407,0.3014996188845556,0.3683034473034225,0.1163902441116704,-0.407081421,-0.026341196,0.4962612523991749,-0.038158341,1.7434429978094503,0.5624641932873193,0.4268035273070876,-0.352391349,-0.297033495,20097.47,0
65616,-0.260609967,-0.716961783,1.0504693935459868,-0.797537103,-0.055394935,1.0651553494274186,1.303913284438636,-0.147624359,-0.228157598,0.4178348217316938,-2.192561903,0.1704905163403082,-0.499725879,0.6584958118918605,-0.716755458,-0.251455807,0.4445309056872198,1.1367498994809475,-1.513359635,0.1754536162111054,-0.193970895,-0.772470911,0.6448821191224465,-1.462930971,1.315651601948888,-0.850928871,-0.322003727,0.0996072065202999,3653.09,0
266615,0.2202986358145114,-0.593380264,0.318069978513338,-2.621306471,0.5721854958728773,0.8324896392976494,0.4329758366977675,-0.120926305,-0.712861936,1.1941224204528518,-0.209601398,0.4112534557585553,0.5479195080417278,0.7636656985885061,-0.458630008,-0.075817104,0.6771012997440403,-0.187307705,-0.967217801,-0.699847886,-0.124701029,0.2200139896108242,0.1445229916548508,-2.59240167,-1.959933572,-0.962526315,-0.070873564,0.4178945031273333,18793.07,0
486009,0.9040471958545692,-0.152209505,0.6079027627358834,0.4487784212520657,0.3581804670763533,0.3457621650841765,0.4366265785647204,-0.151948595,0.93570681447909,0.3807876466055047,-0.041854233,-0.259430861,1.093268486886283,0.460215617371396,-0.949469189,0.7770494570568877,1.476353539484407,0.295337026800454,-1.615101132,-0.379862261,-0.266385857,-0.719420808,0.0360486210408913,0.2162641349101926,0.5243937572064976,-0.226045548,-0.222757685,0.0332540983068895,753.61,1
45719,-0.023012134,-0.560284934,0.3189242446513834,-3.019885268,0.8903774577919996,2.051682522234354,0.1184370600870501,0.1493911024929282,-0.727615304,0.8928652357885845,-1.076240837,0.0800874830818203,0.4729443967879593,0.7116826902890293,-0.007302565,0.5959710601091306,0.4128302564611381,0.7204347298397014,-0.60080352,-0.504675126,-0.14980217,-0.325753435,-0.112948999,2.1428348319414154,-0.105524631,-0.922172551,-0.231541689,0.0030897868679185,16752.34,0
251014,0.039259806108294,-0.039655623,0.3908459424941433,-0.583779721,0.4943937443093342,-0.193125274,0.8673729894457148,-0.222063072,0.4464415290117612,0.400114562780398,-0.912519361,0.3303331013431729,-0.287446647,0.3632160454520869,1.44782522618311,0.2839419329001452,0.7377575649585294,0.88537266502015,0.1887380469271121,-0.09292516,0.0102156987045091,0.960327587365683,-0.315287087,-0.099718011,-0.450960941,-0.002575542,-0.004077922,0.554623757704302,892.94,0
29052,-0.246784999,-0.553301431,1.2636535854392523,-0.448644229,0.596070144158417,0.5441046365171448,0.7227983531921293,-0.083606255,0.3103334727401056,0.3507022468970389,-0.381629963,0.7734140492537656,-1.34229674,0.9309365753279588,-1.298773567,0.3408989708257913,0.3501397254814338,0.2802937558257599,-0.661644429,0.068779180651327,-0.039936337,0.0283939785874623,0.2059439920236091,-0.596904913,0.1854937085343282,-1.219231637,-0.185357795,0.2164112189642119,15784.62,0
453929,0.8118609825951931,0.3728763935733019,-0.487485,0.8570986803245125,1.9157530242264829,-0.688734476,1.1744229625645468,-0.219897914,-0.767186675,-0.017421043,0.800216440304133,-0.036250012,-1.312693325,-0.934742022,-0.340917993,3.019410594863948,4.30673842152564,3.4549178223324697,-2.832511542,-0.1982209,-0.145338871,-0.266465854,-0.516251206,-0.728227352,2.1019234871167134,1.0858228991735774,-0.23688419,0.2756748700824296,10342.49,1
125402,0.530247053758491,-0.750709159,0.3762144813379914,-0.313354269,0.0308191584140499,-0.096600391,0.7077192829419473,-0.202773452,0.2868245686163445,0.5911895432451744,0.1078186848634896,1.068724611869886,-0.864380456,1.3532896647050467,0.1643169384088587,0.6296971683374271,0.3288790375978281,0.1481653878969492,-0.027388915,0.3639330852288648,-0.154114204,-1.104426698,-0.148925437,1.1279911396906763,0.0397261309541926,0.1845525015967457,-0.389487644,0.0398276782204973,7669.61,0
267938,1.6185690856902863,-0.410922914,0.0333587303280619,-0.158397871,0.6425288864869676,0.7347635884139967,0.509804867462347,-0.13823971,0.6086045777575771,0.6351099235731299,-0.673822793,1.4754619193711025,0.6237347137739222,0.9431779611308728,0.6950253271034282,-0.102393937,0.6087968955405395,-0.648981803,-1.464235833,-0.516520709,-0.124744197,0.0882850821532735,0.259844659029292,-1.719689427,-0.249503522,-1.7316448,-0.169858709,-0.242210822,12521.32,0
242573,-0.722576409,0.1224960088516808,0.1792227353139025,-1.378776732,0.2032090076581997,0.9364364895741328,0.3518229937333421,-0.318271339,2.6467527816759846,2.1175974232438133,-0.807797243,0.7083299236756931,-0.596280239,0.3369208921377594,-0.419483398,0.6957750517055028,0.0943631555298059,1.2717728058563589,-0.108765958,-0.515813177,0.2727660979836914,0.8882504371914842,0.0719995687125482,-0.274908631,-1.171038915,-1.487632004,-2.238490722,-1.037290439,17276.05,0
147233,1.7768877843369382,-0.93562961,0.3848657749243567,-1.445212961,-0.185556034,0.3940822668390046,0.0731851473951193,-0.150515911,0.919663136531214,0.7291505419576745,-1.198371099,1.2465685795043475,1.7086730614452776,0.3950603214661036,1.035433794049844,-0.08211953,0.3483284656006037,1.356955655251414,-0.827187955,-0.553361844,-0.222023318,-0.274625005,0.3618612939461393,1.530940591180017,-1.125704143,1.067442406413818,-0.228240638,-0.149107664,9149.23,0
73433,-0.112288704,-0.164908568,0.6219129581765852,-0.182820267,0.1066693563599765,0.4449107863447358,0.8618397795382317,-0.071160838,0.165960129815013,0.4202895453360372,-1.071200108,0.8962731828140663,0.2883443193860742,1.0098349106672613,0.2608351116622789,0.0136152924295921,0.6349204294849116,0.0004952947982191,-0.003957886,0.1759646193081089,-0.003958091,0.5792843647580582,0.3493723160541743,0.2115627755357077,-0.622842315,-0.71305958,0.1144344702304977,0.3934878764918962,19818.99,0
305501,-0.92206007,0.2469972909850176,-0.542617741,0.3835636113981388,-0.854726488,0.295116560092631,-0.359316181,0.1691019607182317,-0.199461102,-0.517861668,0.6018394020082455,-0.992098167,-0.507188115,-0.9133647,2.8782637524623325,-1.040535144,-1.041490405,-1.017509706,1.0906154356301725,-0.667120527,0.192098409947345,0.7184037450487839,0.2276678835475308,-0.282843056,0.083891869969171,1.117289148894491,-1.506745759,0.4692853821890975,16116.7,1
491106,-0.462852457,0.3707935113074634,-0.492912776,0.4917960572282291,-0.443488001,0.1851939011009682,-0.181691905,0.1243945055923436,-0.545769622,-0.670665903,0.7895931389027999,-0.979497673,0.0398582744977707,-0.830908311,-0.507761267,-0.925845308,-0.952485848,-0.784190423,0.7791390915129615,0.2742558328146651,0.1135780224641348,-0.272248773,0.0480866969009314,-0.97858818,0.0407267645422499,-0.607394026,0.7709226078403861,0.4197128121542511,8856.22,1
187411,0.8800590800663807,-1.070792771,0.2247489675742129,-0.010911009,-0.100864868,0.4352349339690265,0.4072371719206439,-0.142733793,0.9889504415626448,0.6927727335200129,-0.220767166,0.9822452859456056,-0.826892333,1.0137161706977968,0.2720486327525608,0.9629473244419772,0.1921525555759338,1.0681552066318951,-0.849193721,0.4082560709739664,0.1074554838682542,0.5811088417642347,-0.251061125,0.0332198113698651,-0.621175565,-1.578612307,-0.273898832,-0.018341758,21973.78,0
1861,-0.422500752,0.0461241977820067,1.0729124964204766,-1.089857676,0.1382028749404105,-0.026344216,0.6054656557730617,-0.093827404,0.818628799931951,1.0193496098501953,0.011710085737108,1.7159858958948802,0.2811411926666533,0.5973465989428595,-1.029820159,0.5101590458118416,0.2972484342238831,0.1484375953169022,-0.30166496,0.1943378445424136,-0.221080802,-0.258968698,0.1068729799949743,1.1781984222323585,-0.123915602,0.5696629188790688,0.2177414221671293,0.1125143342668964,15299.36,0
120232,-0.146011239,-0.224419373,1.811393960429367,-0.909792613,0.4237102405959368,-0.113327857,1.0304712994012728,-0.236859518,0.1654691559937245,0.2348327669040174,-0.673981605,0.7357008990265282,0.8260185873829674,0.3585862896927942,0.322990135623769,0.9242200748469844,0.3002651220811728,0.1280857444365963,-1.106778479,0.0899518874105236,-0.19088246,-0.694422824,-0.034167034,0.719859902371992,0.4097866082908312,-0.1398884,-0.468250992,-0.443810718,21053.47,0
383998,-0.287746686,0.1827681679583941,0.0482819338507164,-0.144449738,0.1281207413014566,-0.337107812,0.0090025417735423,-0.270532941,-0.142223421,-0.28736763,0.7452248152159154,-0.548813403,-1.135602512,-0.645528871,-0.302937307,-0.447245387,-0.644759614,-0.208219895,-0.465195733,0.1151426941052062,0.3333329614322183,-0.078854469,-0.265746049,0.2082474101075171,0.0233846980272681,-1.409613163,0.3703343854074239,-0.162237905,16786.39,1
16978,-0.230274697,-3.026660614,0.2644062186659263,-0.894056822,-0.591314161,1.1571278472204658,0.3881210026963478,-0.145039214,-0.258309706,1.0423546312404617,-0.317062241,0.2823412479185853,0.5237008010725641,0.6064791999079805,1.1626535943563547,0.8540443790276129,0.4442299422908428,1.506654733826987,-0.982663963,2.1894137245393908,0.2548483536199581,-0.092273809,-1.256336014,-1.253135397,-0.585444464,-0.272876705,-0.425088991,0.517980962640833,2635.01,0
465238,0.7850485416406695,-0.031089464,-0.621139953,0.1792122664142361,-0.047789596,-0.855512448,-0.166707114,-0.066571878,0.0720679728841685,-0.603070937,0.5246760278167392,-0.685997363,-0.946584448,-0.91843373,0.3513487466140214,-0.589826239,-0.476537425,-0.358349904,0.131541869042711,0.2683481471743421,0.0455030466166025,-0.474549712,-0.012508372,-0.199665072,0.1809430320097152,-0.328989627,0.5706175880533811,0.6635930892385707,23564.39,1
305054,-0.942538998,0.1678301217507523,-0.574379627,0.95654332871491,-0.946113033,0.7134793554076287,-0.457824389,0.3012688429406812,-1.156329822,-0.851503013,1.219723316623355,-1.139088108,-0.025668806,-1.0491828,0.7553136237916344,-1.276171429,-1.497301535,-1.486098967,0.5282793644936156,-0.852263745,0.2318433306339966,0.6919188594741928,0.8369402798042495,-0.188020049,0.1066327483754708,0.2532891843529852,0.8940362182215362,-1.606756308,21232.06,1
224946,1.8049448367631848,-0.466154258,0.0883235270824815,-0.448113721,0.2051102965893606,-0.246735624,0.4944108031245006,-0.22401645,0.8686189430690477,0.6320054716107498,-1.20235208,0.8597087247744085,-0.00075616,0.8796177042732589,0.0234620863851626,0.4180579079486295,0.3473617262369794,-0.139584387,-0.069452042,-0.403364848,-0.223506228,-0.676905757,0.3221189647945674,-0.016858084,-0.554834704,0.456959454157794,-0.318538438,-0.247463393,13248.12,0
567016,-0.288612925,-0.53052417,0.0960618271758343,0.3881103759430215,-0.164546371,1.912224874680799,3.521643956375293,-0.513633426,-0.089672757,1.4781817590138462,-0.211112584,0.046089907415729,-0.069733453,0.1758696831271339,-1.506178735,1.0869073983661306,-0.149628065,0.1088466161302199,-0.979664688,-1.753005316,-0.458613256,-0.071089956,0.5886349136149092,0.4150717255674637,0.0811781467470433,-0.757743168,-0.699382523,-3.663396188,6132.54,1
522334,0.0982531575452957,-0.075764487,1.0791917203466088,-0.275455298,0.4328933580972774,0.0149359185148478,0.752384265847301,-0.197630154,0.358695452361569,0.2943548306929838,-0.354148613,0.2677696431374795,-0.888912831,0.1070871118103585,1.564578225984686,0.552083099443523,0.9527278442160249,0.6021838093401283,-1.17175852,-0.245179022,-0.063923443,0.3746993416802057,-0.278218108,0.5894040833687321,0.0943021933940245,-0.758421574,-0.414817244,-0.350557243,6790.4,1
433366,-0.785714787,0.2636440832216138,-0.537879872,0.5989052897938485,-0.378898334,0.0626856942514139,-0.37067026,-0.083494189,-0.370589025,-0.122904905,0.4641857265089482,-0.790938895,0.5264838542088444,-0.737235102,-0.765200832,-0.949021912,-1.165761027,-1.122203299,0.0419424551692331,-0.84426642,0.4317502519025517,0.6791134459305781,0.1526522205500022,1.159662846221536,-0.912788731,-0.503328428,-1.305942897,1.8022599530086,226.91,1
493232,-0.084448034,0.184590566657226,-0.332024146,-0.412916819,0.5704944356917242,-0.30671413,0.2343729082879116,-0.023099638,-0.386695067,-0.400033027,0.4161401640188686,-0.242074593,0.0488757913266213,-0.531743446,-1.055211616,-0.153245737,-0.207896466,0.1702953609700033,-0.024392872,-0.001267053,0.0570051065911134,0.0968034590602258,-0.369255628,-0.051295925,0.5009258816799542,0.784112861254513,0.0933260885249842,0.2926133556807429,12929.93,1
346976,0.0478251183583662,0.0286138744606091,-0.453699968,0.1789784918981186,1.6892448331836674,-1.183063355,-0.573262727,-0.451166267,-0.086936369,-0.308375838,0.1300124509776606,-0.442989409,-1.24632145,-0.55080526,-0.367964796,-0.523985324,-0.230254729,-0.298747441,0.1663904679506506,0.2844775947454451,-0.283129534,-0.217986804,-3.654389001,0.983893500670118,-1.523080641,-0.462578749,0.6460986654615977,0.8566594550566274,21895.46,1
182509,0.0213539969845206,0.0435986854604358,-0.02323215,-0.233624779,0.924172738978372,-0.107283936,0.959845577918886,-0.14362543,-0.25871084,0.4260225043305028,-0.183120284,0.9865070053629664,0.3256611711483947,0.7027481013845503,-0.392072209,0.3414381361770112,0.6822664918425627,1.069312005874322,0.3887010972214295,-0.327023304,0.036369443761976,0.9379498901398748,-0.172186247,-0.79092248,-0.632450781,-0.981871493,-0.224540027,0.2947194953664084,18916.6,0
52302,-0.268870499,-0.384938146,0.801381051785944,-0.050087404,-0.023645934,0.9899884647459904,1.135675876504161,-0.069248991,0.0163845305518131,0.2580126603432738,-1.407191114,0.98885699593831,1.0274187766021083,0.8157866617378324,0.1656152001963682,0.0271137941104144,0.6487691885475267,0.0631632212118629,0.497811323896101,0.6551814634041299,-0.008785975,0.0874759492840445,0.6483296348175263,-0.734559718,0.575387603396418,-0.396016493,-0.350713093,0.0439135556729564,12520.32,0
397288,-2.459141149,3.326970220195924,-2.476250874,1.7858636066810814,-2.82898223,-0.276047953,-3.424997662,-2.207019732,-2.787200935,-2.926960643,0.9936592720641512,-1.424400036,-0.644954887,-0.435814301,-2.259985593,-1.325535755,-1.422966663,-1.608957157,-0.719431495,2.477712383634667,-4.328204022,3.653956365194997,0.930769460064368,0.542945988898742,-1.236160934,-2.571823792,-4.947034458,-3.337477789,18120.42,1
565899,-0.492645848,-0.583645367,-0.342937654,1.0142829798096866,-0.216791799,0.6304243390728611,0.3908163744334596,-0.171124697,-0.201004569,-0.015829164,0.5392703064846028,-0.841199274,0.9263971571989402,-0.325460977,-0.113564879,-0.684410751,-0.512666908,-0.612014426,0.9531172923315118,-0.41208382,-0.09680454,0.0121120636641928,0.6990414241967512,0.9862523614636178,-0.518218949,0.1123277105211871,0.9711234513497268,-1.266903117,16453.91,1
527387,-0.387195071,-0.056112003,-0.651216525,0.7588799752238555,-0.560643086,-0.183352612,-0.385146141,0.1260832868365482,-0.915775526,-0.964178298,1.2120837956510444,-1.041748339,-0.384618558,-1.239277115,-0.280556171,-1.036941177,-1.08726278,-0.794686247,1.054200711410799,1.6574603791468476,0.3383584377680639,-0.339760906,-0.096080391,-0.48104182,0.6587469723139987,1.9785238510150536,0.9486075953442348,1.3157504189334948,278.86,1
127465,0.8809520055025445,-0.503089908,0.3285669330232987,-0.53739836,0.1554986583011448,-0.35396306,0.686695474109199,-0.255768503,0.3427955837871708,0.5310821392623322,-0.687379825,1.0110485930121829,0.7959972130506809,0.9281046156307272,0.7911744174178287,0.4041392739075805,0.3792259001999874,-0.098211415,-0.151205217,0.0804260438044275,-0.086840827,-0.162666075,-0.236103789,1.065186257575112,0.792292854634221,2.076261232386772,-0.387485505,-0.061708383,18616.63,0
58422,-0.571343343,-0.99990769,1.1073689722505344,0.0943951948358609,0.2190659070246923,0.1902739174356145,0.7388303009064344,-0.229728738,0.8974757286351738,0.6992208975185518,-1.41027687,0.2224437828073312,-1.546510466,0.636135276899784,0.3779685651368357,0.1408675670227135,0.556037687406681,0.3457012383454719,0.90930516281465,-1.649630834,-0.264072942,0.3741592194784099,0.7996104249806415,0.8878860353730573,0.3187388983329348,-0.362037748,-0.167871508,0.76024043210904,5718.24,1
171453,1.642458259487862,-1.334981793,0.2808168475003876,-1.59527289,-0.27225501,0.740937993646097,-0.022263296,-0.12140118,0.0409818495751557,1.4701798290335593,-0.785375442,0.4489672394191971,1.0389998232034503,0.3756887278736225,-0.339353068,0.8530820265602791,0.3140953074280239,1.3637972384105106,-0.040668488,-0.147290162,-0.104921727,0.0315048599032414,0.0075718384713236,-1.803011479,-0.886209888,-0.469231418,-0.206986785,-0.141877958,22880.29,0
467513,0.7729792598984122,0.1920344518562719,-0.643057908,0.6856504148995802,-0.234315346,-0.803966422,-0.357435138,0.0602955437261535,0.6405184511071839,-0.551738368,0.8618659625411851,-1.103967869,0.3836896379630234,-0.738865841,1.9304837021868668,-0.606372164,-0.067746112,-0.025940689,0.7962659621069167,0.1125426079132271,0.0572892158598874,-0.079948494,0.729262092422568,-0.162826974,-3.08440311,0.7722913759003691,0.3338008897900799,0.031531774103907,3331.16,1
285624,-1.704516521,2.599199263414968,-1.205390552,0.5035268915774673,-0.94967396,3.226002264832025,-2.323094936,-6.027711908,0.2733890173381638,-0.698893089,0.9902737999824864,-0.707780298,-1.89197721,-1.183117215,-0.287686755,-1.230970688,-0.722382799,-0.990629654,-0.169995932,-4.118596471,8.087080028016498,-6.450353018,6.343132317756874,-1.0750483,0.3498809024854172,-0.240261075,1.534445136055664,2.1541018884187397,23719.31,1
187202,0.0037521143885541,0.0105419241280245,1.0530178046613643,0.283398238312219,1.3707273628962509,0.5787402557064489,1.2835396320178634,-0.280840137,-0.388690768,1.1839437166341629,-1.760388196,0.2578778888136429,0.1924828721963019,0.5791006106917951,-1.630660897,0.5632008780867019,0.1914420533004989,-0.051955048,-1.323231596,-0.200055721,-0.130815253,0.0412473256558643,-0.480376527,1.226807459742511,0.5438471942829436,-0.118048057,-0.664373946,-0.893308137,14460.43,0
121199,0.9153881618799092,-0.725627279,1.3090927464640016,-0.329234652,-0.256678377,0.4529412267791915,0.1276383499156189,-0.094581251,0.2497444586662648,1.0517964251661047,-0.221090227,0.6563042412433648,-1.133848018,0.7715812826807403,-0.18787014,-0.005220537,0.3630552608666372,2.216291037097209,-1.083333262,-0.698339463,-0.227097263,-0.486979839,0.0456791977260066,0.97515333328343,0.1516349387282816,-1.04488323,-0.15837566,0.0016296908969231,5413.5,0
456158,-0.54428323,-0.026652276,0.0925280683594616,0.0542107320246995,0.0168558128683193,0.0312271007687737,-0.207496075,0.0938396447990725,-0.118649153,-0.458263234,0.4732065460956379,-0.244866582,0.6515720387924242,-0.671677545,-1.689052343,-0.478089948,-0.565234734,-0.295092183,0.0604865701190487,-0.131712751,0.0993345886447243,0.1629286128153688,-0.723271842,-0.208692175,0.3313904699670824,-0.992793883,0.1941756471012765,0.385127078973289,14856.45,1
339074,-0.918223346,0.322690907021272,-0.632685491,0.2860071791380439,-0.715935246,-0.072241047,-0.299213232,0.2367960585977471,-0.751594499,-0.184969604,0.3878633187489206,-0.580676044,-1.414157751,-0.119293314,-0.883548662,-0.213567084,-0.712270888,-0.739900263,-0.014987289,-1.59871844,0.3173676943820439,-0.789183598,0.5557778541001889,0.2407681578451336,-0.634204183,2.8051740691988405,-1.375484144,-0.320858993,544.76,1
217798,-0.686471684,0.1793710585012929,-0.013864582,-1.644311262,0.3408076993303101,-0.483653599,0.8297573549238014,-0.184198774,2.5744678205114737,2.7250077271625868,-0.134077403,0.787819697515299,-1.265593403,0.6221696006047363,-0.259564991,0.3245387264387614,0.139687552518154,0.6878068193257811,-0.75436244,0.3652946355370197,-0.18740033,1.2233355511330664,0.3687467699501883,0.1259388371163327,-0.1028882,-1.475583574,1.6666156910262726,0.8224735142480439,5256.47,0
341144,-0.527126357,0.8235720831772358,-1.049885411,1.5497005919579274,0.0252398409706903,-1.084631167,-0.407168592,0.0849929116514116,-0.8617942,-0.539785781,0.9933679236724584,-1.174102728,-0.571445632,-1.614786743,1.3700033002383014,-0.728768729,-0.430978352,-0.067684054,0.484383256174007,0.1826157246265957,0.1197759605004519,-0.049124006,0.2301443033557713,-1.161526805,-0.317127184,0.983939592825439,-1.144215607,0.6153172719906111,12575.94,1
557446,-0.036261824,-0.067136829,0.2974278041420556,-0.524567728,0.4476318873393216,-0.416927525,0.6335800213458324,-0.160661653,-0.046484287,0.0775330364215381,-0.603749987,0.0408531405097589,-0.438359012,0.0193970225962844,0.0708544468838433,0.1944265226006086,0.3102456435223393,0.4887622501135544,-1.117336952,-0.315145826,-0.098455753,-0.299400851,-0.226870981,0.6118202211438903,0.7194229258051567,-0.45552248,-0.310825478,-0.067954463,3721.36,1
411978,-0.461052466,-0.420362552,-0.272688025,0.0997056800148152,-0.830693818,0.7599869436580033,0.6594826427955851,-0.012321136,-0.278997024,-0.637869151,0.8303051998220161,-0.285059303,0.6782028017581486,-0.620266325,0.1332653718338642,-0.738250981,-0.419300136,-0.278090163,1.5507375595876751,1.498146045110651,0.1936321619320844,0.0725897777433761,1.425387555396519,0.5362899606494769,0.3895715641645227,0.1453292343113246,0.1444897907521913,0.1151758467595152,16309.96,1
362316,-0.007593645,0.4345277407567892,-0.642436915,0.6714128960297119,0.0665592262347959,-0.322654233,-0.343158918,0.1300656772605498,-0.261484219,-0.773861428,1.1642478549829658,-1.147538318,1.157810169686584,-0.932674705,-1.315107611,-0.499977603,-0.55818926,-0.095279364,-0.281324555,0.1950679755945323,0.0548341708913994,-0.655185677,-0.104318139,-0.895778763,0.3702350887485234,0.4510114014600799,0.3746393984311311,0.4979902326845744,23349.68,1
364087,-0.143586533,0.9298855962244962,-1.005165615,1.4454740894595477,0.3846324981092214,-0.812992312,-0.292057757,0.23138482188706,-1.416631083,-0.74612705,1.2939780027627985,-0.887255261,0.8152904388716663,-1.514375431,0.3916366220445519,-0.34969997,-0.044923155,0.8474308129994061,0.5190150333710745,0.6651943529499706,0.1130734839137459,-0.430736886,-0.081627291,-1.836708072,-0.04961362,1.1465716566481194,0.5444524584443726,0.4125313268728582,22667.92,1
19808,0.9732057620233568,-0.203825956,0.5964954265338386,0.2448714537224703,0.3356375559822226,0.1008961405745835,0.6190144433872913,-0.19165946,-0.210079719,1.0468045436118416,0.0693669648940988,1.359851171200031,0.3783645424299068,1.112509516639656,-0.627543499,0.7734470522559539,0.2439364363286905,0.2344497899670057,-0.819741448,-0.305326609,-0.081703661,0.0742662307042023,-0.119334719,1.1676760564871689,1.0757545841138996,0.0999579000827022,-0.282804775,-0.094238159,19047.1,0
563751,0.2466243268162584,0.0699642502442715,-0.030384587,0.6194959081507672,-0.087323603,-0.137831816,-0.14019997,-0.019112304,-0.453295809,-0.225508725,0.3510012320072115,-0.557873144,-0.27267305,-0.581655426,0.6226310578254014,-0.474507795,-0.5470462,-0.784167569,-1.003081625,0.079371212314745,0.005143744566064,-0.566447418,0.0279130668039155,0.4154518737268391,0.5069836242877824,-0.276137965,0.4840778396943982,0.6260855029225884,7845.78,1
263613,1.4589375868737375,-0.727220329,-0.094269723,-0.585348463,0.3173385182561984,0.2628241342972712,0.5167962137545941,-0.186762419,0.6407368208802136,0.7180671080886295,-0.301744064,0.890311712746147,-0.410798187,1.190632017054939,0.0498865524190684,0.755766325510518,0.2020478329319963,0.6651597403212843,-0.079750635,0.0268897807620618,0.0292684367244755,0.5033605505638233,-0.155366945,0.8892813114918525,-0.070194707,1.5180816848251522,-0.390916216,-0.212245125,564.6,0
120956,0.6949071217111141,-0.791135893,1.416807684241003,-0.225217839,-0.100544719,1.2829712161750235,0.1196002034604612,0.0031663863325178,1.5643956875694656,0.4246495653168803,-0.218642033,2.02575778210973,-0.666650911,0.3950703689550598,-1.739293602,0.0163589568943425,0.7522965550566026,-0.200423567,-0.143962211,-0.173459556,-0.125151314,0.0628558004771738,-0.069030455,-0.345999138,0.1367368955125953,1.116564900354636,-0.186798888,-0.043846504,5080.19,0
561696,0.8943098228063562,-0.158440786,0.3508184042220006,0.3442864654438874,0.3925930805640636,0.2761925024680921,0.4272058599810527,-0.100847376,0.0475842043416041,0.52906049104255,0.2770659492790062,0.2443179906581958,-2.039308391,0.0639369346116049,0.529640885518632,1.6789632515276254,1.1118558847012985,1.262698801490756,-1.674822154,-0.398845127,-0.110783907,-0.159096619,-0.067563566,-0.057362438,0.53145888679258,0.1857933924754796,-0.213270368,0.0482615875828835,20027.02,1
35470,-0.032456333,-0.280180644,1.9613515232231609,-0.894721171,0.1930138739068684,0.3888808273182537,0.4892211816130616,-0.071873812,0.3880431757185009,0.3876541931604144,0.0104650483118554,0.6729890720139163,-1.389989553,0.9648658333949108,0.2757775629494199,0.9299968010711522,0.2533459855068539,0.3931522472885855,-1.162492407,-0.398957022,-0.056843073,0.135652329647791,0.0360868662241729,0.3926912323246368,-1.282416688,0.003078041413409,-0.105407214,0.2442802588157119,12429.04,0
193550,1.4835316259654228,-0.698546604,-0.103787875,-0.608473206,0.3821850643110867,0.3256541444949147,0.5318104872142749,-0.193920119,0.5728641139152523,0.708965435005421,-0.305302886,1.21746939511553,0.4107290770474444,1.0660440646758804,-0.033716589,0.7620608274199716,0.1771784732086318,0.6281814211042102,-0.032778361,0.0672823816960084,0.0270567583147961,0.541686616208638,-0.177554514,0.6021752159369922,0.011035539913684,1.5324928356187395,-0.384165478,-0.215075297,8111.75,0
207671,-0.279132246,-0.752980227,0.4800707581713968,-0.904864503,0.565671293208328,0.2062578478128186,0.9135524275436808,-0.19183722,0.7586332791110167,0.3062913058497395,-1.368940756,1.0539807055409451,0.7648902072292565,0.5696264128765397,-0.605450255,0.2387911464778094,0.349209332206303,-0.02483969,-0.129357928,0.1023955484696873,-0.158304716,-0.325847764,0.2441084385618634,1.3613533436460137,0.5894145332666748,-0.213957758,-0.155029086,0.4428734111432632,14638.05,0
100780,-0.067658963,-0.081763641,1.2815619340470987,-0.673852241,0.3004436331285613,0.2828591958070733,0.6290459765527858,-0.10280193,0.2385522913500792,0.5666584595810049,0.2398842562462683,1.1701486424248928,-0.101478869,0.5854792701344477,0.4958326739433518,0.6058688131769467,0.4774739779675282,0.2191267029863579,-0.446216375,0.0473864343976996,-0.185553474,-0.452904037,0.0290231977275126,0.3597513590642241,-0.46960708,0.1885343790889373,0.2071320743304325,0.2657306276066641,20688.36,0
22611,-0.070847478,-0.026639128,1.0210912190950912,-0.574735024,0.1366896931792866,-0.139916882,0.5829715959388121,-0.072588704,0.1754230002940814,0.3205102308410892,-0.835863647,0.6931541924288902,0.3342115844519404,0.6364874032733888,0.9753165583124108,0.8207310417504068,0.4994825277547916,0.2502656965799609,-0.300706578,-0.122040049,-0.189348162,-0.653773197,0.0506340513071474,0.7070505345562207,-0.290393011,0.1811224103570381,-0.10244192,-0.011797229,19984.05,0
488013,-0.537196,0.1890575928651785,-0.373767341,-0.629387324,0.1126322620486736,0.3486320897817382,-0.231781614,-0.57778289,0.2812021585439174,-0.563715508,0.2906371766643309,-0.376497321,-0.941181735,-0.593961851,-0.255884583,-0.531083848,-0.347906673,0.0530750734704362,0.7324928998274808,0.1064607942922837,-0.079536198,0.3623892070286295,-0.317479411,-0.486891884,0.3685871195330047,-1.553254642,-0.328937531,-0.048725326,13746.53,1
252237,0.0446817245912274,-0.111129093,0.7385169274794542,-0.643449628,0.4507257503355694,0.0214159287933987,0.8037889336875755,-0.230673798,0.3340497364124979,0.5716924817517567,-1.185615518,0.7350060135617129,0.4899006328938417,0.7554641427877522,0.2685804368019596,0.1286026866043254,0.4498153857802563,-0.075631108,0.6932869980205537,-0.21224733,-0.152540685,-0.359350867,0.0342831933093724,-0.077241299,-1.363879718,0.5885025469002347,-0.525257574,0.3668900480105994,19751.57,0
440897,-1.516697669,1.54094243274437,-1.519245982,0.7642329760444573,-1.534732222,-1.815737653,-1.195470252,1.890693175757605,-0.603956867,-0.864483662,0.4604976092135592,-0.90072512,-0.374018216,-0.878916137,1.0491254071816405,-0.811438372,-0.793653902,-0.788513236,0.1992739974713733,0.6784625724741841,0.2577948012249976,-0.868392477,-0.274760331,-0.019663916,0.9415097022234268,-0.619621953,1.2645462006133716,0.422069298344333,8465.79,1
447362,-2.459141149,3.326970220195924,-2.476250874,1.7858636066810814,-2.82898223,-0.276047953,-3.424997662,-2.207019732,-2.787200935,-2.926960643,0.9936592720641512,-1.424400036,-0.644954887,-0.435814301,-2.259985593,-1.325535755,-1.422966663,-1.608957157,-0.719431495,2.477712383634667,-4.328204022,3.653956365194997,0.930769460064368,0.542945988898742,-1.236160934,-2.571823792,-4.947034458,-3.337477789,20665.11,1
211344,2.042019833569316,-0.664504631,-0.083102099,-1.276927374,0.3006071544301569,0.1432881732867832,0.3411721689271333,-0.233974642,0.1155669170875116,1.013033404028853,-1.425374503,0.5024963583085744,1.7976976320201286,0.5545721470494069,0.2708460535191534,1.3205846634715543,0.3701043337980146,-0.299574437,0.3695552205356505,-0.051915877,0.0516397048784695,1.130809948275318,-0.111534176,0.2887691590964119,0.5263907749387483,0.1824701353240962,-0.278966571,-0.252685288,23834.6,0
68685,-0.294946923,-0.585155033,1.4140583840636969,-0.861916817,0.8638072531035733,-0.277127202,0.5941757043616622,-0.153161509,-0.063279665,0.4018774488798164,-0.031413478,1.261454288596627,0.4898118965921537,0.9941329162108776,-0.01423966,0.6224674993000874,0.2866164407842678,0.1827157979581921,0.5501661888039443,0.3725928951482266,-0.192026903,-1.090773087,0.2274939526998928,0.0427271266183202,0.1129113257947525,1.362908864782118,-0.381708316,0.0622031840477961,2746.05,0
18025,-0.470293946,-0.663069092,1.3868114076249245,-2.384692446,0.4572527583434958,0.4067762336243488,0.3152602448487243,-0.112513749,1.6655838179627886,0.2796792939942638,-0.375293156,0.4711935680914868,-1.693283626,0.8008699663844903,1.8061197858652145,0.6875881974818068,0.1979215124916344,0.9765511508780672,0.1626997252831127,-0.706068162,-0.082773322,0.0316791438602595,-0.393037292,-1.682166377,0.3780545686517579,-0.315335514,-1.235394138,1.85736017816308,1504.49,0
67113,0.9751120733132594,-0.345747331,0.7057529410121391,-0.083798711,0.2311879547135006,0.382872052708779,0.4753253053307082,-0.167179145,0.5893409187384402,0.537284888517675,-0.859941965,1.5100223241916677,0.8728603490344645,0.6403319969151479,-0.255451115,0.0846943326299633,0.5133941370025157,-0.257873306,-0.54113047,-0.314182635,-0.141834702,-0.022267138,-0.090746726,0.2694491438787545,1.0899237388807808,-0.751045707,-0.18335568,-0.059680452,138.13,0
348339,-0.807080556,0.3923789968828802,-0.771411922,1.359105559428685,-0.673996635,-0.229382528,-1.057516784,0.5705462817009141,-0.669682602,-0.715628607,1.2152448894166177,-1.2971752,2.8730174580900747,-0.799127603,-1.997917288,-1.242146149,-1.529685437,-1.287698651,0.2443082672076855,-0.387823584,0.5055505256037744,1.517168516447576,-0.581501334,-0.072639663,-2.798454947,-0.155559848,-0.072037543,-1.524100726,11306.34,1
374492,-1.746122835,1.313273882723938,-1.5447187,1.4756684312222932,-2.092035718,-1.484018109,-1.931492289,2.3061318023485,-2.123446599,-1.967773807,1.1999280173343947,-1.498380682,1.6864646016975444,-1.250329967,0.7283419792159358,-1.984115213,-2.186625966,-2.208583434,2.922603716492778,-1.162969447,0.9929028606806202,0.613041747154224,-0.413198466,1.617740896207244,0.2366233809271251,-0.043283228,-1.575909359,-1.738235238,9470.39,1
331387,-0.710545062,0.6730826478933079,-0.470615603,0.0386590117514591,-0.640878553,1.1543947917857345,-1.288386512,-2.21548742,0.2919989174826577,-0.950628455,0.3220493349425866,-0.661016219,2.00436519033814,0.3410994252993711,1.619370488996436,-0.867520117,-0.559401964,-0.349418381,1.714582540899929,3.0871990315872084,-2.553058895,2.8935407403269,0.6244686921251705,-0.356109138,-0.476031339,-1.474381655,-0.526288484,-0.273403191,2913.34,1
398235,-0.527627957,0.5489314418245321,-0.723752963,1.1520611936663576,1.4891842729804552,-1.141691981,0.0498701831229458,-0.427904451,-1.153003905,-0.580475242,0.9449904793188646,-0.781023232,-0.910224297,-1.341510274,0.0863777285699652,0.1653855384853642,0.721034013569029,1.0844076490162975,-1.408972875,0.0135508120708546,-0.369716005,0.1876469491538469,0.2248640056890209,-0.715571207,0.1452199803394711,0.7958588694256428,0.5810153354419744,-0.115163375,13628.74,1
179492,-0.079391842,-0.320456063,0.1137162730678752,-2.374864799,0.6296842357570172,-0.021155739,0.6994500939475141,-0.061964224,0.5657018446078933,0.2004645013048171,-0.527308636,1.0333861634571666,-0.364469454,1.2659374724543366,-0.95562467,0.9018368954749124,0.1322860340218956,0.6466340979139887,-0.941956738,-0.252835434,0.0671300592126965,0.981292012384305,-0.022603412,0.6004799390105927,-1.186527505,0.9568571920942316,0.0533750971291068,0.3288583642027587,21899.8,0
10354,1.1105134374069257,-0.879382562,1.1197992019066807,-1.261674678,-0.319729881,0.1425785019133553,0.0506601379892057,-0.169339925,0.180514721908769,1.222770139920122,0.3840280107658014,-0.362569996,1.8419540800206848,1.627963388238756,-0.652733834,0.4750451598831812,0.8190989986924624,0.9751016294998526,-0.501164152,-0.450952721,-0.240611646,-0.503966474,0.1040435717860668,0.8949515688231421,-0.024567303,-0.985748636,-0.226816922,-0.039436011,5664.28,0
85277,-0.563079313,-1.350724763,0.1939063272630799,-0.757703679,0.6568443793178625,-0.063991681,0.676444555988546,-0.012025672,0.1292038755594503,0.3350985907454121,0.0156576718978735,1.1178366557232469,-0.728047779,1.6026525619801075,-0.115363643,0.3966941853734204,0.4620437712986036,-0.058812817,-1.186260837,0.9768884611843872,0.143730169017403,0.3644198618058956,0.9847080004306508,-0.45054397,-1.56006542,1.546837888239259,-0.044334201,-0.412053578,9206.26,0
489519,-1.002008082,1.092854690164184,-0.968160592,1.2474519029271367,-0.922906652,-0.59208167,-0.946408651,0.8454804091258419,-1.59995285,-1.101490942,0.957911386008956,-1.172050205,1.9876318602752916,-1.125595469,0.5191426805533015,-1.273306646,-1.320025347,-1.329920024,1.6664649913450758,0.0739816773415187,0.3276253985745579,-0.699328997,-0.063175631,-0.406713711,-0.232389393,0.094141294506027,-0.005582211,-0.074824776,17125.91,1
397164,-1.066600154,0.789072813227611,-1.052932106,1.37650120752434,-0.64379552,-0.859174346,-0.896194894,0.6988386556730216,-1.381560711,-1.163733177,1.5526061721300666,-1.349050644,1.7172372784096233,-1.372050673,-0.326149265,-1.108433171,-1.170403691,-0.822573057,0.9899894303165226,0.1985498840614582,0.3483300509411529,-0.01859521,-0.068175114,-0.7678031,-0.014315399,1.4501287491535606,0.3889641803631533,-1.055941258,263.39,1
63332,0.8647153936051983,-0.416253203,1.3096894376463726,0.2461929425465461,0.0903302131124199,1.0163558046842278,0.2082682753919817,-0.038693828,0.4142119573510359,0.935419822043446,-0.266195006,0.7783627662931419,-0.857983819,0.7669959067314677,-0.249793387,1.1163298888910682,0.2640433323678373,0.4412162797910099,-1.048127342,-0.365453862,-0.099315499,-0.007676345,0.0011492094623189,-0.605005998,0.1998523602639572,-0.016726573,-0.190648568,-0.051984353,19013.92,0
507477,-1.861978482,2.1643822613592545,-1.927606065,1.6856219686052971,-2.227213835,-0.584914564,-2.602071844,-0.913612082,-1.913006148,-2.365085474,1.3105363487417063,-1.668256565,-0.344218524,-1.024161725,-1.965346755,-1.788432662,-1.875492558,-1.98598934,1.076627547295736,1.4635513176496682,-1.710834357,1.822419434059016,1.890272588300057,0.8705221646067417,-2.178267825,-2.406062856,-2.516635041,-1.324147211,4610.38,1
530243,-1.704516521,2.599199263414968,-1.205390552,0.5035268915774673,-0.94967396,3.226002264832025,-2.323094936,-6.027711908,0.2733890173381638,-0.698893089,0.9902737999824864,-0.707780298,-1.89197721,-1.183117215,-0.287686755,-1.230970688,-0.722382799,-0.990629654,-0.169995932,-4.118596471,8.087080028016498,-6.450353018,6.343132317756874,-1.0750483,0.3498809024854172,-0.240261075,1.534445136055664,2.1541018884187397,5807.12,1
446957,0.9099807022208204,-0.299203151,0.81134977416234,0.1761221752861638,0.2705610205111001,0.6480218881693668,0.4139944093589335,-0.11295901,0.1508908594069701,0.7880170044127497,0.0363687011840658,1.6343818789360414,0.2986391521714165,0.6158748040408586,-0.925629725,0.558020518562582,0.4541702140257371,0.0178733979623465,-0.774426635,-0.321213821,-0.160169502,-0.287626761,0.0124751847710694,0.0953982153306799,0.5583718737419919,-0.021326977,-0.222358698,-0.065076181,15700.62,1
490355,1.0430621137097136,0.349574562779478,-0.713899193,1.0152402730991383,0.9521466272914624,-0.415372309,0.1667730921685123,-0.124416087,-0.754873464,-0.325494093,0.2763590698189784,-0.601227626,0.6633699637427637,-1.1131995,-0.855432043,0.1274709164084957,0.0787020864359525,0.2499908089621831,-1.57250234,0.1529268836681362,-0.020259378,-0.423068766,-0.178529767,0.0012139758926333,0.977773965785922,0.4413125732518322,0.3452477463674778,0.5763815591988026,16681.25,1
400446,-1.020509397,-0.539674447,-0.366832207,0.2911027727451026,1.4364602256935215,0.9788392973172144,-0.693968119,-2.315637004,0.5230233128613873,0.6257086651783192,-0.294183929,1.0937475206938614,-1.031628097,0.2624056499732369,0.5426449946441435,0.8615421079754009,1.5233816828851596,1.2966534230472442,1.6336487431215747,-0.493805228,-2.370269862,1.9790102201591009,1.4682944061531895,0.6180144108989352,-0.306893789,2.8772132337241527,1.0275652791678842,0.1726003101572421,23088.46,1
88842,-0.050457526,-0.197467109,1.4493418935520217,-0.807890809,0.5973712754670669,1.2499517724228462,0.522830313321898,0.010746640239153,0.1468575092790927,0.4681838948019697,0.3524908952877528,1.3644345217873315,-0.305100302,1.0183665289358843,1.5253010647234169,0.0470659607384914,0.6523423396060626,-0.531531403,-1.357196599,-0.209089847,-0.127255865,-0.049217729,0.073334651705518,-1.700215787,-0.945355638,0.4207359304560868,0.1652997818027116,0.130593061741415,21383.53,0
318676,-1.936696075,2.143026722671152,-1.937096708,1.1719902919915433,-2.228007552,-2.284418035,-1.842385974,3.0485539773969137,-1.230967266,-1.382088468,1.444338191614861,-1.263679015,-0.060724891,-1.267505513,0.0187429408272997,-1.433931281,-1.594642591,-1.497510199,0.929446016838059,1.3217377601848348,0.5435521106404019,-1.034046425,-0.687744047,0.2473140219104156,1.745770705230716,-0.545252329,2.267185243688528,1.1300264175918329,7485.47,1
321643,-0.390570978,-1.615652208,-0.805116435,0.5524399079967954,-0.460169509,0.1882446584343407,0.8837128636785889,-0.229798611,0.0940998939917884,-0.505022263,0.6662958637711954,-0.657754302,-1.508518724,-0.739921247,-0.557873894,-0.226819357,-0.159917374,0.4152709672086547,0.0661489363927911,1.9330590360751465,0.2194608106489804,-0.726523471,-1.493822075,-0.845385318,-0.421766332,0.8369244191331666,0.3113440863831638,0.5266242554737827,10936.59,1
38701,0.0133653834768668,-1.511885784,0.8238708384756884,0.0387256441749547,-0.345340396,0.5776969251474647,0.5107440517381366,-0.144390249,0.7433759879772521,0.4925481151377656,0.041907356668567,1.3045822949509895,0.0407232457771838,0.8652291602513635,1.150971298810885,1.2724621770627855,0.1888238444457396,1.3604180605290732,-0.960978359,1.31557042187539,0.2074044620407165,0.4265412248964323,-0.767513621,1.265417526061214,-0.073762978,-0.891488611,-0.32907448,0.324426958322679,21274.15,0
229746,-0.468564221,0.3007282135134294,-0.095164196,-1.113381241,0.2208241253173346,0.0537283875423305,0.4675189514654406,0.0754855611428689,1.036056009657662,1.1423700586593963,-0.135178397,1.0830789295177743,-0.638203696,0.4313500853943836,-0.834193264,0.8491660758564856,0.6201430476971374,0.4507326637992635,-0.419965931,0.358994223536091,-0.280625452,-0.786458744,0.2473377967622365,1.190251504788919,-0.387095469,0.1482948494452018,-0.236513496,-0.500239718,12820.83,0
340451,-1.03029831,0.9974959026913368,-0.90891943,1.097931313271356,-0.95357717,-0.617796401,-0.938235067,0.8332875226625014,-1.582827387,-1.091571372,0.7449820245440415,-1.096755206,1.6302650612278182,-1.042743222,0.6426691265109191,-1.317039912,-1.375038968,-1.453622366,1.7882866628741727,0.009059019467116,0.3367173074495758,-0.765739421,-0.242100697,-0.147340087,-0.445897017,-0.289979478,-0.059383125,0.4941912272509852,10966.18,1
320814,-1.99124918,1.6903256904767243,-1.770319149,1.84217783952366,-2.355590395,-0.807596719,-2.19876231,1.4177322900061782,-2.686030244,-2.064816908,1.0408289373863686,-1.429567146,1.6878725950949334,-0.993015516,0.2645334223510254,-1.811814568,-2.119863236,-2.230318299,2.260219050703643,-0.728266958,0.2353421805689456,0.4584358057467263,-0.546950739,1.5682320798414844,-0.385588322,-0.021974816,-2.477391176,-2.427499114,15647.73,1
318254,-1.440004133,1.1649621654271365,-1.446376691,1.5529014925910392,-1.595431118,-2.010671774,-1.586129474,1.392417074818104,-1.763875801,-1.817472441,1.5810814904530823,-1.852412718,0.3518541792548182,-1.171949756,-0.223429167,-2.209476926,-2.155669718,-2.243530687,3.309892657411184,-0.199571676,0.9131875606913924,1.02606492813213,-0.548515874,1.8158700756880173,0.7761261128598976,0.2766617949781874,-0.465537851,0.0843450530004374,14820.13,1
567550,-0.288620869,-0.013575977,0.2128700616865866,0.4918276945066366,0.0731517220552917,-0.274228546,-0.162488589,0.0102342190948196,-0.254287324,-0.271756057,-0.119761844,-0.684872093,-1.668200833,-0.583303224,-1.030043824,-0.485824804,-0.593554359,-0.633640464,-0.788904785,-0.124512771,0.0412769241594368,-0.286186776,-0.301679131,0.4929368007465744,0.3484163242556343,-0.115011008,0.414626165205854,0.4615581502146996,13549.15,1
562757,0.906334372655048,-0.158212873,0.6716164208540562,0.4597076831392938,0.3306255097912176,0.347290326546793,0.4268603429267758,-0.156376815,1.0827866916838116,0.3740586275326421,-0.0980344,-0.31150824,1.3548611875124972,0.5368663794743916,-1.082337009,0.7165071650107528,1.4840653692595276,0.2415774910360915,-1.594938319,-0.383003137,-0.279104615,-0.755719579,0.0463883620059041,0.3000202336097542,0.5166717169025334,-0.261184031,-0.224185461,0.0303352157305248,11954.89,1
538469,-0.053766488,0.3529206176698786,-0.407416537,0.7896226639441347,2.343616613354648,-1.090353744,1.2221111982591013,-0.295252219,-0.707932413,-0.074640514,0.3567951471297495,-0.263784034,-1.671893496,-0.967821378,-0.101726539,2.9943614705166617,4.370369489920948,3.2749582670800157,-3.135071072,-0.31620129,-0.010006556,-0.330366021,-0.097473555,-0.549585501,0.6692978222253563,0.7166386614175362,-0.316327485,0.3226599125826054,3963.71,1
399030,-1.897376901,1.7996204854748732,-2.116039687,2.347783203557538,-1.68990397,-1.064293158,-2.114998878,0.1112476760450542,-1.91983673,-1.903664347,2.1278630522090816,-1.705992439,0.8874726260804539,-1.655337785,-0.428723561,-1.489157724,-1.367567303,-1.433207033,0.3156802124876267,0.814492479038941,-1.130202699,0.9609564402619472,1.2210001182181898,-1.700851187,-0.217809227,1.3718710611185665,3.029266152288076,-3.55531734,11734.98,1
413571,-0.139067545,0.0079801101564218,-0.142486446,-0.062328343,-0.072157852,0.1656684428211769,0.2492253407306508,-0.015097866,-0.021106208,-0.237379119,-0.473091097,-0.285522712,0.1646743297062762,-0.31108615,0.7416647834805796,-0.238246732,-0.15954977,0.0194274858461163,0.6546515674662365,0.1452076172693913,0.0317159880297014,-0.056241815,0.1553307824400386,-0.163488998,-0.459140935,-0.322164207,-0.019982829,0.1975905872011263,4580.47,1
351101,0.929584031777808,0.1824359137723591,-0.491197025,1.0391013793456787,0.3032646326452965,-0.153653477,-0.044279318,-0.034484967,-0.488332938,-0.22343049,0.6675205267386997,-0.52198796,-0.834907267,-1.000941552,-1.699516412,0.1374051145483399,-0.069108475,0.434906311180772,-1.303000189,0.0088175526989645,0.0101012732613435,-0.208499108,-0.051082491,-0.616789533,0.2607013542493422,0.2773361694937898,0.387794154688448,0.5279046996089222,13629.5,1
368871,-0.224105848,0.0497791819771219,-0.259172822,-0.656161176,0.0774969909273898,0.1441742784070024,-0.108696478,-0.29771567,-0.261662778,-0.409724917,0.1073973399655169,-0.426986351,0.6028597569342652,-0.755749513,-0.326014387,-0.610765117,-0.30359495,0.4013769080098011,-0.32602084,-0.05564012,-0.122620001,-0.33311476,-0.080520921,0.2264577234848941,-0.209010817,0.3484845491165688,0.0192204294113035,0.3284265335183641,8427.09,1
334819,-1.463745408,1.4851385852262993,-1.480598965,0.7572517692039323,-1.471123922,-1.789584679,-1.159654213,1.7744726591506477,-0.613067364,-0.875581572,0.495049224601106,-0.922652557,-0.446780014,-0.910824283,1.0588044348078731,-0.834920801,-0.811947052,-0.79430808,0.2307424723410542,0.6658171772470984,0.2559705734952328,-0.825217393,-0.235572589,-0.026700265,0.8577791383584091,-0.620608843,1.300644285088459,0.437592625260476,20802.87,1
283403,1.6982881561158245,-0.617079433,0.3618322937965395,-0.415073803,-0.017644557,0.1739736571781005,0.2451328404678496,-0.169132784,1.366574011670847,0.594470520628611,-1.405530976,0.978637718775892,0.5727581882395708,0.5412460754815167,0.3274381715328286,0.6993254342931127,0.2775272698540693,0.3200041309273355,-0.40658562,-0.298365546,-0.037080909,0.6124604723859416,0.1058809781639131,-0.043193998,-0.495962686,1.2067668648390844,-0.261198935,-0.207447806,23899.75,0
200585,-0.047588529,-0.712218726,0.4519078416554012,-0.477908766,0.8585364898017979,-0.027843507,0.6137437951360555,-0.204582014,-0.285646077,1.3236395402745431,-0.522968456,0.3916331785610744,-0.716003438,1.0885467734568743,-0.439952823,-0.368640598,0.3653724777596903,2.1917775991626662,-0.106914198,-0.039836629,-0.124425118,0.1848933003352278,0.2192318479906911,-0.801087302,-0.934411789,-1.21100562,0.1017667863715179,0.1018009353404107,11169.64,0
339055,-1.714664607,1.6147617521822624,-1.718167485,1.2300632661123216,-1.980051778,-1.514741214,-2.183162369,-0.027876427,-1.730115554,-2.144338893,1.3764857273037066,-1.711160918,0.0029016118977746,-0.931466111,-1.370955644,-2.003822345,-2.101615757,-2.25483523,1.8092619873267664,0.4735643056810696,-0.38782341,1.3242966173113626,-0.172829108,1.6649015403488483,-0.142664004,-0.476307715,-1.790827918,-1.17363044,20450.22,1
191127,0.0283869858789024,-0.534942513,1.7151674981597804,-1.636252938,0.080401009783984,0.8738119603917441,0.3150738552871556,-0.069543117,0.0204988674534769,0.62060153771785,-0.58635469,0.7243824563975564,0.5091083391773649,0.5052043750528751,-0.465388717,0.1943571917451213,0.1926845535615629,2.480148952186537,-0.890382579,-0.503823456,-0.184696034,-0.231193826,0.0273550859478131,0.7023926026879072,-1.013999255,0.9555163325130714,-0.106749878,0.2632923774086391,242.77,0
320357,1.0094596319220386,0.443783287048402,-0.76702167,1.078275059719253,0.9928364541395271,-0.830602942,0.1887429710802503,-0.131986729,-0.81491479,-0.457118925,0.5976870432959255,-0.670461421,0.200703697157207,-1.280483188,-0.251727018,0.4370977483456025,0.4186718818784816,0.7434899812216174,-2.104489625,0.1704637813070589,-0.051270248,-0.678329291,-0.091159452,0.6239859526861252,0.6802364883829571,0.2299467969619593,0.3678672919272611,0.6795712853343926,2823.24,1
435476,-0.578722858,-0.486742806,-0.322834546,0.4112545831728417,-0.559798115,0.7998616677795728,0.368240988942067,0.1215066477229849,-0.517950386,-0.603045491,0.2912413982109342,-0.656927658,-0.885980993,-0.562344577,-0.652607771,-0.695456387,-0.661995008,-0.801101283,-0.976290504,1.5735766552123451,0.3036438612576181,0.0706487622568907,1.768201134893594,-0.857827289,0.3616557902976527,-0.277135361,0.2338219595967517,0.5008834187678246,14136.43,1
374109,-0.902464488,0.806405944901505,-1.022176358,1.26141961077244,-1.166200358,-1.569295802,-1.415126742,0.6963686396033881,-1.761294638,-1.797551017,1.756640582195038,-1.721748593,0.4332923995996511,-1.818891513,0.8666172538751492,-2.022722458,-2.317368756,-2.201660361,1.710551745938336,1.0811640403009213,0.6846664904103141,0.1278485890187077,-0.038089046,0.9605817007388666,0.135251763919961,0.7020113616320252,2.6240416345119195,1.2901204420503367,12216.02,1
391362,-0.49111025,0.3207300213803229,-0.917508829,0.5081100189321771,-0.98409496,0.4359852587893962,0.161550134072405,0.2067947517453263,-0.520870571,-0.853720613,0.9193019832172216,-0.706022505,-0.74870049,-0.900125891,0.5581197184592066,-0.89433977,-0.429170414,-0.15500929,2.269727191602102,-0.483977483,0.1210142260247774,0.361557808089975,0.0385613473900979,-0.294395633,0.5148359403939895,-0.03493778,0.4138492583146269,-1.166786302,7283.26,1
214597,1.4802829011757577,-0.500144862,0.4229543328419161,0.6333372740140868,0.2833106352621906,1.2971520508296852,0.2147044908087835,-0.047208382,0.476096175702837,1.3495062374819826,-1.112917525,0.7465885352086811,-0.539484699,0.5356900970164667,-2.285455445,1.2412468531463312,0.190128048875132,0.7990051929992339,-1.043624512,-0.339691231,-0.00088439,0.7834297410820019,-0.064160612,0.4395022837781104,0.0199249825978975,0.4745159910944078,-0.237240115,-0.193582744,8963.97,0
493522,1.1519233720873072,-0.045406737,-0.204502098,0.1574382156684872,0.7503560062675882,-0.312177595,0.562133719218223,-0.159833723,0.7475587820715514,-0.082975201,0.4750302881917675,-0.036992584,-1.500309982,-0.545555937,-0.642038598,1.832679114655941,2.832729092264741,3.065094962015706,-0.815763728,-0.306836882,-0.267025124,-0.839058247,-0.150683513,-0.118195479,0.8796582622991524,-1.020553433,-0.170954853,0.1511889147096592,14339.38,1
79965,-0.259985684,-0.433677794,1.6803853502168309,-0.407945998,0.707952434636564,-0.178117869,0.6924628124041666,-0.167758541,0.2761730487337449,0.2894865735698082,-1.248978277,1.1344135825610389,0.7360561974353684,0.5803427249323035,-1.153808983,0.3095359297912541,0.3358088045337017,0.0209806461675785,-0.816015553,0.057249837692864,-0.078960122,-0.066421616,-0.057292494,0.8231469276570138,0.8430808046114668,-1.2492926,-0.202458553,0.1813654621824304,12203.45,0
144811,-0.246639896,-0.505253511,0.8960723089276292,0.9303142085196224,1.1062238475212307,0.8733165370730471,0.6359702980438946,-0.158126737,-0.35368012,1.3530861984796538,-1.796965275,0.8015830714759942,1.6379559746050911,0.4950012188026132,-1.17313719,-0.056709658,0.6820114614421244,0.0880234317422088,1.1368384303830064,0.0592317718252118,-0.041513564,0.9058962220262684,0.6241623894936985,1.4881239279950094,-0.041619534,1.2093348483909432,-0.029026348,0.4319608250057726,22582.94,0
220099,-0.393961036,-0.118994109,0.0766792645795574,-1.155216959,1.2770107108176012,0.0484159573547779,1.1632106879465034,-0.402539098,0.7095616927557064,1.045207349069813,-1.335756878,0.777813535008836,1.3160153284958231,0.5489167447451647,0.2334715035518253,0.1560623714406104,0.1830257304122119,0.0218850212750831,-0.057663293,-1.052086807,-0.08307535,0.4063222059751822,-0.668316012,0.2849870841573637,0.6808800623971206,-0.794948892,-1.712226314,-0.178673509,18861.21,0
355067,-0.156523243,0.8555209785122304,-0.983604839,1.3459306439670369,0.5062914179466815,-1.078283917,-0.24159773,0.1736820012743873,-1.366974952,-0.819875927,1.1606717658605317,-0.920953935,0.6530302528172159,-1.530331691,-0.001725467,-0.273194864,-0.103540145,0.6161136491924042,-0.333256384,0.4803269097907444,0.1144055589570307,-0.475557045,-0.147933219,-1.626554133,-0.107574894,0.7977405943466692,0.4751935354709642,0.3396891229603415,9657.86,1
568398,-0.244335456,0.0007163178028868,-0.091821193,-0.514222791,0.085284869280578,0.5177917910025325,-0.210965324,-0.409923306,0.2615285328732524,-0.420471597,0.1955844039840051,-0.636409789,1.0528724131912452,-0.589700705,-1.232252634,-0.568351066,-0.345112159,0.3504060990540611,-0.369945463,0.0483686252518461,-0.129344013,0.0248348639249144,-0.19282397,0.0463826885907823,-0.166349608,0.4702281009236909,0.1340747185620438,0.297746577315624,852.03,1
169862,1.7544141891317877,-0.424878964,-0.049172938,-0.469197399,0.3837886669571249,0.069390314815426,0.4456058532687831,-0.16583553,0.707204300431475,0.5215685009356114,-0.032112051,0.9971845544958404,-0.740554204,0.4725703232534859,-0.49489254,0.8122222161163865,0.5584140853904076,0.4679067974397224,0.0193960285401714,-0.367888211,-0.229291546,-0.790763354,0.3483410042332736,1.3981164126356735,-0.622473939,0.3382214979609049,-0.317844304,-0.197597231,20773.79,0
352884,0.2183957074239949,-0.210130366,-0.499980238,0.3457031840003728,-0.274617751,-0.081545829,0.2095528226926567,-0.034856053,-0.048243672,-0.321181017,0.2717242646698125,-0.330906398,0.5127373012113555,-0.56589223,1.96739880005396,-0.489267447,-0.06776207,0.2022463782879651,1.0610134434636085,0.8959671109101103,0.2211879461707074,0.852539924907119,1.024487338415805,1.7604688952596017,-0.685680573,0.2293434005039673,-0.067838342,-0.152165057,9316.65,1
403510,-0.129019525,0.3005415827683836,-0.707182449,0.5575616183783431,0.4372846417340071,-1.026971329,-0.10532163,-0.061846065,-0.253113615,-0.819393743,0.6815553741417838,-0.860108852,-0.649256213,-1.373308463,0.3068115968856856,-0.575000192,-0.164114995,-0.009862563,-0.096785261,0.0721761572219531,-0.026024753,-0.51045912,0.112030961391331,-1.331942468,0.5790458319099242,-0.948548227,0.1947676390978714,-0.06471169,2058.41,1
218882,-1.119233423,-2.68722681,0.827615264775775,0.1119175789800249,5.358767172794284,-2.736336227,-0.206812652,-0.43410955,1.208642826148285,1.5757785393612231,-1.005084845,0.7870333746583512,0.0259631322764882,0.507545608536018,0.0106660580262254,0.1739737134547831,0.2927455790102288,-0.288616684,0.1355476629673828,-5.101117915,-0.689084365,-0.033257789,-3.470008092,0.929202256344131,1.0798770396955033,-0.855388367,0.5423435579193521,-0.547018926,12523.06,0
215806,0.1234892550977684,0.0037499690459851,1.3983947164642143,0.529221228288292,0.4755551297208061,0.2095589157730717,0.8640559749400557,-0.188319324,-0.334843882,0.983269701252424,-1.132860017,0.879163469045976,0.810089684207371,0.598970685166545,-1.87852623,0.4125348437825585,0.384159743222669,-0.086283269,-1.449090295,-0.328541598,0.0095537416803508,0.958829685292198,-0.077300775,2.131977284911156,-1.157772579,-0.038981728,0.0207853686611686,0.4686219751519481,13774.67,0
523020,-0.279971519,0.1922834630187252,-0.07930463,0.2112901986619569,0.3210472075729415,-0.142318516,0.0694178058444192,0.0632972874137215,-0.184206394,-0.465641402,0.2706981633528648,-0.432372264,-1.241897242,-0.804150928,-1.110363617,0.028035290853885,0.0646827457620365,0.2789277908721458,-1.036982476,-0.107928623,-0.03804908,-0.452601883,-0.14596275,-0.744402002,0.1389923052316092,-0.744601072,0.0468125492862763,0.1027741097625684,10323.48,1
435586,0.2146171307989983,-0.284105239,0.4595946610005577,0.1549227597187043,0.7329066707021358,0.0896438713277904,0.5896815257623186,-0.203185171,-0.047794277,0.9831047351518338,-0.946185067,0.2623867850928332,-0.096083388,0.503199083282907,0.6703146938418788,0.3137468867645525,0.7393040435013423,0.2219630793923741,0.4007746468588469,-0.02697553,-0.000910782,0.7676057919700713,0.0763949410919334,1.496562581762252,-1.283964364,3.017930314286996,-0.4666542,0.0516908688141041,1810.2,1
477829,1.5730015600741156,-0.171115062,-0.322480569,-0.226118051,0.8860062199837375,-0.452019315,0.7887251602438684,-0.244142423,0.571238544847633,0.1406446724103434,-0.526137859,0.4102597784063059,-0.49490087,-0.123820336,0.3531348012201004,0.4559244789387873,1.5814071354292802,0.9324143568274188,-0.640754219,-0.337180943,-0.101825637,0.2010085859200054,-0.235126347,0.4829227038038189,1.3478990986861494,-0.57113268,-0.225075938,-0.054593513,15595.86,1
94513,-0.208362714,-0.026807122,1.046837004374719,-0.568252017,-0.049087422,0.2060664949420097,0.4015666759153796,0.033133775105575,0.1146726415907542,0.2761007041377967,-0.74685039,1.2507096468112822,1.010255062006697,1.036320934796186,1.1352411436455283,0.5119652396660553,0.5058268661826871,0.0864624277572983,-0.865902241,-0.444957404,0.0646116887736662,0.9690123556457628,0.0051348323821247,0.9985067190172212,-0.867043857,0.8110540959775572,-0.476356807,-0.048193528,6009.53,0
35005,0.7836568657676103,-0.517391958,0.9190107520494658,-0.180295531,0.1150535072764516,0.833957597942507,0.2857812534166254,-0.064033135,0.558437196394827,0.6422920744255192,0.1326689191631999,1.149253797088167,-0.628072738,1.027427055660388,1.3170766489971566,0.5301652715672497,0.3597733021435297,0.2412849217348001,-1.195646632,-0.251096016,-0.001292102,0.5649803065311845,-0.094219926,-0.515280162,0.3664794583182668,-0.62026028,-0.173270319,-0.037523884,2715.61,0
15925,-0.459165944,-0.339498119,1.6206446662479146,-0.099256906,-0.266263614,0.7134331679601362,0.4306835087790972,0.0834864903165788,0.2974729474367418,0.2222028325109132,-0.977324696,0.8280841532520798,-0.035567094,0.9471041103543076,1.3354286466051009,0.3899673987446388,0.6650867942543963,0.272280374067966,-0.168964346,-0.391795957,-0.03714106,0.3376311525355051,0.332331141937299,0.8733879875868836,0.2905215357550021,-0.589040989,-0.277229041,-0.947176834,14406.71,0
404319,-0.614375951,-0.328227094,-0.924796653,1.5332461539810651,2.253752934992104,-1.950323578,-0.124344622,-0.037622854,-0.972949026,-0.356034905,1.311974577916829,-0.744084648,-0.841583072,-1.367932964,0.579778868887467,-0.056918763,0.7603356316259579,1.2160866279756133,-0.346824904,-0.653974233,-0.031843032,0.4120270919960835,1.9076771600078624,-0.805988245,-0.09405338,1.279266981147233,0.3852914690780634,1.5437667396464645,13988.76,1
74426,0.949486537397874,-0.429407894,0.8375047683455038,-0.299113204,0.0594580739278054,0.187362159654206,0.4158270741646125,-0.163546177,0.5421133117494513,0.5760663036399521,0.0375134895577203,2.261584954904624,0.6664191968004881,0.6996995427935291,-1.054189238,0.362630872032592,0.3819947934231243,0.0928500117812101,0.1384394914015062,-0.204713588,-0.163896195,-0.296423799,-0.019361935,1.260502723234329,0.6076999906312557,0.5312097486261825,-0.264637595,-0.079016668,23690.46,0
20385,-1.086137893,-2.402487438,0.635853983678799,-0.74712097,0.3309666651405268,-0.61165921,0.0402764818333637,-0.263126368,0.4405150364125566,3.542053413627992,-0.389369195,0.1475423165122742,0.8898751991878948,0.1499267413161263,2.754472464681053,0.1199097621310414,0.7455087258433498,0.1297999726061352,0.2349456491060433,-2.881696141,-0.60707181,0.6862107535953536,0.6442942979178443,1.1003391414197414,0.3705651992189708,0.1587103603557675,-0.529923607,9.262316875797383,19829.71,0
468404,-1.668611793,1.432671357070131,-1.804559093,2.0631805879033256,-2.010207982,-1.946291298,-1.901343559,2.227972241925768,-1.674384146,-1.923734355,1.4740616118692162,-1.804193643,0.7607360636200694,-1.467180929,-2.031358375,-1.760642768,-1.955577272,-2.001008188,0.5088271039602549,-1.475624584,0.8891774215134987,-0.284181287,-0.397921933,1.087785409718618,-1.15523305,-0.246223875,-2.149280877,-1.674962364,3015.2,1
117758,1.234698655487012,-0.554246945,0.3090641326816752,-1.03510136,0.1062468649015008,-0.210143946,0.4180409297219489,-0.235003686,-0.076326636,0.9338367848865232,-1.099404148,0.1986576582677175,0.1588792796102159,0.7631786714311105,0.5052680635655561,1.1432425002808428,0.5217739358929857,-0.39680243,0.4609554810060706,-0.086073393,-0.040738106,0.3180603787812869,-0.24905197,-0.104875733,1.365330077921486,-0.109407849,-0.272437502,-0.107838858,23242.76,0
314750,0.6766605822849677,0.0204505526013349,0.1105643451114878,0.4708299028840768,0.6809061010019326,0.0701649600278531,0.5554664004571208,-0.163711411,0.2267751702757331,0.104052099066317,-0.115033714,0.5293572612024104,0.4905072643924799,-0.610067132,0.0786322538189818,0.9452908738877625,2.627991526962829,1.2821567498503377,-0.80533481,-0.110459795,-0.203121727,-0.382581527,-0.147873032,0.5765938362799945,0.5197162160655696,-0.144920972,-0.21624222,0.159528155602173,16340.44,1
45006,0.0890332758334307,-0.025617119,2.007594248733869,0.3396031096889965,0.2885387894597379,0.38136929637639,0.7068301586236223,-0.182649752,-0.098134995,1.1613206774836722,-0.995154943,0.1176987253296141,-0.852525364,0.8524212252450111,1.7440157064033237,0.4556616341468139,0.4185786543894561,0.3121759338205844,0.4928431645962907,0.1138323811381566,-0.208677198,-0.517725398,-0.05333148,0.6548547931982163,-0.831930519,-0.135747468,0.012916064143697,-0.154767049,17026.63,0
488176,-1.743025078,1.478135026748112,-1.878689583,1.6297664349680523,-2.129130552,-2.404968115,-1.920786168,2.368505590013484,-1.745546796,-2.091105887,1.4900783286394688,-1.693927411,1.1747459468775443,-1.441012527,-0.342609533,-1.815763135,-1.92391867,-1.909451895,1.4984236699741464,-1.788474194,0.999279078296088,0.4419570160598383,-0.904589575,1.2245226518474184,-0.30865695,0.1290727447420962,-2.282321236,-2.299138975,18295.64,1
50811,-0.143423294,-0.160049757,1.9909428723770524,-0.924354184,0.250790291066067,0.0071203588143712,0.6892597425727599,-0.135202202,0.1607039507663268,0.3973909020148577,-0.02274089,0.6038536031265453,-1.437080423,1.0628575739985122,-0.141097781,0.9374779874492613,0.2300876577751532,0.4258641843834099,-0.553127069,-0.349034541,-0.159204815,-0.644091883,-0.171299353,1.0163646098581895,0.087999378980983,-0.050808708,-0.425766895,0.0510828123220232,9779.65,0
252674,-0.324161288,-1.307933562,0.6594307046336716,-0.039295883,0.4477417858315691,0.4165951919629672,0.6065603845521305,-0.109844607,0.4169241198151248,0.5422489815686039,-0.439708572,0.9374850315962756,0.1833173106180106,0.9012787598373798,0.3020797397087179,0.6583475822944154,0.2026019302294767,1.5352275833967397,0.1255361050661873,1.0703755110274145,0.2162556802856262,1.257231246295489,1.4034696598450564,-0.77830969,-1.848160442,-1.557348941,-0.040289403,0.7566776225552295,19770.22,0
100467,0.1910120615183494,-1.637385403,0.09281813528566,-0.694672955,-0.14979099,0.4647279360033684,0.6640547643643188,-0.209174393,-0.025732659,0.8153675146961554,-0.535635279,0.6593167326507507,-0.239046099,0.9894774303367012,-0.586287001,-0.093278028,0.3845518976980153,1.7482200423372458,-0.298026363,0.8371522446036845,-0.105633613,-1.0496064,-0.771208874,-0.730146538,0.2724581993124089,2.066908795705032,-0.477432198,0.1613442836056178,23289.96,0
343325,-0.686986606,0.8923266874674659,-1.119335189,1.2628626754025396,-0.999932418,-2.116336752,-1.318386606,0.451252011606436,-1.099904587,-1.863150247,2.029189312512467,-1.98950921,-0.497245412,-1.795410901,0.2735592738703651,-2.09195149,-2.163691087,-1.979106342,1.6099962097626714,1.1867834931665897,0.6936421718474359,0.5116375000832556,-0.111680204,0.8999177707363929,0.0930923655442332,-0.290867218,2.568929694234899,2.202597535231136,14467.45,1
24689,-0.383976705,-0.236574738,0.4981605028714759,-0.607352556,0.1690953702277759,-0.290424834,0.7921214382662602,-0.18472053,0.1574747150247523,0.6164598967539082,-0.832721671,0.7744713818511619,0.6854973427493539,0.9926365190754703,1.0954910897584926,0.2902909296229333,0.5034178986094904,0.0211775984180752,0.5536486227634535,-0.33699152,-0.094494559,0.0860165071828633,-0.423917998,1.1012075483299018,-0.320747674,2.106416007327124,-0.579804319,0.380218579906552,9358.9,0
230047,1.9117236424563449,-0.403503718,-0.231705464,-0.50993085,0.5224908882291934,-0.671444252,0.8099499723841531,-0.290852144,0.5182985665591017,0.7166745774659813,-1.405228586,0.3775110716342529,-1.084300437,1.408244742396048,-0.187471899,0.1107970855196178,0.419519981378664,-0.024200864,-0.080648229,-0.477249888,-0.010431002,0.7611002061282003,-0.198397534,0.0047773643599454,0.9335097785265792,2.0331081429258777,-0.406432783,-0.345271633,23273.41,0
352546,0.6494091919512275,0.2355696784474328,-0.677049882,0.639576418304773,0.2305806773522574,-0.330945827,-0.060137887,0.0419895440231914,-0.294232821,-0.331379083,0.7170548262347064,-0.488033575,-1.183638145,-0.78800693,0.2893816481271908,-0.511014712,0.0904301097687752,0.5989551594611605,1.6173389002123968,0.135575686434915,0.0477434051303911,0.0001808117736144,0.1666699030359539,0.7686764191488293,-0.847773011,-0.609494786,0.1214856888941157,-0.213444142,18478.03,1
296288,-1.172117324,1.001646953045251,-1.153406898,1.6553524607837684,-1.367824056,-1.291905627,-1.524992725,1.0368904859143822,-2.030456248,-1.756592548,1.6539962942200226,-1.704268086,0.7864759834419948,-1.743537859,1.1843084146059508,-2.001103915,-2.251109996,-2.115576068,2.154813734208402,0.6361610302062791,0.7761419640162421,0.6948269118841846,-0.267141199,1.0862040312362635,-0.12328292,0.9033716965733568,2.1404405381827383,0.6784278746091064,4426.18,1
151743,1.7813591866988077,-0.521638506,0.0835193615125564,-0.499876541,0.2741764716603513,0.2329060023285503,0.3670665573289947,-0.193468915,2.241015135143973,0.4443423338194732,-0.050974917,-0.044119751,1.3975803813128216,2.0583792971642803,-1.777229224,0.2793254473207164,0.5371066362666296,0.692452034239682,0.2351023437102915,-0.454690387,-0.12489807,0.321378136393844,-0.04486344,-0.842894327,0.2508874867309523,0.3851827138784326,-0.303699293,-0.304688469,18905.88,0
147915,1.633366966061068,-0.510184447,0.2459194746440634,-0.021551672,0.1695463603768474,0.4098044762029476,0.3776741406969544,-0.136406755,1.1279018418380489,0.6734524232369158,-0.443434751,1.7592088575092826,-0.801201995,0.731945593435713,-2.232615633,0.1084606532598331,0.4502933649305243,0.0419076509641761,0.1907177832135277,-0.515942375,-0.217664498,-0.449018829,0.2288471578130128,-0.014562935,-0.104534874,-2.187532602,-0.196503626,-0.231611635,97.03,0
64150,1.069458348763825,-0.327457801,0.4574024088563722,-0.409346292,0.2937120536632412,0.1389409857072562,0.4833154398522437,-0.197485658,0.4708627271210188,0.4738429966605713,-1.080705755,0.9188776737736468,1.3176319397734166,0.4661108892273474,1.2570671431005265,0.9712072360279194,0.330958335386989,0.2359465908226556,-0.121703548,-0.136672233,-0.236181278,-0.842810195,-0.019121297,-0.800881065,0.4997430751155761,0.3323238258987101,-0.261590653,-0.036627623,4870.45,0
94361,-0.142562907,-0.417066001,2.261545039297392,-0.711287697,0.4324154617704634,0.0930740053636198,0.7127019032662568,-0.220410823,0.8847148077382759,0.4443037589004723,-0.850474434,0.4134622388149563,-1.538346865,0.4756997839130233,-0.753714702,0.0975904309995427,0.4828784028683204,-0.223424126,-1.12951514,-0.271504308,-0.114326906,0.2361351744629897,-0.214949735,1.3349560838635024,-0.097226579,0.4452609747788238,-0.699918526,-0.760374847,11170.73,0
479839,-2.387249974,2.876810141819972,-2.302698788,1.243213127628444,-2.892575565,-2.649832648,-2.230582,4.749797583081244,-1.123807758,-1.250354003,1.10028418202716,-1.018166503,0.8962404851304884,-0.881664744,-0.108372562,-1.200379661,-1.406760241,-1.44016674,0.534041497661915,1.430994196545241,0.5623403542649124,-1.572949385,-1.132282214,0.3388109478919615,2.966414482989256,-0.511653325,1.7867418964349582,0.9084367178363534,11655.14,1
59154,-0.325768329,-0.078782984,1.1052690584404594,-1.497261911,0.0833831163694507,0.2244738106604859,0.5911108021664739,-0.101636142,0.993509267831626,1.000155674766841,0.1609896281895988,1.07675657770261,-0.563954372,0.6603199563740157,0.1789018583329775,0.7812196074613847,0.2593328070497812,0.0746108536582648,-1.126789744,0.1681563160846362,-0.172061061,-0.141031033,0.1353087207914777,0.5114415241879364,-0.367241578,1.5149769803808246,0.406076691042183,0.6701141971188481,16861.6,0
557670,-0.368648438,0.7061465678210488,-0.891376659,0.9833863425692771,0.7251308014317998,-1.567958463,-0.113464439,0.0738667853886895,-1.108272257,-0.937328966,0.8019053378624383,-0.9648012,-0.032989341,-1.513033095,-0.48787809,-0.207438999,-0.139054395,0.2924220179939488,-1.669112961,0.0989070506936952,0.0903202270325644,-0.492165157,-0.211683794,-1.196641942,-0.085695706,-0.191416859,0.3256912207263612,0.308118719135904,23179.84,1
231321,1.5453219607461497,-0.700764876,0.2909377480969022,-0.538784571,0.2122107779406911,1.212671557622046,0.1321394265029008,-0.008565661,1.497907608683256,0.553792311441751,-0.124417176,1.2347232765669705,-1.039983212,0.8736515696586364,0.8311609559724563,0.1865931619558592,0.4747034789864814,0.0127732383837382,-1.101748558,-0.549864339,0.0161765017712508,1.0914912633250284,0.1552258499244726,-2.143822899,-0.653803622,-0.250150268,-0.141013697,-0.252197441,6841.83,0
129000,0.9187374452462896,-0.592249414,1.039150119928916,-0.294270293,-0.068986279,0.4781746215396723,0.2418008904980035,-0.119817835,1.2616115991476735,0.5013824113333994,-1.682657329,0.4968271065945241,-0.671512296,0.5761119974853856,0.3488305135331661,0.71577125480358,0.3427028327450041,0.355762026311988,-0.086491442,-0.18878439,-0.144871071,-0.287021758,-0.097986323,-0.197324364,0.3711263419991418,0.7616349185380623,-0.237996479,-0.028158066,2338.18,0
246990,1.7216199656421518,-0.513243199,0.210065581373404,-0.448639515,0.1919057798357091,0.2900353336343687,0.3569909595423199,-0.151780357,0.8619556960440723,0.6782021357298523,-0.250548396,1.6812100722110412,0.1672629395739088,0.841686899981144,-0.670116099,0.6833849822269816,0.2488838273141048,0.0823846076312764,0.201386932226051,-0.377448717,-0.291543093,-1.093722859,0.4670027483255773,-0.758594765,-1.025104603,-0.551704092,-0.27565386,-0.240331874,19513.13,0
136980,1.0855118090480762,-0.419229631,0.0337448829358132,-0.87293068,1.362090349850759,2.0769698650905672,0.2749195369821808,0.0377589630737097,0.4508130325540357,0.5100069158464634,-0.529063645,0.5982494486433508,0.0883632463582668,0.6430407218889683,1.5741979009547686,1.0839254588765073,0.292749814573931,0.4307671364219594,-0.065389219,-0.129549088,-0.243254887,-1.029213356,0.0733041483237161,2.090702825320832,0.5289444397744304,0.2630334744273259,-0.262623293,-0.042961522,4148.65,0
443797,-0.48148014,0.0250262120841744,-0.24338195,0.0705149902805457,-0.606915864,0.2127303841787164,-0.217705192,0.100395450667466,-0.235138784,-0.480528656,0.5696227092088982,-0.527750694,0.8474582937280146,-0.628161501,-0.313629848,-0.774394764,-0.907578474,-0.751767156,0.894409085975868,-0.080270049,0.1776062780970181,0.4317154632952144,0.0111529806585503,0.2553239496458401,-0.318888803,0.8987878114547715,0.0594432280909221,0.3415374303672979,965.08,1
63705,1.023578805295309,-0.19464905,0.3379831435715109,-0.095363784,0.3145015623289668,-0.275077192,0.5664176721281287,-0.216620837,0.3751329854695845,0.3355253097301783,-0.460759916,0.8200869721117516,0.7869025056934115,0.1274478728613247,1.1812458614645094,0.8666796380982964,0.769637598723143,0.6865860751293171,-0.777116786,-0.2137229,-0.126949037,-0.097785349,-0.156888343,0.5803151416506922,1.124364490704685,-0.789175911,-0.191556278,0.042810462172768,4101.65,0
478752,-0.26253748,-0.000216726,-0.134799283,0.6672776918244427,-0.262765876,0.6985748395965533,0.2605290024502089,-0.049978149,-0.396224957,-0.168559078,0.2450178930726428,-0.399607298,0.7184491736283078,-0.674534401,-0.030820304,-0.499746677,-0.232171459,-0.178605582,1.426269464974133,0.4286082216560499,-0.002577813,-0.061773943,0.5266340267927546,0.3364990083693167,-0.415861578,1.0321564370486562,-0.077205466,-0.528282953,4876.66,1
170708,1.8534455982256413,-0.838362911,0.2486120229843802,-1.153636437,-0.071233795,0.3897164070726463,0.103332557766614,-0.131472128,0.4362249663986897,1.0549673480761954,-0.172914069,0.6410988748347478,-0.046088571,0.5780726303057097,-0.526075917,1.6430452056321865,0.4053866457998431,-0.026594615,0.3874758198406358,-0.156991973,0.0434320274181722,0.9976090801760902,0.1400267048539233,1.7308061518417457,-0.369808597,-0.32383134,-0.239363441,-0.220720713,18568.79,0
105770,0.7849780910042176,-0.863590988,0.5218293910039506,-0.866849076,-0.147303322,-0.039255644,0.389915382255671,-0.200053349,-0.14246016,0.9753731092221708,0.0562976123024458,1.1114535971542354,0.3624115485365586,0.9416528633243344,0.1237177780962678,-0.071009064,0.3807700934011998,1.4710971468168372,-0.761840888,-0.200772314,-0.181492003,-0.55915668,-0.153689925,1.2660303435602522,0.1498756896921436,1.9611702121191172,-0.359240202,-0.018661036,22177.32,0
97812,-0.184074869,-0.497673668,1.6371568236632896,-0.864877748,0.3058068344116978,-0.141407938,0.6825512309956069,-0.194962118,-0.403446863,0.599690247393614,-1.020314849,0.8419550793521206,1.547198933716728,0.6368933501859484,0.079154425431998,-0.1024222,0.292734136614126,1.1564115113308924,-1.680813003,-0.261710904,-0.242337602,-0.816255825,0.2254225217500482,0.6866181060819567,0.1806501635109168,-1.800040834,-0.176467742,0.2119285640360143,18012.98,0
114141,-0.051212191,-0.435426173,0.9641454637643224,-0.599682907,-0.000603577,1.2040153160352525,0.3313169725782072,0.0344888565080162,-0.206129805,0.7316861212175876,-0.887186713,0.6141900280818419,0.1294629995812046,0.8564444443822746,-0.011116687,-0.15592137,0.4247628746775433,2.530122101099664,-0.205115368,-0.435471652,-0.097702384,0.268991625940976,0.1320978797805836,-1.918392825,-0.788558435,-0.38672433,-0.125069753,0.1679774005130619,4693.32,0
80840,-0.131422893,-0.485332053,2.59018317970381,-0.518417408,0.282996209502748,0.5752982160249998,0.380391585657252,-0.063431808,0.9070699741022176,0.4305516545877558,-0.227471615,0.444323633773509,-2.666514171,0.718858486091588,-0.727023423,0.5265425259634261,0.3277997993218396,0.5262096875114008,-1.023989489,-0.324423661,-0.066110524,0.2651131781362089,-0.046304675,0.3126468194292564,-0.698062342,-1.570483565,-0.255550266,-0.301810988,19467.44,0
83904,0.2981436388602689,-1.432067136,0.227835603178617,-0.657910375,-0.166887729,0.2326005676303891,0.59653819684287,-0.217572106,0.0801951423950961,0.7166111299883741,-0.827506787,0.2984479478251116,-0.262353893,0.7306348984569806,0.1175740937579351,0.6898448012878711,0.8101620188740581,-0.591687249,0.0069718929275771,1.0502589871440555,0.1104328280163455,0.1847305075723966,-0.679547275,0.3473043231190926,0.7075993657945633,-0.219649551,-0.363077952,0.1588468837348342,19232.25,0
209124,1.6340791255368867,-0.343650423,0.180253835891653,0.5926924795981441,0.688100963922199,1.2795463968010214,0.3948017427075745,-0.089412704,0.1872922086193232,1.3205043453183998,-1.250454393,1.32840654415419,0.572462993735946,0.5369241940714007,-2.933488269,0.891931278375626,0.2084731420176165,0.1148599673556142,-0.344172215,-0.370398536,-0.257528587,-0.795367975,0.1672042391775097,-0.564803374,-0.067017545,-0.594701906,-0.256800244,-0.232369945,8185.47,0
125331,0.7438122260211137,-0.820991262,0.9471096885377248,-0.564547114,-0.102450415,0.8102206709424946,0.2002777075010357,-0.05490348,1.3470884547899844,0.4629724569940115,-0.30926241,0.875474574330044,-1.695447691,0.7088666402397424,-0.594528356,0.4509714165238235,0.492594106749945,0.1609909877955714,0.1930133421734091,-0.078619314,-0.148757553,-0.448411164,-0.067264768,-0.43872901,-0.131505866,1.923985208191951,-0.303406145,-0.05745855,21018.69,0
430271,-0.513475727,0.0734996010823254,-0.752814986,1.355815660986743,1.953611349451359,-1.572488063,0.2416594242573003,-0.1865896,-1.031072067,-0.457471046,1.0709891264758118,-0.855110164,-0.702082087,-1.433134898,0.9052764641972002,-0.145530964,0.707414538997308,0.7488529111251166,-0.910035767,-0.454440422,-0.07999442,0.2825819306649368,1.4956670896730035,-0.586348091,1.217886146633587,1.343523036063013,0.3437924607816507,-0.503153597,20497.87,1
341446,-0.906312694,0.3214557548097889,-0.62650984,0.9901875693738024,-0.413417155,-0.36887434,-0.613229135,0.0905599459242598,-0.12288645,-0.6303903,1.0368591238020015,-1.361443106,-0.176938574,-1.16094153,0.4760821120640013,-1.351553566,-1.175289474,-1.289086769,1.103367691087644,-0.37959909,0.1491996411628451,0.0863280569222339,0.4017444649869909,-0.350899083,-0.209044263,-0.280863912,-1.61527856,1.4285423903471373,1065.78,1
193521,1.9562361151380412,-1.053346189,0.1641630585242501,-1.630593781,-0.115822448,0.5018857180912186,0.0624190619662387,-0.165801941,-0.037084873,1.396929728337992,-1.856072649,0.2634803387336418,1.2880210353984871,0.3708958946695167,0.0811731475717022,0.4536922598800831,0.4593953887799104,0.353176523394579,-0.104158884,-0.394176131,-0.274012335,-0.797673457,0.3387765506981509,-0.006201799,-0.867327408,-1.188312746,-0.210191254,-0.157008924,22633.81,0
39517,1.275073446954842,-0.80315567,0.3714256071243623,-1.592138863,-0.043132396,0.2103967015567526,0.2158495964067667,-0.174686639,-0.543503294,1.5015899354956117,-0.379905235,0.1927604850804012,-0.313897436,0.8350732137460153,-0.238478556,0.4182067743425642,0.4764559062575433,0.5385971321735696,0.3245249805201311,-0.499127277,-0.339061529,-1.253890217,0.0654079065181578,-1.044215095,0.3896122421887024,-1.213722219,-0.242508969,-0.097012623,24031.84,0
45572,0.9094377789045416,-0.552379867,1.228281765512233,-0.2882063,-0.116373456,0.3028749285525141,0.2607673467111404,-0.143077469,1.10901996745303,0.4843743989148495,-1.083431278,1.081661861385932,0.4334773262786946,0.4834570846225741,0.1615896187207046,0.5698459115115213,0.3840817067845087,0.1420088838917411,-0.232692228,-0.14582947,-0.129504617,-0.120052547,-0.031737067,0.944624152015513,0.2869955955915386,0.902310905542339,-0.23539157,-0.017416903,4044.62,0
230759,-0.181212906,-0.434274158,1.7048789609220645,-1.96908145,0.0470727986250113,0.1800356408439594,0.5948960759867943,-0.157228816,0.1230038996639713,0.4987894777483186,-1.394264071,0.1827879160653572,-0.373872957,0.4042006486870478,-0.986381582,1.3130867445577914,0.5190950948503225,-0.552222235,0.01659434787921,-0.072244102,-0.210949337,-0.683582477,-0.209996081,-0.068382391,0.6185807569963834,-1.292945391,-0.006438513,0.0833020053521865,14358.2,0
379932,-0.959881919,0.4875625330636751,-0.777251406,0.5753408809227986,-0.321684894,-0.620549518,-0.530667181,-0.127499825,-0.30906701,-0.491403026,0.8263705324185693,-0.941124473,0.3425463189950314,-1.160211347,3.0857214534786928,-1.058364053,-0.729553797,-0.653768012,2.0696639954384493,-0.702639097,0.5393279950505648,0.3221015419364685,0.1061159097720983,1.8102591664006105,-1.392659665,0.9730507284756948,-1.880435124,3.5958620464410824,21436.1,1
114797,1.036733447812818,-0.339535407,0.6137991789724601,-0.334660931,0.1156956195253819,-0.160989992,0.4558757244064449,-0.192946856,0.5495626912763995,0.4883629185988916,-0.719287804,0.6342822505433299,-0.043226054,0.5911100295445123,1.3549559648563536,0.8272744018311025,0.4388636722119719,0.1702482306137569,-0.367040715,-0.260813343,-0.222838929,-0.800967672,0.1026154244851711,0.5933994827531076,0.2619370987759549,0.2368792006350837,-0.267399307,-0.027464706,15669.1,0
190482,2.0065971403005847,-1.021768753,0.0983912471534586,-1.60188496,-0.144156025,0.277522676270307,0.0672087655084488,-0.136720562,-0.121548168,1.613000307307643,-0.381704102,0.0693316156502174,-1.717292671,0.8236386602760477,-0.674996463,0.2596945791095962,0.5975278594347815,0.712140698516697,-0.128452238,-0.73560966,-0.159407497,-0.078198466,0.2731692257217787,1.3543640925629905,-0.511642506,-0.471818382,-0.249364289,-0.243304898,17113.42,0
436692,-0.04019048,0.8515103492576768,-0.939107663,1.4375363678556652,0.5605074060389673,-0.749984989,-0.211813531,0.1289344578325384,-1.454092573,-0.771236788,1.3170576392828528,-0.913760028,0.7459341912312089,-1.534261563,0.4263542686914028,-0.385864943,-0.070292383,0.8457600477058217,0.5893405124356583,0.6708174520998896,0.1130350892736806,-0.381309121,-0.194168095,-1.824346825,-0.15845809,1.150091558059096,0.635422806345574,0.576246013166391,20338.79,1
437786,-2.459141149,3.326970220195924,-2.476250874,1.7858636066810814,-2.82898223,-0.276047953,-3.424997662,-2.207019732,-2.787200935,-2.926960643,0.9936592720641512,-1.424400036,-0.644954887,-0.435814301,-2.259985593,-1.325535755,-1.422966663,-1.608957157,-0.719431495,2.477712383634667,-4.328204022,3.653956365194997,0.930769460064368,0.542945988898742,-1.236160934,-2.571823792,-4.947034458,-3.337477789,23569.56,1
169871,1.1068863747649225,-0.909813493,-0.087081126,-0.354670458,0.1230255119408539,-0.274593916,0.7842005486162518,-0.269014788,0.7114266259831494,0.5581535631728987,-1.098183489,1.0281129574460328,0.4245785514600801,0.9507556679792216,-0.088025067,0.3329581612886274,0.3731993564207134,-0.135125743,-0.178493877,0.4174909530778581,-0.074200262,-0.490379457,-0.143461629,0.2452094832700132,-0.465580497,0.937837692612242,-0.420009579,-0.104015313,11948.32,0
237063,0.2108024267565113,-0.097106841,0.2262698237259966,-0.879351907,0.4819732336810907,0.1238719066748946,0.5970992042027544,-0.076299689,0.398111615536084,0.1528706633114831,-1.261781455,0.9288835835900906,0.995188107797685,0.2694293338145602,-0.254984956,1.0837669660761768,0.5600933991739846,0.2147880411803807,-0.368216301,-0.337224606,-0.26593604,-1.112244953,0.4573911709805074,0.7136901578792463,-2.10714445,-0.613009461,-0.264039633,0.0881617431646729,13739.09,0
562016,-0.313121699,-0.1450956,0.1257149377394502,-0.409111798,-0.151392997,-0.151698424,-0.17288714,-0.076403566,-0.210687065,0.0466317946671293,0.6289265456496598,-0.643602673,-0.82400022,-0.55962886,0.3330921951901934,-0.350501891,-0.674366259,-0.573587972,0.9039622417538952,0.3860421519675636,0.1152785033083768,0.4932298870368839,-0.160217464,-0.152241135,-0.637191398,-0.945492708,-0.044006524,-0.003550783,1241.81,1
524090,-0.078193417,-0.242948008,-0.03920603,-0.370525936,-0.2794431,-0.153359216,-0.273323316,-0.041047268,-0.025741796,0.0488102321505441,0.6842537342053978,-0.616655767,-0.945960275,-0.56495186,0.7422964022457295,-0.488790647,-0.574325412,-0.624155625,1.5967916228126295,0.4884934365820833,0.1277940455326036,0.6548116589287609,0.0650194247037703,-0.058521335,-1.555599901,-0.962321443,0.3388614381705346,0.1193346104941331,3003.16,1
388579,-0.924150315,1.0748624861005338,-0.885070402,1.0326444137483923,-0.889333755,-0.614384696,-0.877239959,0.7624949350199949,-1.663057467,-1.159068514,0.7918000389342694,-1.133232428,1.648256380373022,-1.118309411,0.148164830788375,-1.295146906,-1.425328688,-1.480068486,1.2750659578396657,0.1280291742310695,0.3457977695965685,-0.804559705,0.0934726206978652,-0.343980215,-0.508236949,-0.497967717,0.041472555846081,0.7396927896779636,14297.94,1
200831,0.1733968881985619,-0.114478039,0.0817522307526032,-0.924464013,1.3448401250780635,-0.309539658,1.1864430368957877,-0.282776302,0.2190111959555834,0.3598126733934094,-0.968082321,0.707099844325879,0.9125148780891836,0.2017150690577291,-0.795767516,0.2399722683664701,0.6608226778073987,0.1794326254866404,-0.453157379,0.0374835747317044,-0.059876009,0.6699434741763751,-0.24283577,1.293918912215672,-0.752830893,1.0646090149256913,0.0385911047025272,0.1212248849132573,1111.65,0
356157,-0.755441559,-0.27044951,-0.150817324,0.7486423294464859,-0.564723713,0.966754644722399,-0.090221303,0.0215628052305974,-0.740740232,-0.436838315,1.0875599569603436,-0.908189855,-0.433926688,-0.816453172,1.112259813960413,-1.001485284,-1.163453666,-1.069401318,0.3440456181842862,-0.526439926,0.1456204728493687,1.1697409064840811,1.0778252320710249,-0.414686401,-0.066750742,0.4070887630072803,1.0341508290144443,-1.477854751,6202.21,1
216881,-0.072948503,-0.667105441,0.5123390521093286,-1.736741697,0.234993356340758,0.5459029278342932,0.3238041278375895,-0.018706932,-0.070845283,0.5245583328756015,-0.590922549,0.9623747291434008,0.9763842852342084,0.5841925694807286,-1.723392084,1.6520797608744495,0.4037573140627677,-0.214094766,0.7266678957416304,0.1653716045958977,-0.060537924,-0.195815077,0.4655665259883806,0.3703976152838755,-1.971798864,-2.040184914,-0.113024497,0.1546650599937123,10682.66,0
265458,1.8928719234466524,-1.072314854,0.2224811100605969,-1.697877801,-0.017415469,1.1655338323945434,-0.033707936,-0.057795626,0.0222881320150193,1.3344673265506142,-1.093828081,0.286707718668104,0.5795949332367822,0.4320735026532089,1.0758878917819523,0.0105516980934,0.8541181411161302,-0.334910469,-1.21943353,-0.658117664,-0.226525209,-0.340685086,0.5145165823282308,-1.058483199,-1.259365446,-0.879427051,-0.138873532,-0.196474681,78.38,0
400251,0.5532451934540457,0.6986366865413604,-0.910450044,1.4293711717983428,0.7687385208374402,-1.112435957,0.0477376673662224,-0.016119241,-0.753939268,-0.48366991,1.358034824262229,-1.009577324,0.5689668469061919,-1.209529861,-0.4352889,0.0312669476303801,1.074401225476827,2.098309722527719,-0.13958845,0.3379628888318958,0.0335170332705996,-0.037164829,0.1024086674238951,-0.745631961,-1.313777085,0.9949013640062128,0.4865661567954208,0.2972861422519599,21795.24,1
142935,-0.198195189,-0.076051543,1.0714045757626731,-0.538113649,0.2049072236791221,0.1527693048749361,0.56897763236859,-0.055136014,0.1365743870714953,0.0610886097298057,-0.990367764,0.3776458648557968,0.4404575898663708,0.1268622063288099,1.5448919587308636,1.4287976526965374,0.7631811915832103,1.2950631241814192,-0.423328696,0.0065395339590391,-0.055963618,0.0116980136452478,-0.236702648,-0.376196854,0.5743871986532537,1.0318988658822887,-0.347260549,-0.033091848,19857.51,0
330153,-0.518291569,0.7218731951480445,-1.098991304,0.7264293150703526,-0.991086646,-2.321529535,-1.269098781,0.325575543200874,-1.084361346,-1.976909322,2.022843525124248,-1.808879327,-0.261115881,-1.930084087,1.3277649018479014,-2.127961094,-2.213791371,-2.070681182,1.9049108541670492,1.4274768578670918,0.6174580749634083,0.0316398422376461,-0.356863913,0.7301728562425063,1.8229529665943829,-1.184402741,3.3003601837421157,2.548222578789254,1989.54,1
318977,0.94301868233363,-0.076180432,-0.010923268,0.1419249747064296,0.6109005680554627,-0.127247457,0.5365077896951782,-0.153475775,0.6206357081556647,-0.068275038,-0.18453314,0.2252772737519838,-1.063435565,-0.581579213,0.5207389420844614,1.1583795307324392,2.6669341528984467,1.400990673034797,-1.214744057,-0.271365521,-0.260597795,-0.776411153,-0.149566605,-0.590795079,0.9999255036115262,-0.731237576,-0.125970317,0.1939192691816718,13433.04,1
300295,-0.382959275,-0.132311549,-0.516168983,0.6372382447990016,-0.57685288,0.1043137830650741,-0.253297616,0.1210410813029686,-0.718811324,-0.825994978,1.004277290357354,-0.898395879,-0.489243555,-1.062658229,-0.349512695,-0.934453021,-0.907286869,-0.60763887,1.3045748152791,1.545744366878652,0.3022962639477066,-0.155745116,0.2249028143757806,-0.405999843,0.4521280927072184,1.8894143822513352,0.6959316725195862,1.0681879740017082,23625.18,1
434701,-2.559210515,3.2219046197316965,-2.450226542,1.2702176614273093,-3.170564234,-2.833263158,-2.404011374,5.5685593025543545,-1.073773076,-1.185887471,0.924365655382112,-0.885620779,1.32907938716333,-0.666882931,-0.175871549,-1.082473129,-1.315010685,-1.412808454,0.3485458191791394,1.4822387185177082,0.5722499325045876,-1.806037168,-1.282402038,0.3721902629435222,3.569706454549572,-0.487231503,1.5766144494219665,0.811179858491243,135.22,1
11390,-0.22126569,-0.060866817,0.1802289999012882,-1.944070059,1.076886070151461,2.0275450156253774,0.1704826950046523,0.2746490526978991,1.2785088010797507,0.2082432954128741,-0.363450679,-0.264484773,1.794376701305861,2.452604504716767,-0.148083742,1.4279645101038076,0.3988485446510854,0.611947073450648,-0.777633549,-0.168798554,-0.207634232,-0.738909406,0.0401817496893454,2.1359819155527755,-0.118034087,1.4632117451503637,-0.22930715,-0.132693285,21537.72,0
341748,-1.442458874,1.52471345801949,-1.607671093,1.4100516716983045,-1.751164656,-1.812688515,-1.93483509,0.4643379671710685,-1.506613307,-2.028859741,1.6496369244724145,-1.825006531,0.0238016391220197,-1.317733649,-0.392799375,-2.022577829,-2.046672187,-2.064989775,2.0915538234354485,0.4261673605070996,0.1939244206307888,0.9420559766837676,0.1442799575531004,1.238372921945471,-0.341213385,-0.530073141,-1.251742902,-0.16995183,1614.18,1
190130,1.832493418199755,-1.070840997,0.0669007400233436,-1.808285883,0.154012413041938,1.3269344570803423,0.0404122816512214,-0.047577173,-0.211030097,1.4208586212366896,-0.203238404,0.7279581865430143,0.6699406190435437,0.5634315113948747,-0.303274793,-0.005419654,0.776134510102293,-0.315163799,-0.544088422,-0.571810573,-0.325893858,-1.008796891,0.5401208943495277,-1.687607694,-1.287579866,-1.473393146,-0.174411321,-0.228391646,3844.66,0
483428,-2.422418892,3.291437644181232,-2.410632995,1.7136212504952932,-2.744660541,-0.181537781,-3.378572911,-2.305095624,-2.788140051,-2.902882845,1.009410012718367,-1.447778146,-0.803293191,-0.432580583,-2.310071942,-1.385927798,-1.48629555,-1.664700431,-0.642256648,2.697096517085838,-4.36414009,3.811331913295561,1.0414644577733403,0.593957504464239,-0.887958601,-2.379436561,-4.683873183,-2.931094012,6454.81,1
181844,0.3294483446630536,-0.142734197,0.0110776834266475,-0.218301543,0.5681439547769492,1.0542382476806014,0.3759049412407256,0.0267849189024013,0.2628467952495323,0.4590729830738923,-0.024333024,0.4899407547492109,-1.11483886,0.6966672050178612,3.0717210255350285,-0.037161486,1.326588193823329,0.7264618576311145,1.0228113523556197,-0.26490204,0.0502739188972333,1.1421561788381775,-0.110762639,-2.652006773,-0.820748959,0.8236467056777897,-0.401952585,-0.403276061,12324.48,0
255341,1.8452615410143811,-0.392342239,-0.121913304,-0.501403184,0.5816500607677951,0.1972609507885328,0.4967613788224932,-0.195423655,0.8103435953041273,0.4432587293356386,-1.320683284,0.7113329515805665,0.538645402383872,0.305137937853026,0.2521015937961696,0.7439192245842721,0.5502952545714295,0.1611584778127433,-0.054996743,-0.291625348,-0.263625208,-0.90671892,0.2589687662459339,-0.078916108,-0.387675219,0.4778775094004007,-0.303598845,-0.187096242,10241.49,0
437301,-0.528471337,-0.023893665,-0.206705604,-0.26069984,0.1437446951377828,0.9292025554014772,-0.415130152,-0.639248912,0.7239309067746269,-0.582755822,0.3203864209885447,-0.77914275,0.350916463520297,-0.263291021,-1.799461116,-0.622828922,-0.501282445,-0.272325615,0.1290775684832784,0.2207900447786975,-0.161329857,1.0015979621212328,-0.302497727,-0.582208468,0.4859854156109896,0.2821749018904911,0.3463268920276643,-0.448540202,18470.67,1
225687,1.7870017183074964,-0.879725338,0.3578154704612546,-1.102545421,-0.205896454,0.0841047681608107,0.0966814968926419,-0.132940258,0.5077751015415318,1.076265104831282,-0.158844563,0.3208025838811065,-1.33381447,0.7599983619928695,-0.015704433,1.981758662638306,0.3982217161374044,-0.064933023,0.3830273953731748,-0.221799494,-0.062162259,0.0527566801890087,0.3460891457401103,0.0627662220485589,-1.047119494,-1.13147052,-0.243037714,-0.210680246,15401.23,0
202249,1.94199471687883,-0.630937249,-0.165012916,-1.150213069,0.3422311029148064,0.1680686808102358,0.323843012411366,-0.176001605,0.1172693469374076,0.8129858084418597,-0.145308294,0.3893176551030152,-0.411931315,0.2805547609962641,-0.777660256,1.6053255690317596,0.8306512323258233,-0.068047115,0.6355231000372765,-0.157309447,-0.112504974,-0.142472336,0.1297417873257095,0.2521787123172355,-0.075526412,-0.705625687,-0.277622872,-0.209013495,13302.65,0
33994,0.9547059640678353,-0.443395183,0.4089922347892151,-0.521928243,0.1062789884558911,-0.503591534,0.6459258281821876,-0.252659387,0.36679762953864,0.5466473252744098,-0.545804808,0.9265280506329936,0.3332631913108127,0.9847972590185968,0.803558870624162,0.355829103489226,0.4234058809243937,-0.133481655,-0.24005391,-0.078887813,-0.09435412,-0.106389616,-0.139139173,1.7573931133950151,0.7310592732574269,2.0551600285429434,-0.37739268,-0.081105268,22541.95,0
462188,-0.04206784,0.8379326771701695,-0.904633529,1.4479521173480403,0.594317195850406,-0.824601564,-0.186236123,0.0822529492936686,-1.478982743,-0.817941493,1.2549963815850034,-0.985144832,0.4929261045192064,-1.557934389,0.6449421383738673,-0.463576418,-0.11763865,0.6866023566680155,0.6154537312243359,0.6882344584741683,0.1229303460915047,-0.356349764,-0.25867517,-1.678570995,-0.294158377,1.146715900341257,0.7748060092915856,0.823531217369392,16631.95,1
71408,-0.727422127,-0.43563132,1.3047224518017178,-0.787430634,0.2743268318072262,0.5257513734249856,0.7469146584389948,-0.209508229,2.2176760525679664,1.8641550417111925,0.016782738256375,1.3122619077218622,-0.553061444,0.1241951803321608,-1.574646485,0.1398490992606016,0.3525738903825029,-0.115178606,-0.479357801,-0.487145727,-0.419767899,0.3776183870619991,0.3508641254511612,0.6266901403825245,0.5311544084801504,0.7386188553316597,0.1165935338904104,-0.833154186,3164.27,0
233468,0.2870274651811648,-0.308144743,1.3559104976376342,-0.096755684,-0.00760211,0.4269198895273703,0.4980995716207538,-0.173399366,0.573268719140427,0.5315420749474259,-0.822049969,1.3426381685412407,1.6804820888856988,0.5418240101409657,1.822035908602852,-0.113715397,0.648281602873942,0.6050514609833381,1.4751553084124167,0.2501822114999028,0.0892931383718698,1.7021188149813546,0.1001941901978041,1.0658159755188386,-1.751253619,0.2919171076010676,0.1706950298190744,0.554702472724228,6174.67,0
396789,0.0346764709245676,-0.122884155,0.7414057942365334,-0.291561881,0.622599684340525,0.3930106740377646,0.6187430039176536,-0.118725378,0.1212365844919217,0.4062947488382556,0.0755058424077153,0.5829432439943077,-0.723763418,0.3525194000907816,0.8777003669099263,0.5824080277567492,0.7669027565379928,1.0009032590638556,0.1005994922058595,-0.192052448,-0.094162462,0.0222688295310914,-0.157437001,-0.505111749,0.1204660213106739,-0.345866787,-0.293786362,-0.074700669,4701.83,1
240275,-0.550518656,0.1313309378072267,-0.044144601,-1.452841952,1.3037546262872648,2.5973026584371044,0.0043292180029729,-0.522519369,0.0859424921825208,0.1220886289034843,-0.980623198,1.111156572040776,-0.470873652,1.7296858674866504,0.2659810821988171,0.2603819535234122,0.5820859226730776,0.0349902997571333,0.1711286888240558,-0.006707075,-0.353898526,-0.600602984,0.0556135785777054,1.4106223222522098,1.0143949839122373,-0.896370762,-0.974985582,-0.148565412,23229.47,0
77116,0.8820271957723701,-0.585203861,1.3083781829950891,-0.266405997,-0.097589614,0.6975199857800057,0.16589560069911,-0.050551181,1.3419114196514483,0.4885245387003737,-0.815646084,0.4376679934443537,-1.989781704,0.7339805803577243,1.0370511984824022,0.2334625895248234,0.6715152396989438,-0.221652559,-1.005997404,-0.469961671,-0.117183093,0.0142679370100865,0.1328719769702291,0.1874994787804142,-0.090928003,0.7930560684594378,-0.194856089,-0.051713351,7946,0
437056,-0.368839567,0.0444852237391616,-0.020961156,-0.312998985,0.1649733899762836,1.019584440337285,-0.348527058,-0.690937854,1.2462037246450577,-0.507200963,0.3255074029741364,-0.765780575,0.7121178761148929,-0.277779351,-2.136573535,-0.452433196,-0.375366735,0.2254615343214169,0.2802519069264215,0.3542998289432985,-0.128714803,0.867407446735884,-0.296113121,-0.615449917,0.1662499182355179,-0.222392497,0.2343074422143889,0.1282954498874685,8073.86,1
102412,-0.075092707,-0.095067059,1.5343300336378258,-0.649471511,0.2040957501875024,0.0812594516836763,0.6453254759274099,-0.129463116,0.4214159560026259,0.5878851799152853,-0.594449997,0.4924632414680641,-0.671226974,0.8506703257406489,1.39527662,0.3633021110932847,0.4520379775509173,-0.144364212,-0.649899958,-0.029619752,-0.192187253,-0.486392527,0.0362249622328953,0.7614161217945595,-0.536923252,0.2128368607896499,0.239846185554168,0.3274225655531904,12087.86,0
9735,0.922689943837888,-0.530477792,0.9480044282844028,-0.569069654,0.067809049656354,0.69950181332933,0.1958799211318458,-0.083056052,1.7405881684795663,0.4413347358586058,0.4649350535129609,-0.231535403,0.3782504408276034,2.3877344212314053,0.583225116640391,0.5660172001920357,0.6982248233366463,0.2607555976246821,-0.960924914,-0.392228538,-0.092978494,0.2394122477905327,0.02629687282076,-0.499306638,-0.11128919,2.1161933485157216,-0.315500568,-0.133928917,23409.53,0
317634,0.3608960219728565,0.0238584683345054,-0.043167346,0.671674277941872,-0.133610253,0.1298112419928488,-0.178405069,-0.009775309,-0.300885128,-0.231662344,0.3043937898648434,-0.43412443,0.2773276237582663,-0.672353565,-1.206020336,-0.49265077,-0.561078343,-0.549075016,-0.162812183,0.1736454034021758,0.034253242247107,-0.197887416,-0.202519891,0.1743987629868958,1.2312768456886838,0.2883657929635644,0.4983287736172245,0.6252974648002925,4403.3,1
145915,-0.357021015,-0.17203659,-0.166681884,-2.285807741,0.363059882067365,0.3723170769239174,0.8110146308232677,-0.725603568,0.5642541989102149,0.1884197484199606,-0.673861557,0.6711536979694379,-2.040507321,1.635547067771371,-1.687758802,0.5864959659052992,0.2335297060773838,0.3877370890250489,-0.619595898,-0.188599368,-0.589597334,1.0556791670650676,0.0702010715601011,0.8626508417817315,-0.716204489,0.9575870672721442,-0.388318454,-0.769643797,7995.79,0
13729,0.024757367484362,-0.133024569,1.459609082829412,-0.586511728,0.3294610988254875,0.1041366379465653,0.6205576787001397,-0.163098807,1.2648641068633428,0.3544586063561067,-0.663500189,-0.47498864,0.7165144920814154,2.1427141786342685,0.2676412862884088,0.7150047158354104,0.5178765180168704,0.4740352244258659,-0.209601951,-0.137658833,-0.273874174,-0.882540999,-0.058343827,-0.37974663,-0.379438311,0.1667773526963358,0.0325100858006243,0.1625254518943851,912.78,0
3112,0.9479201658675904,-0.683507434,0.4522181961440656,-1.493618623,0.2882446015193686,1.1349648826346896,0.2516322751465042,-0.041949708,1.9080276506310228,0.1286547204301629,-0.718648793,1.2542325627477229,-0.613983743,0.7402359229190104,1.855052609580808,-0.387030168,1.011734114890628,-0.65176466,-0.402854455,-0.434872916,-0.108813246,0.3654451444561231,-0.075762776,-2.270578284,0.6191514502917121,0.5036044279313769,-0.139137421,-0.126168003,19995.46,0
356386,-0.42484337,0.5646782109377865,-0.573874887,0.3172694018868038,-0.34460235,-0.955768228,-0.497341527,0.2549538139661307,-0.161034474,-0.976108058,1.4123095733956192,-1.201267764,0.7135069720021693,-0.966917358,-0.514146976,-0.715997211,-0.692090438,-0.273867938,0.0855524429034979,0.3027608820243292,0.1370353851698085,-0.49741434,-0.039240741,-0.010040291,0.0762725231662757,0.6889109386529613,0.3835661602771063,0.5432680885192906,5378.68,1
43466,1.0242256456730563,-0.360200252,0.8396662603384536,-0.330016093,0.0267282274929996,-0.247365876,0.4537325951510877,-0.201480157,0.5194437866025329,0.572185058548827,-0.572819832,0.922184811949428,0.2189089570126456,0.8672025821301218,1.2005204674830487,0.6038861860888348,0.3486482217786807,-0.044345017,-0.424656697,-0.279642709,-0.199902408,-0.652131523,0.1597245797329606,1.5204699793145071,0.1950368583624508,0.1838051889869598,-0.270969481,-0.047106501,18225.11,0
36932,1.0263185372788464,-0.637043887,0.8387237440771087,-0.841400084,-0.184652049,-0.346804896,0.339515541966705,-0.222885666,-0.040815579,0.8934154930743496,-0.507369412,0.9625271059627046,1.0501245462490172,0.7060725691764052,0.986629654517371,-0.12795667,0.4689760102404988,0.6373541378811285,-1.028633305,-0.504877002,-0.337317449,-1.150850195,0.2371480399712939,2.0275197185616807,-0.264362809,1.439992679261643,-0.305941557,-0.025008747,2721.44,0
212038,-0.619483486,-0.069764796,0.9180029417841076,-0.865676342,0.1654442741403128,0.5684243441576139,0.1134865979000291,-0.883234599,1.0802157580370495,0.6440490770570612,-1.449649496,0.7293097278473907,-0.305064836,0.6797410719774669,0.2920934445666586,0.8130747671339834,0.3730866593311434,0.1998104417735439,-0.400976316,-1.742406421,1.090524786023768,-1.412203354,1.1325169237414858,-0.273961832,-0.14886689,0.227194609956053,0.6887076048941867,-0.602519762,21644.96,0
383050,-1.563368326,1.2185887725725495,-1.438835359,1.2874363126848327,-1.790041451,-1.018363098,-1.384486192,1.655514263632918,-1.833029347,-1.636137924,1.0374339692617005,-1.339091162,1.1862777899733912,-1.242271679,0.433194992948524,-1.490984646,-1.740629843,-1.722810471,1.082497499268614,-1.395947218,0.6634476879490846,-0.079340813,-0.711878395,0.8777631319719502,0.7028936356489177,-0.168591519,-1.329026268,-1.211738222,6564.25,1
20936,-0.512073845,-0.024784963,0.6578819689845411,-1.018841147,0.1159084054320035,1.4003723218152693,0.1236001164392309,0.3755913982792651,0.4208330239018164,0.3278104602739079,-0.06719963,1.9802339215325115,-0.032310155,1.2313300887444374,0.1746741136744698,0.2766680017932129,0.764770532267502,-0.337627306,-2.025234135,-0.334165997,0.0347420191557833,0.9829602794578816,-0.083501068,-2.06745169,-0.35522019,1.2420348290426813,0.0574879039592668,0.0125648098952106,8376.76,0
489784,-0.561188009,0.4057501052352655,-0.661827791,0.7113177244693932,-0.257393405,-0.438394305,-0.274533288,-0.068250675,-0.642579775,-0.456835127,0.5706572751083444,-0.868938514,0.5149320849884086,-0.979170096,0.6585189251705464,-0.966625292,-0.843731081,-0.856063012,0.9226559881907918,-0.086431127,0.3386840376872863,0.1786786628013749,0.1810784902616545,0.6890144340447276,-0.196202821,0.5041764158138347,-0.676500606,1.7336635172077124,12892.44,1
188170,1.7966535901453642,-0.43604986,-0.186667659,-0.483744636,0.6761805120675034,0.5764996221031555,0.4032287242652467,-0.143879789,0.8913271887010766,0.397684332195984,-0.460923345,1.0009500475727655,0.1606386350186363,0.0941202625607131,-1.024438536,0.8773608354283593,0.6790744579758422,1.0739043136034387,0.1987345078685676,-0.267317928,-0.121477267,0.075771209335374,-0.088332256,-0.719267223,0.2549332676857077,1.359765463991982,-0.291045193,-0.205565597,6273.21,0
304697,0.9749940879117516,0.4579696732407066,-0.803958236,1.0581334515787386,1.1300326859053715,-0.624191385,0.1594301878071624,-0.087314584,-0.9047642,-0.472789334,1.0800963084269646,-0.63115746,-0.401656757,-1.316900305,-0.618743833,0.8002071976931261,0.491116675702882,1.575801152319088,-1.950526944,0.1715011253279658,-0.052388648,-0.750532935,-0.100499148,0.0185905441668257,0.5471772616548951,0.159326148420454,0.3707936801827993,0.6861116702920836,9481.87,1
421951,0.9841816757350044,-0.102753393,0.3902553417399914,0.4318522877590397,0.4651462735302721,0.1372100898746186,0.4969214560982064,-0.188961533,0.9703880714542604,0.348012233414624,-0.327875913,-0.438382404,1.2654174370136089,0.4097635045834466,-0.850439107,1.3352320164664664,1.3600198982341365,0.95367309692394,-1.238775716,-0.326982342,-0.290841695,-0.898982696,-0.087462314,-0.336357253,0.8269484596560578,-0.153065731,-0.250438858,0.0414308221696385,3714.71,1
355628,0.9923396678363744,0.4768896890427195,-0.791368621,1.0941851546829235,1.0323914217449155,-0.929224634,0.1900116804958382,-0.125738447,-0.853372019,-0.500574573,0.7976088671522785,-0.683728502,-0.074815659,-1.338582321,-0.136007758,0.6445041269033217,0.5790643991920137,1.1149764296482254,-2.234193614,0.1772223932503185,-0.061744008,-0.776126508,-0.065889444,0.7135350387506892,0.5609776056230871,0.1438214342377248,0.3751665962155008,0.7141243621387614,23492.51,1
64803,-0.523137708,-0.654403214,0.8385835495770501,-2.658250371,0.4579771761448322,-0.446376578,0.6072628994720544,-0.210225368,1.9828587325200788,0.2138083333018094,-0.117937943,1.5106289334013905,-0.71325159,0.713827410078524,0.0673893721917621,0.0701507929616939,0.2863528984580978,0.6033047702586591,0.7760000397014332,-0.829651158,-0.222148218,-0.034623347,-0.239426877,0.0858121294072317,0.8325138896120254,-2.89287869,-0.844468611,-0.869895394,22494.58,0
178501,-0.766866968,0.6835463871151407,-0.522140358,-1.397955528,-0.131844115,-0.499620526,0.1238373541048228,0.5637045334581269,0.2441953407005645,0.7321241380628554,-0.707392055,2.048390126423528,-0.361525255,3.257882294396357,-1.01009566,0.6441037169396796,0.6175305066305736,0.5681173146754752,-0.291509626,-0.094875779,0.0459152804206809,0.6504028732369423,0.2383247690936022,1.669670132189497,0.2240180199003738,0.2018086871953091,0.0487668666616228,0.5010404651596797,3821.66,0
190719,1.79538930994812,-0.308916857,-0.238764048,-0.06427765,0.6959429764389734,-0.077967812,0.6494074194470385,-0.207804771,0.7471397309770589,0.4765271220284752,-1.47789619,0.151143644832139,-1.841287531,0.3911055320350157,-0.229836636,0.461823955384769,0.8051697537103971,0.6213321134405664,-0.420694752,-0.488752671,-0.136546766,-0.148836557,-0.039271834,0.6475108147937622,0.7166920148720994,-1.247241295,-0.255440662,-0.167870296,20263.25,0
184819,1.7559079731396892,-0.709650599,0.2491068916584146,-1.016265252,-0.018211485,0.2924491682844602,0.1658564182794986,-0.109783181,1.5120702374602246,0.5825744523709016,-0.22394389,0.6958314701802285,-1.52984984,0.964488198585375,0.6772306407787744,0.9335746371045748,0.2394337791271646,0.8941614794340067,0.0252828030756314,-0.40986617,-0.025844356,0.5164781889352206,0.2306871902225126,1.7322265726396826,-0.811531777,1.7215934671247668,-0.318679443,-0.248574396,22604.95,0
107513,1.022462823489951,-0.325255143,0.579889520245426,-0.411938166,0.2261447126147614,0.1571216102716968,0.4468072770113276,-0.172355416,0.2984015163344952,0.5403021389083359,0.09643661329225,1.8514885704255888,1.2171934037424574,0.5563381663418612,0.3171861063699479,1.007798064323974,0.3112982588399139,0.4474323533024236,-0.037426756,-0.162261911,-0.203554898,-0.659508943,0.0423459010008282,0.0149912700856299,0.3463340108320064,0.2267928580876961,-0.262017602,-0.053354322,12393.35,0
264151,1.8549054929762177,-0.850144593,0.431942148683743,-1.156723457,-0.158332517,0.4487936361138156,0.0603477567461145,-0.142291107,0.6434127322616094,0.9196476742886528,-1.259430873,1.005887723150945,1.573135094587025,0.3895688092310797,0.7045824918829867,0.0361956561981807,0.3386597704951412,1.1594327795907693,-1.026735208,-0.642406372,-0.253854641,-0.433291898,0.4570973076270649,1.544764380909956,-1.336574078,2.0718628521180515,-0.274034002,-0.183558935,16115.99,0
264163,1.3955644911788905,-0.413902099,-0.187577746,-0.033906021,0.5487358139003466,0.0122428393397221,0.6426474203056913,-0.192693256,0.4514387850983942,0.3708530862096768,0.0298625250828572,1.0108475190861763,-0.020254802,0.0814845842905262,-0.16071934,1.238161001799973,0.8033118614638419,1.1659100361236614,-0.495457114,-0.012195267,-0.19591643,-0.866517989,0.042015273552523,-1.211923884,-0.317054697,-2.4571268,-0.233702868,-0.044877445,13510.66,0
458529,-0.007262342,-0.80827345,-0.171672033,0.3455847000069287,0.4756220021508712,0.3933640115621479,1.0431042049439758,-0.161211125,0.0380958355085578,0.4361458062811752,-0.072821407,0.3471285501666479,-1.063839042,0.3801237670088805,0.216425038686412,-0.031284748,0.9408623584873158,1.2449060594826171,1.4213609356090953,1.0321454539601371,0.0908447146561133,0.4540528718208054,1.311078583672632,0.9777710447996668,-0.993943529,-0.749192975,-0.220693647,0.2211300061032872,13678.96,1
552229,0.3871015604681944,0.1135547895104561,-0.265234103,0.4960508201628332,0.0144700180429299,-0.335905031,-0.098128634,-0.037642215,-0.490681075,-0.325436028,0.7003750423532777,-0.56482289,-0.644689732,-0.714665008,0.269275122548849,-0.33456439,-0.465593202,-0.298571791,-0.410124761,0.1616964241994515,0.0268645581517829,-0.445116707,-0.166630302,-0.147142224,1.0640581607296309,0.3723399737448697,0.4552672012148319,0.6531966040803223,23832.65,1
462806,-0.653472418,0.4586338610037106,-0.541053359,0.6515519309171044,-0.219806909,-0.297217035,-0.628926635,0.061285544705241,-0.796154066,-0.806559624,0.8896753920471638,-1.020491373,-0.693971626,-1.095227735,-0.41242661,-1.159197317,-1.114318618,-1.137056455,0.3955583535797423,0.1663575431345735,0.5216013887514255,-0.222229622,-0.416434417,-0.772086074,0.0254638436525712,-0.160282558,1.121975240329894,0.5002035536307994,13606.35,1
67242,-0.541739524,0.0237064039180568,0.8838762784991147,-0.496855434,0.5634716400272101,0.5779173588055616,0.8483834809128129,-0.353044518,1.4372908247615206,2.576530274090036,0.0505892156665539,0.3903590861757672,-1.270458149,0.4281480824640616,1.2178605933613256,0.1084236640980673,0.2409538293889559,0.4162901187955949,0.2202064435967778,-0.239803798,-0.121539703,0.5836880858779269,-0.17456259,-0.545795726,-0.729868519,-1.392679179,-1.929019431,-2.307928133,14604.18,0
239149,1.696145492702535,-0.577318399,0.3185451302910544,-0.506114781,0.0723301734152631,0.3773970948611261,0.2461552526097862,-0.123575752,1.2683585076549513,0.6033396555943681,-0.295907943,1.3995822556456123,-0.272077679,0.8320934731398523,0.0287057321741791,0.7733880401523358,0.2049407036076734,0.5802495616900615,0.0132195087092006,-0.416709839,-0.164180763,-0.330455974,0.3217768857962519,-0.766885935,-0.784019974,-1.551451966,-0.200958484,-0.211733711,6341.45,0
193673,-0.141086003,-0.089025423,0.6749114977444113,-1.384744807,0.8001757911580061,0.4978258268456066,0.9613527305444016,-0.142182595,0.3269268212751402,0.0009939023720104,-0.197772259,0.9696053661496364,-0.021907311,0.0786278259270337,-1.325152356,0.788128175448654,0.6614135033345363,0.860086586799418,-0.272239426,-0.221318442,-0.190811491,-0.576125725,-0.477331033,0.3641648045030878,1.3328580754391337,-0.187833125,-0.368934421,0.0464273878265161,23070.11,0
82248,-0.253059187,0.2159319048469916,0.0930982052438799,-0.252833782,0.0757836845498072,-0.037746631,0.3879567360671478,0.1266950302446316,0.1281654874951577,0.6426352925773181,-1.093873858,1.0975073950662673,0.3424368936458332,1.674430165017291,0.9368574855642604,0.1883731152874644,0.668207961655534,0.0223485740635986,-0.258861287,-0.219146325,-0.012864052,0.5871491839451279,0.2020131682153406,0.199298877412803,-1.037188426,-0.892341921,0.1228873871504004,0.2729628875746241,18075.14,0
376554,-1.199085431,-3.849248638,-0.61172903,0.6129695422403006,4.435507087271066,-3.992496546,-0.780307882,0.201091447750024,0.1414963901232452,-0.500095686,0.4554294744310987,-0.472800804,-1.976869662,-0.743786581,-0.933969468,-0.200906277,-0.034264133,0.6872224671378361,-0.097720876,2.584417764396901,0.3452094184070078,-0.890069361,-0.30055795,-1.068999495,0.1181305194991046,0.8787103839099593,0.6736232568597336,-3.103749671,696.26,1
96921,0.915965228982466,-0.568429176,1.2459366509904577,-0.326593658,-0.073340977,0.7285158369265075,0.1611950213542445,-0.048063105,1.1151264960514995,0.570389671407023,-0.138930265,0.8971897645456711,-1.591187067,0.7724844335710435,-0.130032442,0.5544991312026345,0.4215166016012953,0.3175977828135756,-0.296890673,-0.405417224,-0.11705809,-0.013754523,0.0502231543383977,0.081846770183261,0.081866857122261,0.7372690988036137,-0.214248062,-0.077750018,18465.29,0
209024,0.0862642562585846,-0.195961418,0.6104115091504115,-0.91633099,0.5460897079818686,-0.184979116,0.8569666959896,-0.218098962,0.3945989200580412,0.4630234738195996,-1.048842783,1.3721536071977505,1.4890112215397673,0.6019739710791558,-0.552407343,0.3414069236265148,0.3069219524807069,-0.219801072,-0.338176624,-0.167376683,-0.199623965,-0.415004881,0.2458246995215581,0.0618933263007852,-0.749454779,0.3150658706283141,-0.057586047,0.0804507475954764,4041.77,0
238171,-0.286589174,-0.107816264,0.1344738457317258,-1.177868893,0.9152984050885616,0.0564061279809816,0.959829189499907,-0.107301092,0.3874344300743828,-0.159718033,-1.380491894,0.7039386060287245,0.5402283838235654,-0.053780686,-1.225372111,0.984316848031421,0.9037518459635592,0.6892408733722449,-1.341360429,-0.455876942,-0.144311776,-0.339695338,-0.522599166,0.2687405655500609,0.8876346364895782,-1.191931288,-0.285108312,-0.242236103,23189.34,0
310695,0.2681561057567125,0.0523317695115188,-0.043808388,0.6505820683868409,-0.102409798,-0.058482698,-0.130509941,-0.059184399,-0.276592034,-0.237260063,0.1507517300243433,-0.375336354,1.289097162267708,-0.7230986,-0.951625931,-0.533510051,-0.537522312,-0.683635148,-0.355809589,0.1949065789002278,0.0214623802193068,-0.171825272,-0.160445007,0.5636435395602367,1.1449389790313111,0.0826288021283261,0.3856833328739782,0.7155171569337225,22680.77,1
410668,-0.347989964,-0.011927551,0.2461878466097079,0.4598514302499505,0.1179702110559892,-0.270525173,-0.144803886,0.0144769184714818,-0.216454187,-0.278348175,-0.234129784,-0.685420478,-1.774135214,-0.593798383,-1.280129666,-0.449989037,-0.568052422,-0.562504552,-0.779109922,-0.155925627,0.0402127072009915,-0.24132273,-0.330614776,0.3884552754392199,0.3078707085941474,-0.100223337,0.3494962053471929,0.3760831984907318,1776.1,1
21580,0.0180374244264103,-0.181908734,1.5771617218210634,-0.317928774,0.2724239543564749,0.8469573524199209,0.51569448671057,-0.077726821,0.0638365564916781,0.6539446953492255,0.180715596790755,0.7255897108705508,-0.920904158,1.17564747347678,2.131595917623101,0.0764248813349537,0.6556943616898965,0.0630568126753272,0.8018421599315986,-0.118230355,-0.121055476,-0.193106882,0.0514648141418661,-0.523351413,-1.231065779,0.7398609824856636,-0.231551851,0.162041001580199,6176.9,0
416203,0.6449206195103523,-0.282638998,0.6068680232591468,-0.559966956,0.2403363130802359,0.0288951792697591,0.4958588311098201,-0.159107762,0.5196788223366684,0.285087916631299,0.0758432055736104,1.215709870663195,0.1400129626234659,0.323731956350206,0.7136924630128868,0.5329332316354414,0.7182500302942877,0.5245321551890273,-0.371465239,-0.237559549,-0.093615117,0.1326263764560989,-0.139400807,0.458976492871066,0.5158059256826721,0.2279325239610777,-0.209413731,-0.018564523,20347.77,1
370970,-0.79576073,-0.554375702,-0.022610957,0.2358050165011734,0.2608030624139484,-0.421550771,-0.352061205,0.0441136255614425,0.123034929113129,-0.313727128,0.5242469078119982,-0.272267593,0.4725242333876534,-0.67625881,-1.254592461,-0.533723438,-0.564847646,-0.369047708,0.6461493091884917,-0.728350148,-0.019939486,-0.025406271,-1.697494164,0.1393245783104764,-0.298299515,-0.481212793,0.7381322426707129,-0.689081585,6261.9,1
186777,-0.082938011,-0.671644118,0.1750174131924533,-0.834879728,-0.165823432,0.7389792917541442,1.2409125500929246,-0.091867972,0.4035456376450638,0.2189237853749768,-0.531220738,2.17463671633704,1.4132700677853591,0.7619882674664942,-1.709555541,0.8469394197146015,0.2094607268918821,0.3296453338018618,-0.018119435,0.6288693847290587,-0.029699548,-0.266627662,1.8446873826028345,-0.771746196,-3.407397809,-0.546351503,-0.180477857,0.686105190288981,20102.45,0
469357,-0.701692701,0.1797435020872683,-0.747097574,0.5747656856178961,-0.691901653,0.2104834102570893,-0.395689762,0.3563349035420444,-0.930571808,-0.805926533,0.7302010835172782,-0.839542718,0.5231058814440395,-0.729457709,-0.630160628,-1.124545201,-1.202823943,-0.972122272,1.8001589419825723,-0.25226224,0.2768046920052714,0.52998228140719,0.5276236541963806,-0.761548478,0.5572402262312837,-0.263969892,0.7500647585958956,-0.674138383,18950.23,1
543258,0.15837813144611,0.0543539102276699,-0.373679995,0.4344259765210817,0.178559335241533,-0.332764704,-0.103637257,-0.010378878,-0.302391209,-0.351295398,0.681758553659082,-0.724467048,-0.470607195,-0.559523686,-0.372119388,-0.354884397,-0.475363253,0.0787514422733434,-0.01396932,0.2047882434242358,0.1175347038470032,0.1198205027114072,-0.335108701,-0.970163769,1.0642513821078532,0.2081760399892973,0.3889728019002859,0.3875784417522781,6710.98,1
504973,-1.119953683,0.3123508554888632,-1.056100213,0.9884221190655976,-0.706916011,-1.062135285,-0.924798427,0.6887123316225908,-1.260574669,-1.242347991,1.414666488774637,-1.254461943,-0.457657544,-1.396298057,-0.127843692,-1.269715427,-1.405692993,-1.207462375,1.0824886063270678,0.0273632288742435,0.311737500591656,-0.273835645,0.2583212799494568,-0.759215378,0.6682407742588623,1.216185554911803,1.3983012924647222,-0.311801324,9205.05,1
94521,-0.080751866,-0.559472699,2.575182470686457,0.0433791760004654,-0.30326553,2.2317954197227623,0.0647193328932826,-0.292891574,1.6768370202140666,0.3104766325441762,-0.865832324,0.8847065623178264,-1.683107426,0.4070608703497775,0.3810119418452639,-0.340784511,1.418537018762469,-0.487155737,-0.835334668,-0.674928107,0.5271128573680173,0.4285686215305637,-0.465506706,-0.968334685,1.5571257680789612,0.6602236466527148,0.3068512420792244,0.1948993447224683,8336.92,0
258389,0.2587532595240541,-0.213254533,-0.064713168,-1.524659282,2.0076587068238285,2.093113355315736,0.5684174919867899,0.0658828326851519,0.3999586427128871,0.3022830940529566,-0.525772365,0.5212596370110343,-0.362145585,0.3694388147304321,0.1305021167086806,0.6059370208529312,0.5654327191003155,0.0920273134425008,-0.566586857,-0.110323529,-0.239528326,-0.83041334,0.0954214943430874,1.270102698463709,-0.753792352,0.3794269134556565,0.0551261922056041,0.0721729517588669,3059.74,0
389575,0.0159457163146878,-0.048714747,1.2422909261486443,-0.289033135,0.4341596238201348,-0.033450582,0.7989655822438512,-0.20407897,0.3213563809608553,0.28442144358574,-0.28143268,0.2775774789867297,-0.88668685,0.087004278951976,1.498278753937195,0.5171049283530188,0.9831756760558032,0.5788290174987851,-1.232264775,-0.235633437,-0.057046352,0.4314239296298139,-0.283135469,0.9333679788470596,-0.049495555,-0.804365271,-0.441246041,-0.387134474,8920.24,1
201177,0.2653737839962664,-0.149002575,0.3869965623554541,-0.891883145,0.7971437797220723,-0.051875862,0.8396808284182677,-0.203570225,0.2632182394623991,0.2081883302079453,-0.874105681,1.1664221363188425,1.5863229965251375,0.1891939271183592,-0.481886369,0.6504560198261086,0.5430308004118064,0.0705116031897167,-0.449644837,-0.160747903,-0.218064753,-0.703177128,0.032888350101387,1.4505565120840944,-0.491512805,0.256490776548082,-0.292068786,-0.108321327,20316.11,0
505274,-1.180281774,-3.272138214,-0.129697138,0.4801191184508385,2.66577747885212,-2.739355956,-0.84032077,0.2555207453914591,0.1502528264716094,-0.470873703,0.4803644372917552,-0.251418602,0.1338785881069547,-0.647177149,-1.357753734,-0.438906693,-0.499910571,-0.147275493,-0.015275579,2.33909435075707,0.3480087452304324,-0.529535841,-0.338576722,-0.107450206,0.3615141853254593,0.7925853562132261,0.705375711861113,-2.505915647,23207.89,1
260465,0.2252918265017101,-0.417501535,1.0639540249153403,-1.966637335,0.2030585574629017,-0.05136527,0.7327533596391544,-0.236684736,1.4294115528620288,0.1286972346136876,-1.008086221,1.2433466707669054,0.8378764484638149,0.5329797586502093,1.119546281878885,0.0878125468728387,0.335343054152203,0.2011073185670029,0.6613044507740706,-0.033531119,-0.145193828,-0.021747253,0.171727063927864,-0.107609349,-1.837011268,-1.635441479,-0.132068514,-0.05812808,15674.93,0
493567,-0.593283659,-0.291952828,-0.708289213,0.6398843698794134,0.3775119001797683,-0.105534642,0.1616685565934968,-0.034140933,-0.848506371,-0.49390981,0.7304708918530107,-0.659504241,0.7790203659696069,-0.826292897,-0.524672754,-0.775530122,-0.691775837,-0.315339008,1.2858648167777296,-0.013249949,0.1306488619749489,0.7740265163187657,1.68704608806528,-0.167727162,1.3622953830453877,0.0222492196867933,0.7680106328379406,-0.485250425,5359.93,1
412565,-1.925229717,2.1335375283304696,-1.926622534,1.179843774172627,-2.211298445,-2.267191399,-1.835565324,3.008167157918217,-1.140943635,-1.396526227,1.4952258710987842,-1.322631284,0.2754336638053605,-1.240519783,-0.152553448,-1.439587101,-1.583901582,-1.484301102,0.9045235363065705,1.3146692782660818,0.5321892323297013,-1.054034435,-0.669700443,0.2183720914502325,1.7139399856837878,-0.566672807,2.262039897610878,1.1393502596716132,20740.49,1
2297,0.8617837115720259,-0.645160641,1.6177234221588075,0.0035686815642976,-0.163378818,1.009259336396934,0.0882833368143905,-0.020638033,1.742510725517035,0.522358282680654,-0.801634535,1.1073575954822743,-1.591077754,0.4145519894838953,-2.02952348,0.3724662205859694,0.4489499931719155,0.7330895965731951,0.2781638436997438,-0.373913798,-0.121161767,0.1842116714802756,-0.170133043,0.0762696538985003,0.7817361072716323,-0.509295253,-0.130098659,-0.039387498,8346.43,0
165586,1.5618197488150385,-0.622361166,0.5016455121061341,-0.143105809,0.0008928188056111,0.7073898442669787,0.1460091602163519,-0.067018186,1.2858788475616922,0.7487971314930307,-0.335540931,0.874926280170584,-1.119592448,0.8124422577664626,0.1210663449882999,1.131763491820832,0.1705952010267908,1.1225352327420457,-0.574477491,-0.392748268,-0.050287927,0.2875923049043823,0.2669046508504102,1.4883993254771888,-0.726265641,-2.040854459,-0.170794442,-0.146888693,3666.16,0
311138,-2.157805009,2.5066844852719035,-2.113267131,1.1994706141202374,-2.542923835,-2.465535297,-2.031651375,3.832371058854878,-1.182051138,-1.32023582,1.2885340860808017,-1.155635516,0.3769533040814066,-1.099146714,-0.050688666,-1.330963907,-1.508642197,-1.47072254,0.7503392586085567,1.3732611615534742,0.5534891404246114,-1.277163524,-0.843297974,0.2802740846256268,2.32935694639793,-0.520714194,2.0465643343757054,1.032806588458678,5685.53,1
476327,-1.095655101,0.5835443793660124,-0.789763814,0.0907051438621295,-0.438683255,-0.69980663,-0.444058137,-0.025047239,-0.204925104,-0.663409363,0.7408683149408067,-0.962732457,0.1395426530840292,-1.123550902,0.8057811389192653,-0.869677543,-0.892108342,-0.83458492,-0.010360294,-1.112011952,0.4817202024670706,0.0026855843517269,0.2044560852632262,1.5609017827775635,0.0443504056991766,0.2196925877295723,-1.949397628,3.158522845010887,14056.11,1
446560,-0.364508533,0.5237637238872452,-0.482162255,0.3093273093590654,-0.343929475,-1.278036217,-0.383247712,0.1921026543960028,0.0667461244295748,-0.908423416,0.995316792112048,-1.190419472,0.4277021006524456,-0.869275109,0.232843666693433,-0.615624852,-0.444229432,-0.310490934,-0.42912677,0.2031960947728956,0.0772918025951391,-0.55205493,0.021080061999406,0.9551726362612902,-0.011410281,0.6777278100474935,0.4255777876980444,0.4853901201312841,5133.89,1
247563,1.8405210883925835,-0.969480594,0.4950606436712748,-1.072412747,-0.157199173,0.9780155750596988,-0.059148114,-0.046728422,1.079005365688886,0.9256569175736068,-0.655317642,0.6892511004525579,-0.312601692,0.2957431538392169,-1.553272066,1.473228261237517,0.4910409415022637,-0.055177044,0.762790683150847,-0.218775569,-0.043209965,0.6031823903316754,0.2034996685277916,0.5131013146695481,-0.5996894,-0.480306288,-0.176057557,-0.214083817,11377.43,0
524022,0.2072338292024552,0.6656234764237107,-0.755508619,1.2409004163619377,1.0485103492696577,-0.545324331,0.1548264231921383,-0.001821137,-1.183597135,-0.484054971,1.0183195141960633,-0.700812297,-0.378291977,-1.306974407,0.4197539111628141,0.3801287840269065,0.9178634331744596,2.2420637515754818,0.0088375791310337,0.3589750672357669,-0.013231006,-0.522282869,-0.272512794,-1.551078438,-0.019815098,1.011030545133123,0.2847361898190583,0.478117133660515,21673.73,1
370611,-1.069874112,-1.699777256,-0.693842953,0.3060568239964023,1.6884505667724,-1.614415156,-0.647450781,-0.085038571,-0.425038493,-0.659080617,0.3218094199803903,-0.627511178,-1.538155362,-0.488409787,-0.312959898,-0.765258792,-0.525019692,-0.760461631,-0.304344031,1.0426336322608525,0.0399387952936945,0.3035428335640241,-0.267485974,-0.722129632,0.8186441093817762,1.3608938809202653,0.790563865886663,-2.750762538,717.02,1
338549,0.952814516329162,0.4143912963956189,-0.536832828,0.8086396478430689,2.350484085874513,-0.378223225,1.1997377054046912,-0.26632912,-0.093732124,-0.166527957,0.313243157566883,-0.700783648,1.5289029769891715,-0.790954829,-0.460461924,3.0763365234114546,4.642188640563896,3.564302536649167,-2.805407152,-0.154784311,-0.263538969,-0.672362566,-0.647772327,-2.388165551,2.393311477415185,1.0277826403393029,-0.282151117,0.1725290148653265,9173.59,1
537670,1.038342272761101,0.3459201215268361,-0.710212613,1.0156991857710658,0.9365889055724936,-0.407958514,0.1612915989935825,-0.121069264,-0.751729418,-0.323617495,0.308136344570099,-0.598444578,0.5899351678964505,-1.111275881,-0.895524999,0.1343769651129603,0.0772204024642339,0.2674804613547665,-1.554227159,0.1476560437611813,-0.022344947,-0.438481397,-0.174015536,-0.108402913,0.9464095852020916,0.4248781992573406,0.3463607023550045,0.5745577126999701,8444.14,1
280964,0.9603426659038896,-1.019015903,-0.001024273,-0.281109891,-0.089290694,-0.612250008,0.7346001041048972,-0.272776306,0.7373002656760734,0.5897348087098955,-0.586438849,0.7462719159506667,-0.466065562,1.1459579724635331,0.7543799937760013,0.3830163293526716,0.4074949802003323,0.0636141011506381,-0.846521392,0.4724380061011742,0.1047154486565283,0.5486881753677253,-0.251047641,2.2590894633994165,-0.473299386,1.416356494761316,-0.43208371,-0.063446394,1796.26,0
218167,2.1073271734709897,-0.850447523,-0.013416513,-1.632285586,0.0299434493450696,0.0069532367518926,0.2213266998805439,-0.240877658,-0.382743335,1.5031085497460126,-1.100855215,0.4769909935140878,2.025331929765059,0.5020042528491222,0.0911497241460766,0.1200562445892618,0.5498895389254509,0.2264878232288223,-0.530098608,-0.496534353,-0.07168249,0.688393322624932,0.0556545579603203,1.4176906198877035,0.1808644729665803,0.1111295964346499,-0.244648589,-0.2271351,13239.42,0
74762,-0.122747838,-0.212468759,1.2146440982600148,-1.053842083,0.4461228935941811,0.0131546116306873,0.8819129162836402,-0.185462815,0.2254980885202894,0.3179071366033238,-0.826458896,0.5242801364653332,-0.29625939,0.8799995878373355,0.5475379758461472,0.3799777029733089,0.3740547076851748,-0.151005507,-0.987226016,-0.372045773,-0.085030262,0.0658806816012077,-0.065713075,0.2371998037200429,0.0735352582122001,1.0110821520069604,-0.336076405,0.0417677614646682,1566.82,0
25853,-0.033379037,-0.108545398,0.6793491165373996,-0.378870547,0.3447102280910099,0.61807573166178,0.6230915900175708,-0.039905453,-0.013133383,0.4739568846406985,-0.668840651,0.661763564604948,-0.184177566,1.307214785843338,0.4296248645061932,0.7140381784069465,0.2458084118428026,1.2356704226758624,0.7113858837973399,-0.132345214,-0.022313175,0.2933418265830841,-0.151078517,-1.411784457,-0.245927511,-0.655241065,-0.214965764,0.1007063801475424,7714.86,0
105332,1.0013115020218255,-0.431720289,1.0568445169753395,-0.167989464,0.0871614978584101,0.6458211180552911,0.2795065740435719,-0.13655288,1.0034618224156733,0.5019050522125346,-1.643947966,1.3707024973832809,1.5558897638703757,0.4024441075897698,0.0653843178579028,0.6382049191244489,0.257887240946578,0.351994610704558,-0.132676743,-0.187620692,-0.144495627,-0.063267424,-0.148702692,-0.718467229,0.8698624382711593,-0.869367728,-0.145340583,-0.021376439,2742.11,0
463457,-2.626732331,3.347593276983565,-2.5087796,1.2854043406231903,-3.283211862,-2.89858522,-2.469613952,5.902601869268357,-1.052806062,-1.160325552,0.8501801740053168,-0.827111831,1.5109554098940734,-0.569882002,-0.195707435,-1.030440235,-1.276970798,-1.401870415,0.2697945664074887,1.501507300367395,0.5752384746090707,-1.90714496,-1.382604365,0.3932148739087945,3.799873057608795,-0.483982812,1.4893671936479156,0.7668616746849242,13573.05,1
58016,0.9714603529854484,-0.340627538,0.7451174669658427,-0.302710859,0.0912363357204031,-0.072841138,0.4381866406312181,-0.173759863,0.4976602746417257,0.468908412760339,-0.276803646,0.9541126204026952,0.1085527455205633,0.5952693232996777,1.5959830141731943,0.4870255023259434,0.611399820446424,-0.176920749,-0.893732096,-0.30173663,-0.19497193,-0.593681208,0.2078048722922406,1.2063198297990692,0.0293163946853391,0.2206493328955109,-0.245187732,-0.021158133,6258.79,0
62268,-0.129453976,-0.169793368,1.8745351660901384,-0.022308589,0.0182370923554631,1.1217989201010348,0.321507306246534,0.0526289691272015,0.5777438249604265,0.3841318588656678,-0.384426548,2.2157660522049127,0.0510875740870228,0.5365979092610086,-2.062623118,-0.129118931,0.8514353636967386,-0.004406345,1.0458463504573747,-0.306376845,-0.181505452,-0.266988827,-0.00065962,0.1154731996473966,-0.719912332,-1.147326505,-0.247678652,0.0627847282760355,14737.84,0
16643,0.5514229305608584,-0.682795619,0.4524251046559773,-0.049306565,0.1204173082364619,0.4135870302976972,0.6004912770681337,-0.150566839,0.4140165877810048,0.6049804641821362,0.0327111747092225,1.230013130293146,-0.951453316,1.1626685830629986,-0.420911555,0.2205991990894154,0.4548375375257255,0.1295029778542891,-0.528617341,0.151751077208147,-0.01814242,0.0663799581103872,-0.357536412,0.4975817638286337,0.8913260852920987,-0.680829206,-0.277004564,0.0163268663169175,18321.6,0
204003,-0.142979743,-0.214840792,1.2495995792608026,-1.117958892,0.1235173135299803,0.8483259851657006,0.2595779671292872,0.0707043270175205,0.8143861503487992,0.3795550244805475,-0.706509151,0.574211668425475,-1.287423367,0.8389422433841499,-0.400931843,1.2093717673842892,0.2259461058704802,1.037818951688558,-0.194092813,-0.30311094,-0.062688484,0.1462567502263941,-0.052731258,0.575346263782809,-1.022272777,0.6960616875248137,-0.111220518,0.2656545475681555,3381.33,0
291705,-0.404961591,0.5596646283676187,-0.665169253,0.9576671821480328,-0.639597764,-0.52985,-0.817610741,0.3152955335069935,-1.141213352,-1.073532234,0.9212888681857762,-1.175629761,1.3850822635281292,-1.290953273,0.2085103852742623,-1.383371509,-1.509577675,-1.424014269,0.9743050691129358,0.7412429816328808,0.3943156380785735,0.2044480912809811,-0.242470849,-0.223429589,1.016391403661573,0.322164038143136,1.2266258148005016,1.3889972969833548,13775.14,1
188416,1.673237979044295,0.2964933165663471,-0.605962415,0.9016642459116294,1.645085983704251,-0.982643817,1.0003574462980755,-0.252883098,-0.383727596,0.0191275107857077,0.0270206270563687,-0.258831242,-1.229318089,-0.985039294,0.189127963004181,4.033839072364817,3.9137943539503257,3.672265923669815,-2.873475866,-0.284796894,-0.234761357,-0.80024409,-0.137630825,-1.163531729,0.5005832372131301,0.3431798415362965,-0.225766646,0.175689102910313,9280.69,0
201657,-0.246458936,0.2058985667623584,1.161285906195231,0.7758398741856547,0.1983163152953901,1.3998053823691654,-0.012889326,-0.543716189,-0.339175861,1.142615578753707,-2.059265099,0.3514119220781022,0.0879185777507864,0.9840038398009798,0.6904184739089395,0.7130399279386415,0.5471385759981405,0.8672827138192871,0.542291543022255,0.6225050637929407,-0.510676178,1.2214552257172635,0.0112124780989031,1.228247751725024,-0.780838659,1.0129039101242596,-0.185235055,0.4020153826941564,2871.92,0
300554,-0.195719734,0.1125920510538182,-0.510057999,-0.494019763,0.2870694702963134,-0.748875043,0.070453424621211,-0.063830037,-0.609752196,-0.376613776,0.2321011102695053,-0.545734455,1.1757992825230883,-0.66236916,-0.854107287,-0.785708124,-0.201048738,0.20017574704803,-0.551803646,-0.283196805,-0.011427015,-0.280158613,-0.345180379,0.6101238426646541,0.8160039856764125,1.2444614605623785,-0.285593176,0.0391907393173013,3901.01,1
129407,0.0820612020078637,-0.076392615,1.058547198127055,-0.695011951,0.4698220986890468,0.1865138532493915,0.7275109303376058,-0.168429676,0.2324656794170757,0.3929711823690404,-1.194742691,0.6866599985398225,1.2237385903222733,0.4072125938809569,0.9895740093990928,0.8872332503958364,0.3347762484295536,0.3346077401356109,-0.028821125,0.033233152029927,-0.229479451,-0.71758426,-0.156027474,-0.84055587,-0.116649869,0.287122711595356,0.0627048029833981,0.1207308735070552,9690.21,0
294750,-0.03299298,0.8879520003799908,-1.020633483,1.4611274409361965,0.3846314871136781,-0.829236745,-0.295285362,0.2100720102302821,-1.377021759,-0.734724169,1.3038899569127034,-0.885278036,0.8199087978343591,-1.521602828,0.3878478248687357,-0.34201479,-0.05564581,0.8233342988793579,0.4644133402982346,0.6345918234432035,0.1066446545791891,-0.456093392,-0.024019291,-1.84284668,-0.077297124,1.1228445598755068,0.4647958648083382,0.2047052652815663,4043.9,1
4035,-0.3342983,-0.008927093,2.103907942524837,-0.131211705,-0.128420624,0.5815397649938565,0.1800833839070392,0.1104448864785644,1.1228437269541278,0.2617844068127515,0.1755419801765474,0.0426754159073273,1.8536772687265115,2.14219253853472,-1.152540126,0.4827376807463052,0.8070481905966644,1.08449343870126,0.3235946735888313,-0.226725094,-0.116565158,0.0339130054428433,-0.176880713,1.0190757083560475,0.3469722280232708,-0.804658982,-0.273035296,-0.142209023,5207.9,0
235268,1.6545942810668055,-0.689103911,0.2519164425924555,-0.566500709,0.0402183950600427,0.3962086809547732,0.2332094361218541,-0.142989432,1.651641155122087,0.5053936635141004,-1.549459649,0.7303612615280415,-0.121591383,0.6200406836842,0.6739871203364973,0.5983555065418095,0.283087240196105,0.5115854408261115,-0.257556597,-0.258171706,-0.029171228,0.5560400508729232,0.0851992618523827,1.311980264632855,-0.332887078,0.2343204412951909,-0.238950684,-0.170006717,10465.4,0
474145,0.0793326787167701,-0.211673879,0.0016835905500534,-0.036844948,-0.182499572,-0.008317205,0.0600050689214303,-0.056756,0.2309717417067098,-0.050133158,-0.319942999,-0.255363409,-0.147238016,-0.146934821,1.363372117018557,-0.336142221,-0.24305535,-0.209647577,0.8829859771815775,-0.048991961,0.0292178977686557,0.1898856016403862,0.2166857730872163,0.8285737343480623,-0.348357202,0.9559383920666016,0.0385394744181434,0.0713767994268123,10835.26,1
542756,0.7826178040258079,-0.62382606,-0.123212195,-0.222782661,0.0554981451660565,-0.124983017,0.5724875231829566,-0.20331765,0.9753645134466318,0.04799741371649,-0.450321712,0.6803427986482328,0.7243675622666028,-0.142495914,1.118479281233978,0.5468155458360238,0.787575644549565,0.7919816089680131,-0.546547374,0.3394916582042097,-0.030830346,-0.049106306,-0.177407463,-0.249740458,-0.260949501,-1.395917047,-0.173821233,0.0603007454516289,5635.56,1
86898,1.0380338739582131,-0.433222062,0.4625689270592417,-0.444696333,0.2635202072104892,0.4079372486774312,0.4144657593884252,-0.14205527,0.6884872196166854,0.5732707354629633,-1.397176397,0.2600777047155461,-1.160218025,1.0625170027206514,1.7339801287316534,0.6165293704599647,0.3450222295909851,0.017646716993436,-0.338430067,-0.34602892,-0.200970535,-0.696784337,-0.01049865,-1.331339226,0.4127333246119219,0.5806407803778582,-0.274395622,-0.09455393,1967.37,0
235701,1.7342955337041823,-1.203685018,0.0067098610776523,-1.358053456,-0.129401181,0.3911803649582542,0.1623438468279494,-0.167326418,-0.062626363,1.4610681290735503,-0.564847962,0.4369319817866383,-0.642990746,0.541662553583031,-2.305020282,-0.102806791,0.8027681449747912,0.4410226412516752,0.25977561718058,-0.391674299,-0.09459551,0.3694354227240906,-0.089000834,1.7344183093058925,0.216358309127606,0.1527924762030943,-0.275660727,-0.213744462,18167.68,0
525801,-0.44828335,-0.458608332,-0.186430518,0.2695501963543466,-0.695820891,0.5114850654790395,0.5794969230433686,-0.015190442,-0.577046095,-0.380344119,0.2255464453576199,-0.489524701,0.2341283844455554,-0.163336873,2.013356178580522,-0.812926731,-0.537698233,-0.784848036,1.0932244202702714,1.5914965622089874,0.2762836465239685,0.2907796670753346,1.7181681608915915,0.6264436948325123,0.0261601876422923,1.3610554313905934,0.0191742532197769,0.4929547550135833,14153.47,1
367774,-1.54208277,1.568389824838035,-1.537983568,0.7676619781842811,-1.565712871,-1.828575248,-1.212973616,1.9482753844525829,-0.599450054,-0.858989879,0.443257693167233,-0.889761693,-0.338149315,-0.862945962,1.0443666224103814,-0.799717715,-0.784573809,-0.785658823,0.1837213025002972,0.6844741390113506,0.2586664541713396,-0.88961241,-0.294208186,-0.016158517,0.9828824660755128,-0.619120774,1.2469374294920397,0.4143231662833622,9082.04,1
37543,0.9013434673656086,-0.651179097,1.146897076631255,-0.525563569,-0.175066446,0.2107417582354352,0.238079216560216,-0.14059548,1.309419312856456,0.4391426049952753,-1.122383749,0.7621725206625848,-0.317078266,0.5354265105001179,0.3641005629472357,0.5896686336675956,0.4257067179216552,0.1225109687857957,-0.032970179,-0.120625748,-0.136801865,-0.241961184,-0.01572392,0.9880754178882364,0.0336288871258825,1.956255961036772,-0.293929389,-0.034815161,20471.79,0
547164,-1.831090361,1.4776088741689823,-1.934284101,2.266475033888237,-1.379603208,-0.885064996,-1.94701193,-0.284265132,-2.097651269,-2.008902889,2.212874322319755,-1.768434143,0.5099998409195554,-1.738708471,-0.390774709,-1.543147079,-1.431589075,-1.455685404,0.325604534592758,0.8917457109086263,-1.163578673,0.7907314301532947,0.0668200308812419,-1.63150524,0.8631016083266868,1.552249362436073,3.2201371435798958,-3.149746449,2088.57,1
421456,0.1873904183882685,-0.036897366,-0.648585488,0.2852477286748417,-0.083098052,-0.716426914,-0.183325175,-0.104520367,0.386411979981781,-0.649036753,1.1176148287649907,-0.879803055,1.155718022244298,-0.620775163,-0.685166437,-0.597141277,-0.425672125,-0.059828105,0.1100308797939149,0.2273503596034737,0.0411216399088134,-0.004879058,-0.166299469,-0.507578716,0.420190267000923,-1.160126119,0.3967416566860378,0.4560318378650859,16354.16,1
355490,-0.453857856,-0.285399833,-0.282366037,0.0262541473351677,-0.816463184,0.8121019897432316,0.8278409456722827,-0.052552925,-0.431056272,-0.592010567,0.8920592857151584,-0.326120376,0.6265602211328548,-0.591195852,0.3964703227417246,-0.674791759,-0.45475437,-0.460435988,1.2553409692551476,1.0910404202108508,0.0959186279265905,-0.307743386,1.0921116388801149,0.4050748975115006,0.0619945565477744,0.5717432244954539,0.2021868556544884,-0.184777893,19213.88,1
511711,0.9325033275346494,-0.05146398,0.0026913713668245,0.1327472236075504,0.6652725897150746,-0.075106536,0.5618645280593824,-0.163094542,0.4557223182110508,-0.067729996,0.0980271533600662,0.6889890519467075,0.2683498817021796,-0.617233676,0.1416029596712022,1.1317299227357078,2.5839634004101764,1.341513737751954,-1.173718943,-0.182627184,-0.247632618,-0.654513752,-0.162340577,-0.46422808,1.053527964782069,-0.761383664,-0.116694133,0.1960157813225592,9091.62,1
315315,-2.017741731,2.6127040678495788,-1.920807472,2.252440729227638,-2.350217243,0.2632265754218499,-2.795713935,-1.102178222,-2.533872301,-2.328838806,1.2739425140645655,-1.700961214,-0.135403665,-0.999298823,-1.073342884,-1.636820588,-1.762983033,-1.737474093,1.0925448550177017,2.125054734888317,-2.064039995,2.9484572004890173,1.600067202263478,0.8174811945836826,-0.484681363,0.8739837161654418,-2.818774969,-1.408303822,11312.92,1
41018,1.100852425418552,-0.621449104,0.7995052845198323,-1.07216365,-0.034904632,0.3357475918724621,0.2154572888768824,-0.135288952,-0.064191119,0.9520498787863702,0.2021855754139222,0.9165821155626008,0.4728820295943781,0.6998904594828069,0.2976978676867441,1.3694622469331508,0.5229437993659096,-0.458499569,0.2418358519514791,-0.104515379,-0.110068285,-0.171404931,0.1308931692832316,0.0374537013262137,0.1479335433415064,-1.150826528,-0.207616425,-0.078708535,12754.37,0
361658,-0.167015903,0.0603688117121246,0.0627526433878409,0.2358366142466416,0.0381257047229072,0.1082289194489412,0.026889159400749,-0.022237132,-0.186592019,-0.277723988,0.481646053652445,-0.290720227,0.2040050083199441,-0.560996755,-0.365336355,-0.681702561,-0.353669653,-0.372817364,0.7135422388335084,0.3297334997225218,0.1013863197111841,0.5872894808264582,-0.073822625,0.0399439815863301,-0.384860253,-0.661816593,0.4769031745682984,0.3714399649092359,22170.02,1
38407,0.6710532462323017,-0.794100501,1.1227485346749402,-0.439996785,-0.166332923,0.4639802833022356,0.2952793130195726,-0.131905618,1.2424193213276733,0.3703191590128338,-0.721111761,1.5869563198001853,0.5973062417428616,0.4351847149871024,-0.169634293,0.1970210074501804,0.6283859191428218,-0.315946661,-0.282631946,0.1383389662537378,-0.129259881,-0.303675377,-0.045768585,1.0924093024263437,-0.130984571,1.8607266916323777,-0.292499759,0.016319436503981,17853.35,0
505742,-0.844059443,1.6401723227718823,-1.570423197,1.966764754620756,-0.730860217,-1.633573759,-1.360071528,1.016529362195135,-1.787348562,-1.785173139,2.391911472361087,-1.906357585,0.192671937251414,-2.005500251,-0.727866229,-1.781994652,-1.590666078,-1.51317088,0.350742794311543,1.2139726037232832,0.6136286784952393,0.0543052763694204,0.2326627834885749,-1.928342699,-0.051549407,1.318071532919613,2.2302679843106685,1.7395988236638291,11973.93,1
189758,0.1636382789918523,-0.254796258,0.1639804974927449,-0.780279556,0.4088924085672437,0.6573174333528509,0.4854756315244256,-0.010691192,0.7353489164892406,0.1681339127342904,-0.800570189,1.048319017765439,-0.306906894,0.2176296086160213,-2.235563946,0.6332684412687227,0.6684431793347415,1.141577584697789,0.0161213727559195,-0.338350578,0.0318443909752208,1.070614824386552,-0.097282333,0.4173103084353627,-0.79864425,1.3779691103240448,-0.275319361,0.0087725027383912,19354.27,0
74452,-0.070905979,-0.587835645,1.2941990333778957,-2.11540167,0.0589957756987139,-0.366826641,0.5208637137237926,-0.199471172,-0.695899547,1.054395360377781,-1.02895929,0.1089524170174699,0.3854670414455088,0.5781595522689719,-0.328488399,0.2378173720265347,0.5735516949538861,0.0475614450296975,-0.69711323,-0.179712658,-0.297576436,-1.054132667,0.1968448370289701,0.6363943905469508,-0.128024132,-1.692208834,0.1107670958487883,0.3224709376484237,3009.43,0
63063,-0.095817669,-0.091170164,1.1310036294233368,-0.604164416,0.7781091619209337,0.04054475775528,0.8700800809717381,-0.204135734,0.1289729532479913,0.3193157727342479,0.0121447349276827,0.6527703279511787,-0.288127273,0.2087885939000275,-0.211955383,1.10227761784715,0.4358009575738372,1.2888712571718322,-0.770193957,-0.176723948,-0.090896327,0.0731151412209296,-0.423593408,-0.187589861,0.4812742109128318,-1.235750926,-0.487247151,-0.268512003,22154.26,0
334140,-0.541736394,0.8789914685960595,-1.161259344,1.736327751813317,-1.008977706,-1.130357522,-1.405063218,0.5862075647315638,-1.247474093,-1.676675238,2.119193234564808,-1.939665054,0.1398671212633803,-1.789758102,0.3102026191450191,-2.029565948,-2.046177557,-1.919319027,1.9665991566784944,1.176960790757322,0.6788174675660504,0.6510240838201696,0.2041574798484513,-0.172612543,-1.671871044,1.227406526764555,2.4703156820937737,1.8011329160409468,4152.81,1
490092,-1.961566064,2.077637249842545,-1.930208614,1.483610007839901,-2.297795661,-0.78065495,-2.570059915,-0.596499155,-2.081975558,-2.43128101,1.2596113944945784,-1.572209901,0.1046725457256522,-1.089394505,-1.480630024,-1.713290251,-1.897793696,-1.989955448,0.9003214014476612,1.056842350632723,-1.431764582,1.3595879284012362,1.030046613222252,0.9193713918013524,-1.591830893,-1.670859267,-2.659645195,-1.704656885,6648.47,1
180780,0.1112844910938767,0.1030701045457986,0.9308620177088428,0.7223623255822819,0.6189026595009072,0.9662033401303336,0.6732618016199976,-0.096986917,-0.476449963,1.8693513557804315,-0.30683562,0.4891280706829836,-0.361796157,1.0514089366115478,-0.345090443,0.3846173593612954,0.4397745132608164,0.4839559260184995,1.0687761114058527,0.2411728612003478,-0.1794368,-0.370685709,0.1194804375668682,1.5089149840399396,-1.503219762,-0.014189679,0.4824137176330157,0.7152595624504408,11670.74,0
251549,0.0768123475643072,0.0861127014934322,0.138277130073246,0.7762414896150095,0.3769293360514423,0.816627187042434,0.9970395421206278,-0.084792285,-0.618778406,1.6614938496449445,-0.727167024,0.1605448707184452,-1.66356915,1.8156556022658523,-0.684387644,0.2419749654172463,0.5524579883739335,0.7194940636078415,1.064107468085311,-0.1534566,0.0159216029243568,0.8702985528175555,0.034532146272632,-0.689815151,-1.339009123,0.9903901261067342,0.1171407093300569,0.3689827109579754,23506.14,0
491827,0.1025733093542821,-0.148193021,0.5551277709847463,-0.380596962,0.6296759982475315,0.3268968123977277,0.6110344691087662,-0.125278787,0.2066919537332616,0.4472251276213477,0.043827544057323,0.6548652210092047,-0.669576068,0.3698201310327152,0.4896002749830462,0.5541307820532222,0.7390174161862367,0.8422321667244231,0.2791666973413913,-0.160845678,-0.135718696,-0.215920307,-0.068433539,0.0448321696683923,-0.277558482,-0.015024218,-0.23731702,-0.074457181,12732.37,1
165335,0.2595366138247736,-0.212479621,-0.064399637,-1.5250493,2.0094796887570587,2.09241792548142,0.5671616632306388,0.0659571843714272,0.4001700258731441,0.3025526196745717,-0.525771507,0.5213909287702511,-0.36233371,0.3694051962159012,0.130432659835132,0.6058015589580505,0.5654611282079207,0.0918241807556213,-0.566379315,-0.112396964,-0.239755746,-0.830360909,0.093172758199108,1.270352750067805,-0.754385769,0.3794909058038301,0.0555314608110848,0.072009535125816,16664.05,0
62771,1.063409186816292,-0.767064612,1.434818538909574,-0.98167491,-0.320346105,0.2809270239634877,0.0258574231645243,-0.103286726,0.3042829466820244,0.9781165602251736,0.063692060493317,0.4626003155308774,-0.402361039,0.5692042865064509,0.7649192947198661,2.2234027107394128,0.3824995265524515,0.2432601461222825,0.0536321732910386,-0.095635427,0.0903008314544231,1.2536431361590357,-0.087932752,1.2231661144982808,0.2953070171807158,-0.150301773,-0.181914557,-0.041197499,3918.69,0
103819,-0.070174091,-0.799536423,1.8499927355563328,-2.011016823,-0.066819325,-0.230897852,0.2603905540072451,-0.145793125,-0.483171388,0.9830558722657804,-1.331234683,-0.185310754,-1.283287822,0.6273643339490295,0.3623444868105922,0.4766960055308077,0.5484084564247653,0.502625201199685,-0.845774198,-0.406202598,-0.201151708,-0.666953271,0.1825824783397665,0.5815034484224365,-0.527594096,-1.374594213,-0.156246002,0.2011607026450068,216.36,0
553503,-2.239099959,3.1180855671644583,-2.109881806,1.5577451580329975,-2.389018036,0.3177349008897144,-3.177631142,-2.647738095,-2.772312435,-2.769747323,1.0828956029358694,-1.550959581,-1.403288912,-0.514526048,-2.549316795,-1.613764993,-1.711479883,-1.86354143,-0.12972937,3.5679939840569506,-4.446671663,4.331072517811544,1.7119200049034633,0.75266743274473,0.2541618591855357,-1.330177941,-3.459930523,-1.300222885,18580.31,1
387896,-0.791742372,-0.620650456,-0.671203288,0.6114929432134333,-0.116300646,-0.176591489,-0.600290299,0.2057623318925776,-0.504714149,-0.539203112,0.6099586750685323,-0.621272674,1.3210522634527655,-0.621957101,-0.441382954,-0.923698642,-1.144364804,-0.83819089,1.303106521886547,-0.532847186,0.1696084184924262,0.8496915787689485,0.9911302894869164,0.1042556151952199,-1.970235947,-1.708369723,1.0817837772104826,0.0832036634462878,19830.99,1
170689,1.6067517926232018,-0.429186939,0.33152569994366,0.5302679805979028,0.4239429612353916,1.3244670658833708,0.206569279121505,-0.042113858,0.319735208099348,1.4519696102503563,-1.268354684,0.3748850778061965,-0.699877658,0.7248560305220125,-1.092846631,2.129097635427755,0.0407962207319541,1.1944292715912137,-1.133466617,-0.3971129,-0.04560294,0.3087915362914162,0.0419390407132367,-0.784376844,-0.303889424,0.1206021630599719,-0.242252472,-0.206987512,22622.94,0
76250,-0.448355664,-0.528432845,1.180438570006449,0.4066967696739315,0.1430937862140599,1.0595920345136731,0.7474098270547672,-0.069144847,-0.071115701,0.9258200695596008,-1.554465612,0.0299397338809398,-0.853495772,1.013049490488685,2.6788856182000345,0.7157917819008649,0.4475981587116649,0.3679708874967278,0.4116518728039616,0.1647867601917912,-0.195672612,-0.703142029,-0.188941489,-1.333557096,-0.232117361,0.2099372217195384,-0.056995241,-1.088414823,2318.47,0
541123,0.1627568110827843,0.4830277047968506,-0.416769717,0.7425445121435805,2.2704934265851766,-0.287848516,0.6466431820847214,-0.590685204,-0.737765134,-0.191622996,0.2255100650700928,-0.235889613,-1.930468995,-0.893490099,0.4772901356878452,2.922978958521083,4.546615587930504,2.4512563578475617,-3.797065142,0.0736188083457167,-0.397427316,-0.455866001,-1.053433944,-0.91625265,1.7204622909999174,0.8406749150333703,-0.015877868,0.917880453370584,8163.37,1
46058,-0.020393849,-0.494305487,1.325587870244709,-1.480518349,0.0135937642772998,0.0330658071935286,0.7683202604250969,-0.206911035,-0.188099015,0.5026697893833291,-0.989139833,0.501041827888408,1.1056600349675123,0.4156295586707899,-0.903375788,1.111681944389489,0.5181644267304301,-0.486475284,0.0164139302164803,0.2479301520862409,-0.015685208,0.3255044174108129,0.1669509386503507,0.8740838173948219,-0.158029761,-1.128100333,-0.155621957,0.254409222030654,16417.16,0
401747,0.4111191039843985,-0.022955675,0.3574281825430472,0.3505789603247044,1.1046945758355808,0.5743973524400864,0.9583924252064658,-0.183345071,-0.340561241,1.1145336157074632,-1.651658417,0.5405450950777904,0.5651116038653848,0.7521685235263754,-1.856700667,0.7788288408760482,0.1932438473367713,-0.003540438,-1.600794484,-0.412569888,-0.052622593,0.37316031866348,-0.013890877,0.9867380744206098,-1.063928296,-0.415669485,-0.208907931,-0.002053082,18439.18,1
286020,-1.166919877,0.3804325000523376,-0.878359507,0.8024353785838475,-1.067893558,-0.5941763,-0.878178087,0.7218694608389754,-0.888674345,-0.921397963,0.4222067701296007,-0.942434983,0.7122816483505597,-0.732241666,0.1836704575593484,-1.281263684,-1.319997516,-1.415163093,1.653707825054103,-0.78817489,0.3904224397614028,-0.076872052,-0.844266581,0.7782108033751377,-1.682134462,-1.527734941,-0.984563126,0.8851969059829962,16414.99,1
320328,-0.278943265,0.5933372432604288,-0.808695053,0.9654534258040514,-0.033265712,-0.566235492,-0.339996538,0.2187577932802009,-0.917060146,-0.626944969,0.5619393998555465,-0.927767661,-0.990345636,-0.992578882,0.4275229236826018,-0.93916481,-0.520929918,-0.277151101,1.667862603638103,0.2978643085642928,0.2882983594085246,0.7899225347642165,-0.000172581,0.0928906768727703,-1.266717637,0.3036019493416674,0.5785199952777927,0.9275739864298468,19290.41,1
250929,0.3451432685058087,0.007309876682239,-0.146093515,-0.704952349,1.3829743401580117,-0.251461489,1.2169936034721591,-0.286032444,0.3003952258880028,0.1816552255420195,-1.130902963,0.0148987211098089,-0.952789383,-0.153362796,-0.186330511,0.5990857625746236,1.3100626680917409,1.1528919255078425,-0.03170442,-0.183758018,-0.092962843,0.2902990601481047,-0.304300364,0.1294053604666603,-1.202875208,1.1519355213779914,-0.351194204,0.0795693311807864,974.76,0
96427,-0.40649841,-0.247346883,1.6823990205453745,-0.153769729,-0.113282163,0.681223225477368,0.2788540995584473,0.109664908531503,0.3332317377808866,0.2515297752544839,-1.234872017,0.7324369285671076,-0.109334271,0.950995105683346,1.3443879053483505,0.4145581009194132,0.6276819025107737,0.3355694155359945,-0.058529556,-0.411070584,-0.04203997,0.2690469947087535,0.1336474133415352,0.1908036382252124,0.3010423656413937,-0.547669563,-0.359291536,-0.754179176,15540.06,0
44771,-0.109967249,-0.053976106,1.3228003192014517,-0.608560521,0.1222110654752518,0.0841060968956793,0.5433094680098968,-0.043426859,0.1581392795800977,0.3745000916692553,-0.612405291,0.8926738944647453,0.2399843856348225,0.9974501837753864,1.2015078236543986,0.4222252639533908,0.4965582375107796,-0.164840333,-0.634341761,-0.197298159,-0.156413244,-0.417751792,0.0931305615269812,0.8124434469719308,-0.529487875,0.2008384295756739,-0.054198302,0.0416276132639415,16445.1,0
202941,1.7162316721591575,-0.524531199,0.1510727480588023,-0.550817465,0.1051189556268896,0.156526305276874,0.2467702304877051,-0.125157286,1.3496248197563656,0.4036697676575004,-0.18194533,0.8305537185479792,-1.022794595,0.315121534156814,0.2338143757042445,1.2076703214823772,0.4900778966182965,1.1279895842178649,0.0112114292109282,-0.406273664,-0.203405233,-0.589651675,0.3231325038179177,-0.842836333,-0.907669323,-0.658826201,-0.221598481,-0.162231552,10308.46,0
107565,-0.065867425,-0.236913029,1.6145602365373375,-0.636012088,0.2754286108106767,-0.040417282,0.5744883893611274,-0.141305497,0.2080686473131644,0.5351001997558066,-0.005914885,0.6596940101429574,-1.251936958,1.0985495782481367,0.224464500653077,0.7142910674200019,0.2880848567300079,0.4830981949608731,0.0326208129508627,-0.321647893,-0.136715238,-0.424112275,0.0003808389328738,1.0506055192210884,-1.1001622,-0.049342072,-0.275056882,0.2245215336032074,16476.67,0
442319,-0.152139289,-0.345534698,-0.301120923,0.667962285028209,-0.659640805,1.2742327960732074,1.2479251211644138,-0.452089151,-0.127130366,-0.174036402,-0.273885221,-0.181756717,-0.200296577,-0.386820459,0.3994694145098916,-0.219235791,0.4226553926694101,0.2788200707499399,0.7312741760440117,1.245858748588678,-0.193645704,0.6024109825492426,1.576702134451332,-0.122965598,-1.350367637,-0.114565689,0.1870446126825506,-0.087116897,23821.56,1
316815,-0.081798241,0.2227202204268273,-0.659030961,0.7723355897937925,-0.738789533,0.4227105072524032,-0.721526774,-0.277431547,-0.226511731,-0.546455905,0.8032928580939291,-0.657531981,-1.916799394,-0.582189607,0.2014933725643661,-0.987840493,-0.736726771,-0.794506339,1.5869175469546324,0.4999717379563193,-0.307199175,0.4073241011156081,1.1211845062664023,0.0385843564810387,-3.122197476,-1.39249549,0.258476043582751,-0.054724526,272.22,1
439776,-0.893223016,1.555949657211543,-1.406770475,1.7245806362951688,-0.51246612,-1.545892318,-1.202549197,0.8119273018172293,-1.921073807,-1.916399229,2.408551530875425,-1.936427271,-0.172766518,-2.043549045,-1.351881693,-1.74278608,-1.658024932,-1.556120803,-0.698803251,1.1367651833892238,0.573560393645006,-0.256312169,-0.409282567,-1.923855029,2.1350387861605964,1.2724090496162968,2.25245297734826,1.9060232064926168,21730.92,1
253006,0.0161175883342118,-0.345291929,0.7073714211160247,-1.660675888,0.4066544865731825,-0.326431562,0.6291062566780447,-0.24198938,1.0932125161943385,0.2082917370687242,-0.927077686,1.473568015733902,1.2241054300738283,0.6737887228815747,1.2440910819778526,-0.13894153,0.4942403490068178,0.1948202692176611,1.1766434395626078,-0.271372468,-0.052805437,0.6328971794239844,-0.322128249,0.2128334969359696,-0.86518902,-0.36601735,-0.189349483,0.2580107374581467,1442.72,0
151366,-0.314988655,-0.1589829,0.5030857369103583,-0.612262743,0.5450524234784881,0.8228495813472487,0.1437211138487505,-0.856767341,1.3221080722851457,0.2365826214668464,0.0950404850772995,0.0298150691677708,1.5310684282112197,2.3273985145752345,-1.617820161,0.0738134494059909,0.8126672967996379,0.7420587315302811,0.761451382487624,-0.178425975,-0.314746095,0.9306035782031924,0.4673055529133347,1.5191325195233394,-0.567867369,0.4566014937357156,-0.125563397,0.1519004107524871,11825.85,0
427276,-0.141742699,0.1265459182533359,-0.462092574,-0.426260108,0.2071450543262237,-0.518535449,0.0493635353624986,-0.057692117,-0.724046472,-0.31652054,0.0987199117544275,-0.497457036,0.7858087922566376,-0.733372031,-0.617127331,-0.721727831,-0.244933449,0.2296545414498089,-0.778545389,-0.336319586,-0.04175369,-0.466664687,-0.348204881,0.4862529726227767,0.9265916956961008,1.4591158295676858,-0.290543333,0.1630035072701217,269.8,1
203719,-0.236699088,-0.638468657,1.4993266027123944,-1.19002166,1.020628264366253,1.4552164787960282,0.5278605429008462,-0.031398365,0.497455138229048,0.2844069676260428,-0.146205304,1.0285240836207703,-0.05042714,0.7037232130693652,1.072308312757449,0.1674019884842705,0.4114913667657072,-0.061214424,-0.158722048,0.2916112870285606,-0.13854926,-0.413373898,0.130755573495563,-1.615005259,0.1296557037795801,-0.146180088,-0.39472814,-0.473592687,19459.08,0
388156,-1.155082247,0.4957850498606637,-1.152663124,0.99671701011443,-0.784316138,-1.330912412,-0.948124279,0.8063077788053142,-1.381670673,-1.258282191,1.4371298056302322,-1.229641504,0.2081503623543391,-1.441943372,-0.385482138,-1.1297333,-1.371790403,-1.126459624,0.5932546313528942,0.3281955330096655,0.3173511023270921,-0.485425135,0.0507304365938162,-0.628296458,0.5272076855038742,1.9333883913744525,1.6369439269153816,-0.69135401,21179.2,1
52509,-0.25793314,0.1082437655950483,0.5684722668205977,-0.294630266,0.0834185837386714,0.0544735140485083,0.4560958060829083,0.0229502932095867,0.2032406759360134,0.5807758918368573,-1.505550621,0.5299382843754372,-0.155435637,1.3208308088819698,1.2300379814408815,0.4713024351008537,0.4487395281767938,0.5476462382489575,0.2023417109705431,-0.1606234,-0.044414958,0.2738648023365367,-0.128563474,0.0847263439588483,-0.212581171,-0.707112216,-0.06585529,0.2344704407512767,11457.22,0
83778,-0.298546117,-0.824006313,1.604087350493901,-1.513208877,-0.23378979,0.6844094753229393,0.6709590519579531,-0.178148324,0.2317951636583202,0.5241069377237562,-0.970352928,0.2876484446552105,0.42032788517867,0.2813271738326893,-0.171249977,1.5485462197192854,0.484944517836402,-0.400347885,-0.805852605,-0.593426042,0.0189075198827457,1.3164758594953825,0.1553806196272401,0.3410993184842467,-0.285339351,-0.591002416,-0.018058625,0.0202579724350478,1043.46,0
159455,1.8706225455639487,-0.429527451,-0.045972744,-0.542416776,0.4225880128138145,-0.07990665,0.5411429342141773,-0.24206433,0.8361026939787829,0.5950883824355054,-1.555387082,0.9888852109188287,1.1204648100657493,0.8637603805807673,0.7921430533788327,0.443629210185941,0.2071452241632013,0.3689367418282135,-0.174502553,-0.338068232,-0.021946879,0.737414946854108,-0.126786686,-1.10110788,0.5751538070124212,-0.14026647,-0.254890556,-0.256452555,6348.25,0
491571,-0.450882827,0.7210110417658784,-0.807185446,1.089542368612428,-0.11477756,-0.753621181,-0.539121469,0.0955814298770237,-0.932132089,-1.022657768,1.6242315220833266,-1.433369535,1.999902011412844,-1.26544076,-1.72666859,-1.369882677,-1.255446743,-1.0319838,0.7750472726772134,0.7006857917858246,0.3615619633607166,0.7608975817083418,-0.431629245,-0.689506455,0.5341640710513347,0.3403074109541245,0.4757514860658341,-0.023163708,14815.14,1
245959,1.740525523961785,-0.631075988,0.3386951325377934,-0.527545373,-0.041539176,0.1089165290424642,0.22576949031756,-0.159258856,1.6978139484295347,0.5205811997568225,-1.526979611,0.6740869656754154,-0.43167645,0.6492702621776691,0.641314372415367,0.571727820397349,0.2991985821783446,0.4864699883414213,-0.271310343,-0.418003614,-0.038754067,0.6291110053078233,0.1053347095623756,-0.120666117,-0.359471306,0.3153190687510065,-0.224069765,-0.20854573,13700.99,0
420270,-1.896118904,1.7965074250487396,-2.115160395,2.347871335354893,-1.688096434,-1.062385543,-2.113640639,0.1074135005698105,-1.920051928,-1.904033226,2.1286535020407342,-1.706435664,0.8853222756378732,-1.656118009,-0.42781023,-1.489637157,-1.368128117,-1.433417305,0.31668947697767,0.8132306993785242,-1.130507181,0.96215202629337,1.217795792263195,-1.700520675,-0.222149201,1.371446439553322,3.031030003375774,-3.555405983,11751.56,1
248546,1.8794886335929653,-0.464242727,-0.018175948,-0.548751763,0.4148032437665957,0.1112031829099763,0.4963636030085322,-0.215281687,0.873043218718038,0.6276103482551372,-1.941722237,0.7751134075711933,0.582408718930694,0.7938812271609794,0.0541592448830153,0.5854854516324296,0.2436013533020715,-0.007238874,0.2320095862980559,-0.345073626,-0.248464922,-0.799758512,0.1911906263577975,-1.629092682,-0.326504265,0.5822296193553386,-0.316878772,-0.269727215,22778.92,0
373276,-1.371802234,1.2362526464128123,-1.381988717,1.6564111033246551,-1.626585496,-1.478135663,-1.640343793,1.4231802333008148,-1.852823977,-1.912247813,1.6588104337975595,-1.736924164,0.7492902958345229,-1.716085255,0.7306838279804089,-1.976850884,-2.081469542,-1.97989811,2.4034780041062915,0.0530768777586484,0.801487163198709,0.4635949619018716,-0.304176879,1.005180492785389,0.5177225604649688,0.7392112853533062,0.288192408796262,-0.047688241,2893.7,1
438930,-0.583898818,0.2483664539808236,-0.51607002,0.6785688581441106,-0.681043583,-0.308711041,-0.56186805,0.14000952684597,-0.586204252,-0.783684072,0.6165355866020157,-1.059653131,0.0804262956746009,-0.988516793,-0.311743736,-1.437649171,-1.397880864,-1.461984292,1.7309816525137516,0.1104853092908529,0.298561459810229,0.4100494269631193,0.3946467940163584,0.589038790029305,-0.88084963,-0.894210554,0.5475209017304649,1.826690494133844,3148.54,1
440192,-1.387092479,1.1921602465666,-1.383589536,1.6586452405237624,-1.633049064,-1.19603033,-1.53684531,1.4908407671177148,-2.049370992,-1.72314999,1.3989141239272054,-1.539452853,1.3822098948497796,-1.548821676,1.0247118442559318,-1.76900724,-1.989505255,-1.929382967,1.9455437528414368,-0.297131331,0.7070800586645095,0.0321606655137565,-0.013680746,0.7150515923668693,0.0871002159068218,0.5587701560958955,-0.008238649,-0.910893712,8663.18,1
307419,0.12518552290675,0.0575227486355412,-0.088804955,0.4907122598432496,0.0525403342215081,0.3579886707656809,-0.083563263,-0.039963805,-0.310824322,-0.044058299,0.5400377221734993,-0.572165276,-1.166551289,-0.592477636,-0.072466153,-0.306794694,-0.517537124,-0.187790593,-0.106116775,0.1914394164172047,0.0662383827763325,-0.015510563,-0.275800958,-1.057780564,0.6768347307202768,0.9421616166359108,-0.072820614,0.1789217947937221,12356.08,1
127739,0.9210471916124694,-0.511173479,0.8287933011669699,-0.321999913,-0.044707736,-0.015387428,0.3656887045377938,-0.168666836,0.7991713469914768,0.5722625907787269,-0.987238445,0.3889363542544883,-0.945796807,0.9137606300854882,1.5641227012672472,0.799145686994557,0.3167736879611908,0.3390049491963678,-0.499887805,-0.19964876,-0.089343116,-0.104144506,-0.071001235,0.8087882954217684,0.3691218184986949,0.7567061370473047,-0.278208465,-0.030673217,13257.43,0
395774,-0.396055086,0.0989189368105459,-0.895544427,1.002576841102107,-0.526083412,-0.819026794,-0.637543879,0.1367261118184754,-1.30319511,-1.234880526,1.6074918671908325,-1.298905321,-0.16461115,-1.563547624,-0.132134602,-1.234248743,-1.429238455,-1.142138901,0.5103855471708986,1.891190558365276,0.4137065150748766,-0.713435657,-0.734542241,-0.636360968,1.101248571046724,2.1632950023899693,1.512857841588484,1.8361803031708,19351.37,1
503430,-1.963237145,2.503525990650286,-1.971836127,2.1594271169481125,-2.237169186,0.0318273034047364,-2.853280804,-1.499888444,-2.418679233,-2.362241801,1.2432286493065874,-1.662236003,-0.554446811,-0.970587363,-2.363380322,-1.595062445,-1.818895541,-1.96609739,0.1636221896397293,2.195649514944624,-2.724750002,1.5989102923599952,1.8006540342695478,0.6664992005270428,-2.998444174,-1.538964605,-2.791915371,-1.324384672,19298.78,1
154532,1.7200801865783837,-0.540025501,0.3469183727505189,-0.340352731,0.1051370127212399,0.3698714910556245,0.2305384277267261,-0.158684223,2.4069543953754207,0.4666205843716763,-0.668548156,-0.294405085,1.3134569720564209,1.8064472606048796,-0.165267303,0.8066026605893319,0.4917486281703539,0.3605865147463922,-0.489482793,-0.398519901,-0.253959095,-0.731859206,0.4321973925506495,1.2041892862850916,-1.00585392,-0.191956315,-0.294228544,-0.19153993,12879.19,0
362805,-0.527181537,0.0380577366581984,-0.36618098,-0.407210871,-0.400615789,-0.279810374,0.2724965383523399,-0.219393211,0.538213387532958,-0.285230024,0.4418847179855869,-0.520397034,-0.732705136,-0.560957142,2.230995724902282,-0.841411844,-0.472060036,-0.761056057,0.9771303760433702,-0.357199418,0.0368757681411525,-0.434444291,0.3248664287466308,0.4314143730594096,-2.016694002,-2.946679902,-0.789944607,0.4179134293071274,12549.73,1
394318,-0.864211286,-0.398700636,-0.524815904,0.3686297563029939,0.5615565912504251,-0.641456772,-0.74844864,-0.24388739,-0.637144645,-0.532145385,0.7294679826022019,-0.573457597,0.6246035668017142,-0.503683053,-0.486341222,-0.972435421,-1.095888272,-1.063425228,0.7770741291788706,-0.444373829,-0.233726507,0.3341714060670218,-1.033272716,0.1190915759638073,-0.076869896,-1.426074805,0.6236786151740572,-0.718300625,7709.74,1
439374,0.1820526697999462,-0.003464977,-0.104035918,0.6077811737149573,-0.051060163,0.161669425700619,-0.208107731,-0.059081091,-0.282004362,-0.226317228,0.4388743320202005,-0.466912507,-0.777064219,-0.617264592,-1.141264183,-0.390470491,-0.501980731,-0.279264576,0.0030606689785178,0.1202891707075276,-0.025592318,-0.135607395,-0.216094261,-0.306136085,1.0747257109944797,0.1953798888844946,0.4133444913751324,0.60243360340016,7334.01,1
244269,-0.166340442,-0.147775477,0.5858207050147828,-0.476091004,0.5111645190542875,0.4380488128700385,0.7184171490452647,-0.071902608,0.3384756624240814,0.2970960351641918,-1.967012843,0.6820409549288263,-0.092272874,0.8559784382293646,-1.08416711,0.2596137388644711,0.3908850654539084,0.2449969076379921,-0.525393299,-0.455846372,-0.008880951,0.6212218346762195,-0.22414029,1.3271019619354218,0.3744791664970448,-1.334863636,-0.317850613,0.0834042330497497,5491.2,0
56189,-0.352310526,-0.010563535,0.5865014326911693,-0.661666044,0.2046666184476764,0.373922230799334,0.3832823016605866,0.0887753769474,0.0910373642286147,0.4347374460331851,-0.007885557,1.6343072082455208,0.711138541599339,0.8182443537938671,0.4210299879693117,0.9065670465648972,0.5086265149986599,0.3299241195844018,-0.247777964,-0.289451298,-0.179668411,-0.487788102,0.3245629421643939,-0.59946001,-0.159663251,0.2753138216486455,-0.150868815,-0.207588485,3569.34,0
360295,-0.219510512,0.1133145515145901,0.1016597631585159,0.5760783465225893,-0.20806199,0.2932161993713092,-0.339097637,-0.337192458,-0.189213848,-0.368325855,0.1831853052689762,-0.319359714,1.0699845699045738,-0.706020814,-0.714578053,-0.659148558,-0.46028627,-0.657264542,0.0249751369020267,0.3645759481024607,0.0006757219582984,0.4445840028480031,-0.236405989,0.8431553698555667,0.4741193368654705,0.0974525039717034,0.429732642287372,0.2672548003922964,19228.89,1
105841,0.8715065625623456,-0.407954614,0.5115745977041132,-0.499922781,0.5524815175636183,1.2619862755701765,0.3235992142430214,-0.024619718,0.3416603225874656,0.4735522663304949,0.3962625669329286,1.894209853131519,0.4958304908702205,0.6764245777792584,1.8147110231036143,0.1976488208767553,0.75258445335773,-0.495875629,-1.446781076,-0.3472214,-0.157731359,-0.275980581,0.1822265843709234,-2.18175407,-0.205063229,0.5094538210977347,-0.184741003,-0.092642117,21673.92,0
245128,1.790803432431531,-0.467729124,0.0953789553249558,-0.445335479,0.2071344640744341,-0.214126235,0.4907858285812294,-0.219814406,0.8596294583847909,0.6276040307867266,-1.109895018,0.9125889079096942,0.0311016781924737,0.8797954561292459,0.0661025628685175,0.3737196174144217,0.3698563315831281,-0.192573096,-0.150143119,-0.408537098,-0.219134517,-0.644304471,0.3364855389907689,0.0064028104722569,-0.589002763,0.459378871623475,-0.314637683,-0.24698861,14080.56,0
290202,0.9428650938877834,-0.083816571,-0.010755458,0.1395110579710277,0.5846929837192137,-0.148005956,0.5257660546909771,-0.148572215,0.6275540900224018,-0.056519057,-0.102269935,0.1905780766896231,-1.442421794,-0.5647079,0.3742720471388631,1.2523207832446832,2.6187275124290723,1.6152376600031189,-1.108443226,-0.287467441,-0.260622936,-0.800996494,-0.152409464,-0.533367398,0.9916649201189368,-0.748439076,-0.132777702,0.1893159408579361,18901.17,1
27274,1.1886809725248062,-0.882627442,0.6864535950170544,-1.471220829,-0.210052432,0.3146914294577589,0.0890913808891565,-0.122422403,-0.402056966,1.492142431295687,-0.041887024,0.1333287243291819,-1.288656251,0.853469922123012,0.3069313954168092,0.2412480683278869,0.6774405493148568,0.4666131018632526,-0.478699552,-0.641071515,-0.165560079,-0.168410294,0.0482854595111591,-0.061751743,0.2874480418450879,-0.432521126,-0.202041138,-0.090700583,3159.39,0
311560,-0.479108244,1.038766004735162,-0.918164337,1.209466226043664,0.3865699878632775,-1.548498716,-0.235183488,0.1962997912688296,-1.14840014,-1.09472928,1.6248469157962535,-1.382742324,-0.189365772,-1.40857425,-1.769757065,-0.448052127,-0.236373354,0.4893683094611907,-1.69784265,0.2978285939619675,0.1629964639783734,-0.43125534,-0.519022886,-0.484075592,1.694504741069777,0.8588988135504153,0.4700715630929875,0.8344930317414355,4363.23,1
107204,-0.044056311,-0.332211837,1.940823290771918,-0.525789959,0.4874896161483605,1.3780482955010969,0.3193323297705134,-0.018507208,0.4401430324712023,0.4405813425727763,-0.858074326,0.8534699777039139,0.50057553679204,0.533167923781474,0.263432908287215,0.5034161882081216,0.3295156837450766,0.8202388689106143,1.1594709482797974,0.0633648027629609,-0.122624079,-0.042872512,-0.411755193,-2.55788264,0.2201315892973617,1.2892505518423645,-0.135407923,0.0381252684495425,21967.33,0
66830,1.0124527664633225,-0.437281284,0.8149688018947902,-0.256813884,0.0361373332142875,0.119599392897912,0.3947573292804813,-0.178641185,0.8802640525720192,0.5090652096865405,-1.144851622,1.0745615697610196,0.2335443244748258,0.5841184217156363,-0.492163022,0.2612172792597381,0.466209922002569,-0.02179035,-0.055606307,-0.275406854,-0.137888284,-0.032201909,-0.116638458,0.9501536232204422,0.9111380320784946,0.9447944116684104,-0.254264428,-0.072753335,17449.83,0
350560,-0.811352693,1.083969588236201,-1.148871372,1.651631315336273,-0.935288972,-1.73204594,-1.192038691,0.4975976391224955,-1.678220614,-1.771733851,1.886208407156147,-1.992402893,-0.740253008,-1.788590314,-2.00867001,-2.00189724,-2.199433355,-2.145513971,0.1530922201408223,0.8802217114801967,0.6515771672154503,0.0869865729275675,-0.078848696,0.8488701978632763,0.4833205111558259,0.3137693260320554,2.4435119889107475,2.1227891494761044,12780.29,1
454627,-0.666460436,0.1232653556383153,-0.432475969,-0.047491045,-0.252607373,-0.240001122,-0.267282601,-0.002189086,-0.332247389,-0.403009686,0.6451423449969652,-0.62754267,0.9464558108696272,-0.632190311,-0.64678526,-0.976417463,-1.108338817,-0.873821704,0.8150625044307821,-0.305430563,0.3446226082984968,1.4011551725967657,-0.488130348,-0.158089874,-0.551866279,-0.086305608,-0.65972882,0.2897574341843591,3210.47,1
91036,0.3086382876626088,-1.019103678,0.8923834421601042,-0.031275323,-0.071133296,1.0915210933583348,0.3451402038082904,-0.060166882,0.7833550575778687,0.520807830399192,0.0558560368669808,1.540474187808906,-0.201132264,0.7876209657814093,0.5091924632000085,0.4416013499810241,0.4155721374601086,0.2627544375058793,-1.175088511,0.4976272116172845,0.0876069311378367,0.556368754261419,-0.43270875,-0.434008403,0.1781949514144832,-0.573476845,-0.221522945,0.1241947927520535,22017.15,0
314109,-0.595757766,-0.206344574,-0.18030956,0.4094347994206496,-0.357805862,0.8667430266009045,0.3729899268544398,-0.107401706,-0.534378334,-0.318696494,0.6868435135692725,-0.686988263,-0.140875899,-0.640849749,0.7591794631693083,-0.732142479,-0.805521225,-0.736463787,0.0521796785322559,-0.658186803,0.0704701242586783,1.0951708920778538,0.6303011143895232,-0.800470855,0.6028769882169961,0.2989153613456153,0.6406828934276727,-1.390162833,18109.16,1
32815,0.6634014253557969,-0.523491697,0.8410610023082782,0.3699735080395825,0.1212357532346402,0.6877282649708204,0.4623882502953243,-0.131029948,0.3860135492323805,0.7826499787683205,-1.212193617,0.7145728541235514,-0.257719778,0.6620455269383967,-0.665991835,0.3715364337939415,0.4906594212596849,-0.174510115,-1.149248832,-0.024339111,-0.0824613,-0.074553862,-0.227105278,0.2011341920012538,0.717335279204248,0.217118170960151,-0.248774089,0.0136367976871396,21076.11,0
501553,0.126593435878812,-0.531439054,0.2004781446923065,-0.74578878,-0.01268681,0.2417558675939162,0.1810202714119052,-0.145748762,0.1851563310280521,0.3569907599824588,-0.063844092,0.0464816753276164,0.0703726045896689,-0.155506841,-0.302994871,0.7035740281783405,0.1771204035402582,-0.204374913,0.4565389840736361,-0.10602176,-0.069864091,-0.130897048,-0.22503311,-0.771772851,0.5027836295518324,0.1557560786488742,-0.690511248,0.4654142298095544,17142.17,1
457985,-2.392718779,2.8861308383564586,-2.307303733,1.2443216437824938,-2.901201736,-2.654537105,-2.235539263,4.77346593319136,-1.122312131,-1.24855109,1.0953189237527623,-1.014455529,0.9094483143182376,-0.875728971,-0.109832576,-1.196918816,-1.404114708,-1.43938398,0.5284709889771609,1.4324325018829505,0.5625619359874634,-1.580405707,-1.139595727,0.3403155209420532,2.982795176593603,-0.511420272,1.780227044834048,0.9052506585573558,10330.36,1
142666,-0.064727166,-0.172159896,0.9137433205019944,-1.387178406,0.1750980451862392,0.0676162807637879,0.4819297011849117,-0.045914838,0.5249388681210724,0.2793532783715607,-1.739314912,0.4318017893406907,-0.0927841,0.8541762727809704,0.6395982617030161,1.2942097440961002,0.211130538732775,0.3097016272298643,-0.611340766,-0.236339506,-0.150235262,-0.452130248,-0.076441397,-0.724984212,-0.290799895,1.5892427762093253,-0.185454969,-0.124701888,14429.45,0
133845,0.7605792787893921,-0.474597156,0.95389423130027,-0.000442064,0.2609056967632704,1.18282253184148,0.2810329855594864,-0.037129094,0.2564602484165552,0.7554587981716336,-0.223977108,0.8245741007400134,0.0082366974758273,0.8317022684478178,2.3219601157367684,0.2245484237962162,0.7151132575061108,-0.687877255,-2.691588409,-0.310086763,0.0069469032089903,0.7519629268584745,0.0639568566490298,-0.957378813,-0.217991809,2.2486904174796294,-0.241391941,-0.077014621,22950.64,0
553785,-0.522145876,0.678320605300765,-0.780774111,0.8448768783049891,-0.409044471,-0.457374207,-0.578553745,0.1218892385444667,-0.341065465,-1.315609902,1.6974226711299762,-1.403891309,1.798335383244912,-1.549759596,-0.658298631,-1.470607451,-0.945862206,-0.567477505,2.533342681538747,0.996241333515974,0.3143809994293393,0.8375892221885872,-0.611249013,-0.813637066,0.3341928063021842,0.3103541922322463,0.9654895546073852,0.7723369926505947,17356.98,1
425174,-0.568626658,-0.207596846,0.2089459183974207,0.0770656238258595,-0.009830028,0.4656031316843974,0.2457283956442317,-0.333817552,0.4621335103344513,0.2997493760002404,0.128589439970295,-0.405775162,0.5513031247629677,-0.606457658,1.825253390548144,-0.526907969,-0.329779606,-0.511506189,0.8004721554843198,-0.528638147,0.0467133744544456,0.4690976999894222,0.1545641009945387,-0.332120881,-0.5139994,1.704099882955118,-1.640804305,1.545003843680938,7224.66,1
132534,0.0666066893321694,-0.54305351,1.4153846027629882,-2.232147951,-0.072999444,1.996439047414099e-05,0.3391761061432185,-0.139177405,-0.599453862,1.2282406161227617,-0.189532078,0.172816947906764,-0.525085742,0.6480614021959581,-0.807524261,0.4557145081336602,0.4492884203617945,0.815085897262997,-0.713020941,-0.448603091,-0.14388159,0.0340531775821389,-0.066454996,0.5646090094169339,-0.654304447,-1.037531225,0.2291270599387026,0.3813177527504693,11472.57,0
109542,0.9492147861249915,-0.809191499,1.097798804443882,-0.878991719,-0.217129972,0.5563972133651988,0.1154188883975033,-0.100661257,0.2206671163809039,0.9213096850386752,0.0099487979037969,1.2519650836392715,0.2181846696982266,0.6180102278506792,-0.026776831,-0.14739501,0.493674281059936,1.3306310256661569,-1.08352484,-0.585006133,-0.158669929,0.0666632874728259,-0.014379263,0.5973769492503161,-0.011190347,2.256668221828724,-0.255076604,-0.069228193,3166.38,0
549723,-0.461659709,0.2158472680248613,-0.306229535,-0.585179539,-0.520331662,-0.009957251,0.3863032236362367,-0.241584904,0.5825321436803409,-0.249096545,0.4304151807189096,-0.519140911,-0.868946823,-0.5335763,2.329316857316238,-0.844151573,-0.467021401,-0.766336929,0.9575618592510386,-0.713190526,-0.015695923,-0.463574108,0.2475220822130965,0.4664847483381704,-1.966268521,-2.976278413,-0.858688309,0.6634981828568691,19030.77,1
427958,0.858404496889835,-0.246976521,0.3819585068697541,-0.210307905,0.3095300871593335,0.1653894935729613,0.4384736402961654,-0.214609997,0.2050909723133274,0.4084643579778276,0.3385429726295355,1.166304210108911,-0.221012354,0.3262119755611088,0.538343235323674,0.7109800926994428,0.8591921031563953,0.4968320349522361,-0.593974384,-0.173855494,-0.171764558,-0.026541089,-0.072417112,0.2821749398529438,0.6931248634126138,0.8317568927290192,-0.240026714,0.0266296001078878,562.1,1
495997,0.9866259625765098,0.4718770082636678,-0.794465166,1.0853346187792352,1.0597150364013357,-0.843037375,0.1818335630700373,-0.115359991,-0.865203441,-0.494589473,0.8683360904065733,-0.671386181,-0.154399909,-1.33338118,-0.238567762,0.6690938639608642,0.563100243256846,1.1962818753421218,-2.185415243,0.1742064084337403,-0.059073765,-0.765897721,-0.072459889,0.5159810967206662,0.5517600883726406,0.1505938297260099,0.3751849562900026,0.7072429930628924,11322.73,1
290266,-0.749518885,0.4213416153357586,-0.367422531,0.3019725866426642,-0.222385919,-0.038072178,-0.333491722,-0.467304854,-0.311675842,-0.406836271,0.4929766967123149,-0.890977481,-0.968669594,-0.893188061,-0.181611738,-0.806737241,-0.979333367,-0.850867556,-0.248892267,-0.140354694,0.4820407675388503,-0.58415192,-0.290747952,0.0628807177072921,0.0641817913819737,-1.239009106,-1.318403654,-1.916230155,14392.07,1
539424,0.4265191581458458,0.5442211024901784,-0.769408064,1.1135448332640376,1.0248952130653122,-0.909288095,0.1818931755382339,-0.073526813,-1.083211318,-0.590199204,1.2267472621351787,-0.832576211,-2.300816673,-1.328063586,-0.338542643,0.1935976761311814,0.5727884902673848,1.1464915887792602,-2.0425642,0.153141619218841,0.0279775209435894,-0.399288701,-0.490235309,-0.752586612,2.013453198987578,1.038432521422444,0.4466697826723549,0.8402167848536133,19947.1,1
99400,-0.080493482,-0.113575557,1.5187402733983426,-0.791913993,0.4224532792808018,-0.018065568,0.7452980736486052,-0.17345382,0.1747906873383534,0.2780109303282529,-0.419644659,1.057353240767601,0.916075843471829,0.4427603482462766,0.665406855313209,0.5748665010218651,0.4746816422907075,-0.150895219,-1.288362626,-0.271584138,-0.146322439,-0.372823918,0.0070446013535283,0.7876210020803477,-0.824174875,-0.198272661,-0.28640439,0.2681055068249289,22602.97,0
36513,0.9319419128281916,-0.369262793,1.033698878838224,0.1131845685236439,0.1070449568491037,0.4662982195533626,0.3869723971985296,-0.149469236,0.351107558995325,0.7424199741178913,-0.752489607,1.394188203048351,0.9740072541482712,0.5063715650158741,-0.770806691,0.3060151897574368,0.5477732503821894,-0.397249525,-0.944557687,-0.262692834,-0.124672638,0.0557014317550973,-0.00622859,1.053382026061921,0.4810094782754713,2.009987115345797,-0.282248049,-0.079415124,5585.41,0
395003,-0.406340256,0.3657755524596146,-0.511740836,0.3315298106300816,-0.337081136,0.1758201878126357,-0.135576002,0.2398330428588658,-0.302267873,-0.641586744,0.3272622425577036,-0.588274036,-0.466901309,-0.836011362,-0.474480786,-0.475556819,-0.347903126,0.1215225995650043,0.4476943054048183,-0.077841442,0.1659212590538109,0.5081653891522617,-0.081751218,-0.05312088,-0.18116214,-0.58902632,0.33644222007429,0.2809799224684315,16176.77,1
555744,-0.874773683,-0.063916831,-0.67638818,0.1505608712374006,0.2406543936816006,-0.700285178,-0.61338412,-0.164294665,-0.615956312,-0.626821613,0.623649363141766,-0.520788233,1.0247504012094983,-0.634534751,-1.257414655,-0.802094481,-0.97269376,-0.79914937,0.5215633820895379,-0.350195582,-0.129904467,0.5406592860103997,-0.833999042,-0.104297847,-0.009925911,-0.451937409,0.0204697164631889,-0.272568163,22410.54,1
511561,-0.105259023,0.3735366286095345,-0.143359487,0.9115422976201708,0.202175219192481,0.0960848194577565,-0.068524389,-0.428887783,-0.75989816,-0.231425579,0.1071319440430706,-0.644391567,-0.501044707,-0.734859185,-0.115099579,-0.549970863,-0.250010653,-0.272701846,0.5217908414594206,0.5399389335754481,0.0315205136139574,0.218259820023633,-0.296659548,-0.055606805,0.4104850651656911,0.9723794870901444,0.5761880604212183,0.8326172975639718,10293.46,1
76348,0.9936560369612712,-0.833050069,0.84585029435222,-0.96710144,-0.199839258,0.225112689804188,0.159090702858382,-0.159738868,0.3244678861911656,0.8721776895976516,-1.226667619,0.1147412328865469,-0.027875342,0.5315901830648025,1.4668673216669383,1.9667411525235785,0.4111300886735545,-0.029974502,0.1043379161226929,0.130610526648544,0.0569440716520288,0.7994504522109501,-0.275106233,-0.113957968,0.6420400575779052,-0.049493636,-0.222582444,-0.007559469,16398.59,0
256308,1.8621043956194947,-1.061706332,0.2176702399751616,-1.493043995,-0.23624486,0.1188973049586619,0.0865744399642223,-0.17194713,-0.184376614,1.5498247034507335,-0.201678869,0.5402218325591125,0.2367995771934638,0.5811523916703827,-0.821937307,0.2614409831560358,0.5538466392441946,0.5753228790261491,-0.229851056,-0.51725712,-0.129103333,0.1310711812549502,0.1955038916210038,0.0289881244978141,-0.6182111,-0.468381711,-0.227247125,-0.214284042,2897.58,0
173665,0.2501793384466699,-0.158391745,0.4861959326888984,-1.026389262,0.6134053624323046,0.046271241884401,0.8523420082397007,-0.197036428,0.4389214032008022,0.4315181351981585,-1.751474427,0.794939902352725,0.8686665872347495,0.6707359361671356,-0.491661168,0.5137537218908059,0.2393648297357208,-0.028641309,-0.067468189,-0.141959699,-0.225457246,-0.611406044,-0.052692717,-1.081743655,-0.68095744,0.4115913028365373,0.0634395900380192,0.1213308784128654,14634.78,0
436824,-1.843374846,1.653571647925602,-2.077235301,2.35330559348819,-1.605050025,-0.999044735,-2.057894652,-0.04902928,-1.929989067,-1.920079862,2.161466301699352,-1.724986097,0.7942973176937276,-1.688523489,-0.391253457,-1.51063913,-1.391611167,-1.440489262,0.3563899049375187,0.8136523344589205,-1.134894939,1.0102194952283132,1.1335296789400875,-1.692515986,-0.393932804,1.350775807257639,3.066537804516789,-3.537094562,16988.95,1
140457,-0.280191873,-0.0576402,1.4768756025296272,-0.904073935,0.2581302458045976,0.1162590006816212,0.5651619733864944,-0.037881196,0.1974215333571072,0.3080628845643251,-0.885325591,0.649783974424895,-0.174635576,0.9878273419645932,0.8362700174708316,0.6562107236040476,0.3864564052071249,-0.135563519,-1.122270788,-0.302453453,-0.174535528,-0.637361505,-0.173091665,0.1290166259208044,0.2377692648917537,0.1218978221108873,-0.225652786,-0.073985623,16199.46,0
26837,-0.364556597,-0.520416992,1.3500154308760064,-1.760488573,-0.21304028,0.7561425608200217,0.8308177812520076,-0.217376687,0.1185024612847475,0.7637243851419683,-1.44205402,0.1690088935092294,1.2605384463857725,0.2599436767834985,0.7586245440947843,2.3862208166415035,0.2471631837237567,-0.112255174,-0.074470654,-0.23592926,-0.106892503,0.3928766704110142,-0.754555669,-0.834735568,0.5701360315746075,-0.748474188,-0.473638838,-1.57788823,16752.92,0
44239,0.497504771682457,0.066029133303681,-0.468189776,-0.391679775,2.044554194433029,1.6781608300425417,0.4373173613286408,0.1226130284181485,0.1443772080325042,0.1360463322545403,-0.196491684,0.2641547520094738,-0.149447529,-0.262998235,1.4894289540712753,1.5506976953820912,1.6200204824816211,2.2233381316777843,-0.251785855,-0.056607325,-0.167946245,-0.475562544,0.0779256772074936,1.410412535278761,-0.528824166,-0.92763465,-0.08022318,-0.231028578,24008.74,0
97799,0.8270922561097224,-0.544462017,1.4041186324153745,0.0804564311869729,-0.100970485,0.6310742751098721,0.2629692365498152,-0.085472168,1.4602460405369244,0.4399713797846152,-1.164410618,1.185730852317029,-1.167946501,0.4536783630797986,-1.627940841,-0.103194804,0.8442170795822642,-0.394753161,-0.238765203,-0.402823394,-0.256858011,-0.660452351,0.117650582446228,1.239808493939493,0.4392128854525368,-1.351239677,-0.142808132,-0.01195231,13822.66,0
171737,1.9029995706596303,-1.023711015,-0.074872096,-1.730307879,0.0540106450135644,0.3615381156746227,0.2024176659169333,-0.2006128,-0.421433285,1.6034246651930104,-0.395374221,0.5605948974368882,1.3900157872958177,0.6329098463443555,-0.537626043,0.3519127086199838,0.3903434558039958,0.9035000668556288,-0.091262307,-0.300528017,-0.041153213,0.621785527365957,-0.104608632,0.2973462284050358,0.1487754074578287,0.1285998809019737,-0.274873152,-0.223278248,12732.29,0
446342,-0.426694003,0.3776339311373953,-0.552048479,0.3055022808221235,-0.30252554,0.1809310620221115,-0.131122473,0.2618930913363836,-0.260551257,-0.685025639,0.4130111060665172,-0.538865493,-0.398513597,-0.900755428,-1.016464713,-0.429140855,-0.277164888,0.2398191174899982,0.2015246813490209,-0.114080495,0.1688325718377103,0.6061652671396454,-0.073674743,0.167180946796455,-0.18029976,-0.715227286,0.3834103000512868,0.2946512500539098,4899.64,1
407971,0.9714232676791692,0.2877822679736853,-0.68296528,1.015224548375116,0.7602364716241717,-0.305472474,0.091214043990339,-0.06132512,-0.715065571,-0.281683973,0.7657702909098723,-0.639905484,-1.475291649,-1.045516566,-1.324163354,0.2144800025863628,0.0794868537142981,0.6398399820587608,-1.398880433,0.0218482630831967,-0.019343262,-0.516990089,-0.112328547,-0.439476019,0.604251155162038,0.3087234900392258,0.3374151652397007,0.547180432973263,15950.2,1
143867,-0.214914442,-0.715334539,1.493508574456102,-0.057027491,0.8145223985089506,0.3063418690972107,0.356062023215416,-0.132862439,-0.136376636,0.8182223038981562,-1.763623648,0.6770766740288655,1.7896447360709198,0.4173770790328844,-0.555012963,0.8448941552032305,0.4161958072894027,-0.173126913,0.8277116086029301,0.6381211764197419,-0.174694372,-0.851419589,0.4713671604049837,-0.723911512,-1.469338135,4.853185669680808,-0.390683576,0.2437275234632304,239.99,0
302949,0.6700743497931055,-0.323201671,-0.294938276,-0.000987775,-0.56220244,0.0740502818275967,-0.43150238,0.1431649531798847,0.9669883683947558,-0.232445349,0.6160293103253099,-0.338534836,-1.479846881,-0.274586653,1.2303849776292002,-0.930907728,-0.540883349,-0.448210778,2.033966920281556,0.0520488255089809,0.2333759468943723,1.3695207131930882,0.6826330625536748,0.3450189023748952,-2.705555793,-1.304054562,0.3703675513234357,-0.19134216,16389.05,1
74712,0.6220118211476912,-0.627890526,0.2583113131329568,-0.120232006,0.2094920270535555,0.1312928814251997,0.7166258453227285,-0.193393817,0.2562713908868707,0.677020879172119,-0.1822802,0.6967504353296013,-1.184450836,1.443452916968171,0.1107760884199394,0.6034848231729831,0.2599240503186828,0.6337627832842534,-0.192256618,0.1914703747097389,-0.029125334,-0.16910496,-0.443766823,0.0426970102362252,1.121720887650373,-0.72072716,-0.321428478,0.0047472486784618,1748.25,0
173692,1.6546809910703897,-0.4387595,-0.212953498,-0.180862251,0.7040670193527967,-0.040763189,0.8308711499366254,-0.267910374,0.4029091488501148,0.7397972903818995,-1.928069432,0.6466739757157549,0.584419287155478,1.1541423173409515,0.2110716793230476,0.3983421854313071,0.2040705022342988,0.2455088486054061,-0.241897129,-0.153554654,-0.052245105,0.1903527410641709,-0.271901639,-1.613509625,0.894249064605376,-1.065371904,-0.297127745,-0.228002166,12600.07,0
394754,-1.098238254,0.7125264211244878,-0.894953662,0.9622520584784476,-1.009122102,-0.606692215,-0.911008216,0.7816350215274686,-1.266326213,-1.011389047,0.5973484977941509,-1.025659752,1.1973656190955229,-0.902141474,0.4298860204893703,-1.300584221,-1.348377009,-1.435111111,1.7328870198533664,-0.362563153,0.3619838589053772,-0.44748599,-0.535866043,0.2766394234523633,-1.038675016,-0.849142717,-0.532053798,0.6750571781786502,6583.33,1
432651,-0.322765086,-0.145733533,-0.261363822,-0.108771603,-0.020250331,0.5055765801432264,1.3277524330889845,-0.237354785,-0.234587281,-0.21100961,0.0410716715413655,-0.305520261,0.0659476043957997,-0.392940464,0.3296138036586021,-0.235289817,-0.138592227,-0.020122916,-0.254521512,-0.415322848,0.0044984037356056,0.7835609419174818,0.0712197701793251,-1.141938116,1.4879762634065092,-0.005320475,0.165022402173914,-0.9546255,19727.67,1
172664,-0.301718934,0.0837016066549031,0.1145626719035652,-0.963788485,0.0042773672050282,-0.129658898,0.3382616800583327,0.1729668359231661,0.3774733846003125,0.4923300334128322,-0.467850468,1.0534776206031369,-1.395066078,1.7958625891878357,-1.027992817,0.7557875103803208,0.4414023082667063,0.2526491487335909,-0.183589136,-0.371471207,-0.163005063,-0.597380993,0.243885514910931,-0.036871842,-0.759243658,0.3296818523423244,-0.148643462,-0.086327735,16339.37,0
365380,-0.485023993,-0.214076122,-0.217994158,0.1192765570969328,-0.754593217,0.855071549186426,0.904006513496872,-0.051702593,-0.612244865,-0.493909395,0.6909497252649688,-0.44513002,0.1003742468399153,-0.473080182,0.1023040329719599,-0.584270737,-0.556441913,-0.764083968,0.2285273822536245,0.7821719038574156,0.0442185527231998,-0.646235609,1.0194289510107584,0.3000235677973602,-0.215901203,0.6329553944445299,0.2023185231692786,-0.25732875,6985.57,1
36509,0.9158678411239822,-0.459666625,1.2583178885331852,-0.046499157,-0.118248958,0.1080630419073595,0.305442087174413,-0.15163932,1.0357527357811414,0.52960585902313,-0.881566106,0.9274795365734608,-0.380172665,0.6132665614722763,0.0169641438988219,0.332761932533376,0.449571234594576,0.2337278112301135,-0.600041765,-0.319448322,-0.051818797,0.4930286130921941,-0.10607022,2.104656020318717,0.8600090650275868,-0.584063819,-0.173279943,-0.010383517,15068.42,0
283829,-0.213881059,-0.178815527,0.8664007732794187,-0.990734475,0.0018590062734404,0.5103260675286506,0.23090191699271,0.1237930423884273,0.5788941174538653,0.2606807030843472,-0.896329677,0.5076805403549848,-1.778426796,1.2510052452515985,-0.61231782,1.117929840474032,0.3054209925428854,1.1362532315774418,-0.182896295,-0.626440137,0.0371715203912768,0.6569635830644385,-0.189339152,-0.779170826,-0.747515564,1.148625628472069,-0.527670858,-0.099933659,3088.82,0
256451,-0.150648933,0.0056669200698411,1.530509404582941,-0.326719583,0.2789837373855505,0.6920488361560084,0.4723415215424525,-0.009061094,0.1985271865690814,0.3819266956863074,-1.492781815,0.830759504472708,0.9242124303231536,0.7514268184462228,0.886035263931592,0.4935529613984752,0.3753468435840617,0.4274703219980424,0.4037269251277167,-0.025711253,-0.187498966,-0.532933793,-0.213814289,1.1346599897661989,0.6183029720475591,-1.687795625,0.0430465139680697,0.1231254399256169,1704.65,0
53860,1.100621853732368,-0.744193351,0.4792637602125671,-2.074252734,-0.027733003,0.2155649003741945,0.2669370565865511,-0.165676722,0.3856796192407533,0.543229220767159,0.0870844716835991,1.9847128813417203,1.180231434052604,0.8371310647845975,1.289094574854149,-0.340992074,0.4277755661660238,1.3473053367551406,-0.201719805,-0.576803393,-0.251739276,-0.473640902,-0.012959836,-0.474534515,0.4630004179281964,-0.132487759,-0.192543233,-0.079005903,4797.86,0
478432,-0.58089679,0.0772153932905471,-0.322582511,0.3697015824547498,-0.669032109,0.8081768764729781,-0.047716562,0.1372325410032247,-0.551565802,-0.697180428,0.5296994450890692,-0.770179264,0.4845507283585863,-0.819200794,0.1902463911374738,-0.833464511,-0.97893843,-0.952027546,-0.321398876,-0.177021114,0.1764732683343015,0.568590039475701,0.53724125877826,-0.859959257,-0.217204312,-0.627324721,0.7850207555082557,-0.258104658,12922.28,1
256073,1.981347188682326,-1.071470307,0.1777609991130227,-1.585244701,-0.215283619,0.2668619721191833,0.0327716210293836,-0.142946457,-0.038243173,1.5911680055034123,-0.621449442,0.1088147386547089,-1.108090838,0.6741687489812747,-0.627102444,0.4475194634504075,0.4787999261848914,1.0000825322863982,-9.41E-05,-0.664259336,-0.156129616,-0.037475847,0.1734518762304648,-0.939366568,-0.580198822,-0.370150812,-0.228283062,-0.244584642,8728.94,0
6501,-1.029300501,-1.555336615,2.7418529582366835,-0.703488464,0.8103360561186226,1.029945111258294,0.4373297366354684,-0.500655846,6.284680361489145,2.709887827558975,0.4427640899684602,-0.178038776,0.9254655456245724,-0.075269283,-1.982742107,0.0231291144854877,0.4824542245418245,-0.167639965,-0.634988715,-2.608436309,-0.622072444,0.9851903180129036,-0.625339667,-0.178344436,-0.20491001,1.6558050487008198,-2.53677427,3.00423444219173,20787.49,0
425317,-0.368298492,-0.02974629,-0.171221393,0.3944876202466895,-0.566201659,0.3072830491251543,-0.067807526,0.1036723963800203,-0.357017222,-0.554969893,0.2112893431223655,-0.441621606,1.427960607637929,-0.692710526,-0.14424481,-0.83249133,-0.543959857,-0.590870375,1.6252226362604758,0.8670966309078448,0.1949892563660528,0.4106476953442611,0.5124251573056333,0.4383760163477844,0.0117283037994221,1.4269438395511682,0.3240180165601536,0.3539212572411645,11825.84,1
65235,0.9567646447341044,-0.848028227,1.1297756227286233,-0.980901535,-0.172893598,0.8686949307825503,0.038752649802535,-0.036207999,0.3791289704887813,0.8862859867489652,0.058577571820752,0.4479826234267311,-1.221883022,0.6254727041592528,0.3061243586803894,1.139124884349759,0.7104265966148188,-0.398560299,-0.123410399,-0.160474301,0.0043401333421857,0.650048980096323,0.0019522544257176,-0.501496578,0.0715166394741019,-0.360927776,-0.165439238,-0.065931962,2017.32,0
122942,1.0554590451253452,-0.31011857,0.3532007801434318,-0.202577201,0.3129118995998603,-0.128410062,0.6305955507607929,-0.220081616,0.3946877070912681,0.6225205727184391,-1.166077031,0.4983742674292261,-0.431633501,1.126640606202643,0.8771423185632735,0.4156454088344188,0.3161916167898707,0.2026113330369899,-0.316539029,-0.319851075,-0.110814749,-0.090921429,-0.218438371,0.0975621257177074,1.404439891217879,-0.645764848,-0.254404903,-0.079683355,18585.72,0
432018,-1.547801063,1.3294881131843603,-1.516391648,1.6592597571945171,-1.810230803,-1.508358109,-1.817835349,1.3401011028881291,-1.908529608,-1.901561096,1.4862878174705991,-1.734959682,0.6738170367952298,-1.385238561,-0.843549519,-1.901908505,-2.153493337,-2.224768749,1.5263713733401192,-0.308691218,0.4948606137290649,-0.410212883,0.154107401996795,1.2253090955882953,-0.515476913,-0.089048674,-0.800716376,-0.883060899,23877.32,1
194583,2.016700701184785,-0.645676686,-0.250728879,-1.198470877,0.3757589582916469,-0.299525105,0.5247785587129407,-0.242467532,-0.0890238,1.1941253787059,-0.205008839,0.2465885544525366,-1.488493388,1.3101769863053736,-1.099662211,0.6880567117872849,0.5722435372699619,-0.254201252,0.6357578585666297,-0.291854566,0.0960057398735643,1.3811172743898632,-0.207459717,1.8148992328685123,1.102684452536671,0.5598030538745543,-0.36329173,-0.339664561,6574.92,0
206218,-0.351503356,-0.451414158,1.049193624489417,-1.393630976,0.6492889697800728,1.339851429201893,0.3666379796127841,0.0423199844325887,0.0163112393572125,0.628455338075969,-0.87256775,0.3995815635991889,-0.736197284,0.8707383507846514,1.936619162609064,-0.587498803,0.9633650780781092,-0.176251432,-1.607815007,-0.844998056,-0.445037807,-1.374475285,0.5379551195578504,-1.392112434,-0.119048441,-1.443146985,-0.397302667,-0.414134157,906.81,0
345881,0.3717175840194746,-0.030784439,-0.086841302,0.4818799042948381,-0.129309069,0.2263903059647627,-0.209977887,0.0181374178114927,-0.221408234,-0.237647219,0.5067820466147701,-0.478248998,-0.572536809,-0.590754988,-0.772040852,-0.414919864,-0.621137999,-0.269849152,0.1114891053498375,0.1486087780414743,0.0683700875778639,-0.068541049,-0.257946494,-0.561486245,1.2286810620246362,0.0765262939062146,0.4979597693732834,0.6002362762159781,23360.78,1
51485,-0.404794456,0.0022362529353606,2.077499636193753,0.3514890359646228,0.1374621781213198,0.8516718859025655,0.344179454847836,-0.111628817,0.2614873448530582,1.3669422817035122,-1.438833932,0.6179089966967882,1.3313519356954329,0.3841205517298691,1.123042845829363,0.538970105067175,0.3955315540927074,0.6319818980836969,0.5960666097304714,-0.127282579,-0.049482401,0.5330117079516612,-0.279155038,-0.075500235,0.2515899528208333,0.7252086019826253,-1.083277127,-0.157432023,12649.89,0
20047,-0.404609783,-1.159257364,1.2551411624098434,-1.383791138,0.5774449630861411,-0.635252085,0.4223963368323172,-0.204256675,-0.053976996,1.0102782834091746,0.0323546173322482,0.2899474359887621,-0.834708648,0.6499965082867403,-0.581641706,1.5452934141015473,0.3607994501819871,-0.097641191,-0.028988258,0.0295620378362173,0.0042751788847569,0.8801980707269093,0.780278539260307,1.1028451985445162,0.0231826478782781,-0.855636891,-0.11680064,0.0413208858001684,8282.27,0
29631,0.2050250204556977,-1.011689188,0.6779998119102656,0.4141511776057783,-0.115664439,0.4194920316736097,0.6397402580598288,-0.183435524,0.2341946368719323,0.7852408267937341,-1.074020702,0.4294794920620217,-0.120823776,0.8747829089556416,1.021276555618796,1.2945023563525635,0.2338630182903022,0.4876819716048498,-1.498401261,0.872745872904598,0.0814376489541255,-0.080681715,-0.575959314,0.8623272400765398,0.2100473768173713,0.0280084356220051,-0.353445245,0.2230699317167872,5754.23,0
82170,1.0010681146899236,-0.350319117,0.5294057160311474,-0.22027764,0.2872874214690911,0.3076612415288536,0.4841187906234246,-0.169346515,0.4944896049839977,0.5844296971744788,-0.940295078,0.7289274373591939,0.1407431566273123,0.9398495709760116,1.4342832143165989,0.3848446687471291,0.3539768284775956,0.0328726017718791,-0.745500491,-0.314182372,-0.088564966,0.1175199872901357,-0.14541244,-0.460950905,1.0267659139204963,-0.654921824,-0.205238225,-0.064481908,4758.35,0
520019,0.4617848284730292,-0.229185443,0.9264172766578536,0.0845141407720058,0.3844089226180431,0.6485640422807509,0.4757260572041052,-0.10691527,0.1099714351355108,0.6769880366231176,0.0041364079078758,1.1934495693081562,-0.031177894,0.5555219165790534,-0.436711203,0.5483166108294988,0.5123350499971112,0.2806768768066933,-0.470750353,-0.283844938,-0.131227652,-0.14407941,-0.059658347,-0.267665354,0.4486424644538714,-0.338920852,-0.255610558,-0.074672782,3240.68,1
348736,-1.232186147,-2.277373266,-0.662256785,-0.097635173,-0.645713913,-0.28837617,-0.079078616,0.1506966135302994,-0.323252278,-0.38536757,-0.456898516,-0.631165353,-0.021712997,-0.412756031,0.9721130466449353,0.790510297884853,-0.393176473,-0.54135039,0.0286474614395135,-1.261474898,0.0773325980050929,-0.071430281,-2.54500331,-0.562287598,-0.501584766,-0.569631203,-0.155786343,-2.298980794,23940.92,1
317292,-0.307126044,0.2130679217274486,-0.745259241,0.4076444751888356,-0.611680214,0.1828647796664212,0.5090246282955161,-0.001095308,0.3321792493085732,-0.497228439,0.3703628615576824,-0.814253159,2.2909947395439008,-0.261747118,-0.226493476,-0.392589057,-0.01731728,-0.027759694,0.3255679934328412,-0.87232844,0.0028312335645124,0.3032676310079393,0.3027513735357348,-0.001557913,-1.828010535,-1.318287751,0.0195660609463123,-0.776295581,19550.12,1
325269,0.1057551986291949,0.0532631327292078,-0.170695616,0.4326514758062392,0.0064184557219259,0.0700948818912905,-0.139694646,0.000734207031277,-0.384098838,-0.225312799,0.5239944057173532,-0.638781071,-1.250539674,-0.608971138,0.0832515020580895,-0.220108668,-0.628729457,0.0003421912973158,-0.29786043,0.1011364343179688,0.1000939696598401,0.0062944554356483,-0.303684973,-1.025694721,1.0729403102443509,0.177778925453918,0.1724949412257718,0.3900819665357674,8564.13,1
57410,1.072910094261926,-0.403259718,0.320093703239837,-0.776315858,0.3995665963428281,0.2999961903585575,0.5374486258778939,-0.187996676,0.269202911610811,0.5963625930554083,-0.249243913,1.6033685649847178,1.2254966882611484,0.9178287436069924,0.101306413812866,0.9074631128130762,0.1804958231804264,0.1619334301034615,0.5955463096702638,-0.0779794,-0.285462847,-1.203877845,-0.003496496,-1.331537066,0.3290783490736714,1.3939587970073228,-0.35414558,-0.129834116,797.44,0
248219,1.8133325375609124,-0.938683717,-0.184293258,-2.436090857,0.0658990029021531,-0.396999606,0.4324261895202106,-0.243063214,0.9224914365552772,0.5082839993204966,-0.349487436,1.2256938559104766,-0.400132714,1.2506339558345985,0.4062105347100101,-0.48314264,0.3921519452267318,2.11476940210211,0.4199206542921103,-0.644693046,-0.172725568,-0.053255561,-0.120711497,-0.855752732,0.4767562370273315,-1.783855917,-0.22653204,-0.240179029,4663.09,0
24372,0.0109493700990499,-0.077081868,0.8970158912089643,-0.440414627,0.654957526449162,0.4189711665860959,0.7629654168587515,-0.170287806,0.2640346834627909,0.4416815474315794,0.0634604429204736,0.3763038624737191,-1.356200399,0.2819342803804794,0.6647876113771697,0.7121657365798515,0.6420634315585458,1.0305615118767528,-0.53772205,-0.269976073,-0.084743083,0.1242626675057884,-0.308267467,-0.779229666,0.0901196758477289,-0.930721101,-0.632517287,-0.5673189,20370.03,0
538643,-0.546051456,0.1379098339220563,-0.711671731,0.3468834381240605,-0.340042964,-0.648339291,-0.289908555,0.1978295977901071,-0.602337375,-0.835495366,0.6471718909519659,-0.880036699,-0.526701744,-0.981214295,-0.149535453,-0.829343094,-0.830605964,-0.602230681,0.725603875409132,0.3958157810479221,0.1885697047419961,-0.147081672,-0.235578147,-0.83242423,-0.20218302,0.5221382026825582,1.0911112986205844,0.053010797935829,4142.95,1
44632,-0.089934423,-0.256816089,1.14074853386824,-1.01873974,0.5210770714496591,0.2940076898566831,0.8347999113227189,-0.112410011,0.1114648240296007,0.367684975696078,-0.187096676,0.3586239181920342,-2.235660562,1.3805469751655866,-0.127655046,0.6537104712394849,0.2998427920216999,0.1037415449485834,-0.539449939,-0.302724741,-0.196031701,-0.901290416,0.0476370851072097,-0.673206196,-0.400416262,0.0661346371654363,-0.258025509,0.0912490305273583,9612.48,0
497949,-0.247001026,0.0311012511102867,-0.711497391,0.4480892527739233,-0.221980721,-0.453291519,0.0337252663805635,-0.069578067,-0.830134818,-0.856819238,0.9242513031742172,-0.910327249,0.0122093234888656,-1.141147951,-0.095154247,-0.774046343,-0.817485494,-0.55389058,0.0841473810461385,1.1046511483472614,0.2341370909266169,-0.27333063,-0.636187807,-0.97528973,1.6075126830383315,1.290813625138659,0.7694138481862753,0.9175906066268524,6744.28,1
458614,-0.560625461,0.2465489219385247,0.044128518126796,0.4681001434145379,-0.141206221,0.2311803512732312,-0.158303842,-0.350416154,0.3634238050936869,0.4310375899189326,0.4811106920491775,-0.807865043,0.1428062638999998,-0.256673552,1.048928706046358,-0.736545846,-0.670337448,-0.456323791,1.2391232413828366,-0.205139345,0.4065869312791454,0.1179660663582425,-0.309946339,0.0928265214712998,-0.784805419,-0.386657757,-1.741350967,-0.682933599,5449.68,1
481553,-1.069808774,-1.698828851,-0.693880987,0.3059018454621093,1.6873256388073563,-1.613326502,-0.647385305,-0.085169287,-0.425285606,-0.659154316,0.3217432978928756,-0.627580426,-1.53794491,-0.48827603,-0.312645834,-0.765482298,-0.525223002,-0.760928168,-0.304444701,1.0418697080586137,0.0397880312912936,0.3041663878041401,-0.267470098,-0.721959066,0.8189865050683721,1.36111772769265,0.7906205077949005,-2.750593355,19821.58,1
109621,0.9485535638663436,-0.424837474,1.1385629536393271,-0.163449525,-0.042205354,0.1593742146839397,0.308969258638111,-0.153229599,0.7977434055893934,0.575616687800468,-0.898096692,0.718359713380159,0.0925659521377935,0.7381815181525623,1.7009151204625652,0.8801677093095297,0.2518947467500763,0.4729724909115667,-0.733611228,-0.251200685,-0.087076164,0.042166968619862,-0.018095501,0.7933834725111897,0.4474730661955945,-1.081283685,-0.177888415,0.0025335053289676,12008.63,0
407691,0.6571600459296334,0.4931117227536042,-0.78680731,1.0908720364945568,1.028264984238507,-0.813177283,0.160596981248032,-0.072767681,-0.965258415,-0.532808335,1.1279588353234329,-0.803840969,-2.1632559,-1.308013503,-0.407439563,0.4589348363039782,0.5422342992715932,1.4585031686922736,-1.969986461,0.1189023950371572,-0.012311851,-0.616873838,-0.30901831,-0.407874473,1.3033758701249711,0.6536949714395812,0.4041470696416617,0.7671387089767119,6041.57,1
367924,-0.316768551,-0.607362641,0.0688034000948719,0.304135334523157,-0.300301042,1.6512230405501986,2.83208845251352,-0.420416864,-0.047007622,0.7185024270076046,-0.003863932,0.070407019168329,0.0989041288510672,-0.025235329,-1.239991107,0.4092936186286173,-0.143866316,0.1599559628309204,-0.239862363,-0.758654977,-0.283241572,0.0690068426676796,0.8875836058288101,0.5237564290645697,0.3219801650433828,-0.707748889,-0.55214814,-2.705378286,7571.2,1
122838,0.0250216143426016,-0.230802924,1.1415594757889702,-0.604736966,0.151123766473383,0.6460870406357635,0.1752341787045913,-0.645896095,0.741502867266214,0.1069686231475984,-1.600334716,0.4996228784962154,-2.366013946,1.0594736048088584,-1.232550664,0.6259471150443143,0.3857423139393293,-0.109481917,-2.471468999,-0.000215716,-0.66563808,0.2018810898806383,-0.115314628,0.0756991069491548,1.6673549646898305,-1.314359571,-0.155935866,0.4474000785249141,12222.53,0
403586,-2.195779698,2.565122337317024,-2.144087503,1.2063475720310188,-2.599116334,-2.494362055,-2.063354521,3.974310694699505,-1.173003366,-1.309419589,1.2598988989218045,-1.13511538,0.4582961039181104,-1.066944716,-0.059766281,-1.311184452,-1.492951875,-1.465960314,0.716793162370632,1.3825976067745738,0.5549110611915192,-1.323849768,-0.888644272,0.2893402693659985,2.428240144333453,-0.519317752,2.005305910257758,1.0135024690907335,16428.64,1
166565,-0.041910692,-0.388604113,1.342827270749396,-2.954264576,0.2936410813483117,0.2353780705171393,0.5861779035320046,-0.096974194,1.3453083293151136,-0.0405621,-0.254056647,1.0769432451204874,-1.210575593,0.8262707306644244,-0.426978802,0.6390588044022936,0.1759731740224046,0.6212186344018795,-0.440492481,-0.443152398,-0.138286528,-0.318812944,-0.129508495,1.4092052126074677,-0.323257656,-1.901344392,-0.130229478,0.1876366506113223,6811.18,0
356436,-0.102447654,-0.343193741,0.6975691959877167,0.0497220229104209,0.022359188627294,0.8355174114864957,0.689323457602232,-0.124025036,0.0243910593621929,0.2781010188109073,-0.578851388,0.029488016666455,0.0860732796946103,0.3018178609840425,2.4395913101019144,-0.03847817,0.1182666381041484,0.435679637937598,0.9068959497943774,0.7162260611813752,0.0562757913468395,0.4641804199086475,0.4022119919891769,-1.089717559,-0.23406249,-0.199270988,-0.174080674,-0.073161754,16844.63,1
427838,-0.726336015,0.4261601316168124,-0.853370534,1.162372809307615,0.0705667856244675,-0.746344023,-0.332962549,-0.284157172,-0.213641891,-0.302123098,1.0037349148580237,-1.162151312,-0.684540244,-1.525850883,2.218566009095321,-1.021174899,-0.708655283,-0.431082891,1.292787171069924,-0.349257246,0.2834921889662379,0.6779127361000552,0.2332363548858258,-0.030089594,-1.053771551,0.4714961331182852,-1.981063034,2.2630076183424093,13327.23,1
424903,-0.403789476,-0.262383328,-0.363205466,0.4341637485018456,-0.750165564,0.957620296686968,1.1483436272433,-0.085552657,-0.818036908,-0.328771391,0.7685958759364419,-0.410435497,0.2777463974938315,-0.374129095,0.1822985155729092,-0.587473465,-0.510832587,-0.574743272,0.9343049115269036,1.0806145284666868,0.1022694658481836,-0.370466671,1.2574230544066345,0.114130470813574,0.0181421663926488,1.136090626285771,0.0361000684275055,-0.441308455,2613.34,1
446640,-2.402358748,3.2723047696127936,-2.374491267,1.6743668531318072,-2.698771483,-0.131136399,-3.353470961,-2.35756157,-2.788644842,-2.889891943,1.0178396663488578,-1.460180356,-0.888500315,-0.430839133,-2.336904694,-1.417585133,-1.519782738,-1.694213249,-0.601026499,2.814432560828843,-4.383470466,3.896238131823933,1.1012965896142075,0.6215212840512171,-0.698006416,-2.277087742,-4.539087237,-2.712905807,8586.45,1
501039,-0.497225319,0.0273351856764717,-0.764025627,0.1044045110740848,-0.67537159,1.1984961181251597,0.3400100734929586,0.1838223360822118,-0.44927649,-0.909920659,0.3757706723506626,-0.84185644,-1.088000832,-0.878623153,-0.2401398,-0.909931937,-0.629519091,-1.081482537,-0.859168645,0.1948538550255679,0.2285764349885777,0.45487287470695,1.1067678458599566,-0.887226044,-2.384638489,0.16361790629146,1.1523392726987387,0.857710160895773,4807.2,1
200776,-0.129650525,-0.099348157,0.5240874697577818,-0.447701807,1.112547049411112,0.4460747056323486,1.113973706399102,-0.245662461,-0.003960351,0.8205202173962698,-0.739677531,0.1068120707666029,-1.892795078,1.3711307820079282,0.2789347376989405,0.2263813970579306,0.2560851579256749,0.946091649985574,0.92775731642801,-0.315402619,-0.081120413,0.1541904353351441,-0.837649548,-1.897025315,1.7827688246907512,-0.423970355,-0.77516966,-0.506188458,22911.16,0
36892,-0.068762508,-0.636793038,0.8435283964910633,-1.041012255,-0.176737711,1.2535942838620815,0.4624916643596121,0.0265703521875023,1.826746887039517,-0.022470596,-2.595896156,0.9322377226102864,0.1323627668801014,0.4837699368159253,0.2338959568408986,-0.023281048,0.61988009758818,0.5626137576509681,1.2000451748751528,0.2789864141493843,-0.040467226,0.3193166321783136,0.4215727853556604,-2.08822153,-0.071686469,-1.223674704,-0.256819813,-0.105428569,4025.88,0
229063,1.7332330664779585,-0.412264796,-0.330116497,-0.494657393,1.7818828479150135,2.1144286623734434,0.3091201974215773,0.0357725587638272,0.5667861484727715,0.529565721246122,-0.415435338,0.5978220430702457,-0.118666194,0.4316330594158329,1.381869848305904,0.7416476449275036,0.5103379170038977,0.6064151001960759,-1.046963489,-0.320276996,-0.060155984,0.2611553357525794,0.0672702596670805,1.254339597204902,0.2727924878597116,-1.267719897,-0.18592539,-0.162999987,10351.1,0
298833,-0.458975439,-3.151723819,-0.524937498,0.0613232022292498,-0.529292242,0.7182404074562855,2.066817641139758,-0.347074702,1.2979745009427293,0.0667468206444603,-0.964978704,0.0725073394924228,-1.056972538,0.934522004585708,0.391415690917351,0.0489844698463957,0.2499543289742563,0.396556962656421,0.0284082505373691,2.615654994327393,0.2488497651115547,-0.775553236,-1.739590334,1.2592288690770015,-0.764350016,-1.859733985,-0.30107742,0.2385576879881906,17192.47,1
156689,1.8160273283865485,-0.356735709,-0.129773763,-0.363061493,0.5651871714234864,-0.063424861,0.5297083111710038,-0.233843,1.7663283753614414,0.3200689071429856,-0.498271179,-0.337535259,1.414968785723275,1.1319481869728003,-0.646298191,0.6017887144475085,0.9784296255306902,0.4088434444718222,-0.318077354,-0.357935103,-0.266204483,-0.758240819,0.1822628867850708,0.6959884290198415,-0.178584522,0.6855187715171894,-0.358013665,-0.203023473,13484.32,0
387942,-0.465004682,-0.607251665,-0.250018942,0.1944969018163259,-0.830995627,0.7300291954610963,0.5260929852121983,0.0214219403277321,-0.072364991,-0.658958393,0.7260758122807186,-0.220805175,0.7206874981143435,-0.637980334,-0.225792184,-0.786031243,-0.365270057,-0.006131114,1.847236005947264,1.9137101199476692,0.2952895322788421,0.57000928771594,1.8227521400049709,0.7002273647616011,0.7983667050525026,-0.455026599,0.0471846445458695,0.3816550154909526,4126.3,1
498921,-1.076093993,0.9278632386483796,-0.979493821,1.4551844387252153,-1.354933547,-1.067676401,-1.503349533,0.9461557113933254,-1.959809551,-1.69822813,1.5632525330814755,-1.692614056,0.7110694069847067,-1.62575407,0.5345236139325945,-2.028212613,-2.397116442,-2.275759311,1.679669851681322,0.7478513030132146,0.7967745744731383,0.7425449104738466,-0.039045099,1.2862157238997205,0.5388454028708314,0.624451460357821,1.8489897280063967,0.9684000406890634,1202.34,1
22445,0.503717166003262,0.1087025901354862,-0.089255556,-0.192414366,1.2048779825401168,-0.13132459,1.1368212093440406,-0.354345792,0.8742221229801695,0.9644672051158424,0.3280428527404243,0.3663309374470348,0.0402944040461339,-0.5330059,0.6430584497983796,1.1348877938110176,1.242351926621177,2.3371701558532703,-0.119017369,0.6505091442843348,-0.284432743,-0.179490709,-0.179658914,-1.406000316,-0.60185172,-1.152135227,-0.334454334,-1.83922861,3029.22,0
254504,1.507885900858262,-0.738243807,0.7553790624801439,-0.017440942,-0.111982651,0.943257371571024,0.0603368407857474,-0.053192607,2.0925526137660326,0.5707967238862929,-1.979149812,0.7672149640043933,-0.525267492,0.3652354661399445,-0.462985037,0.601389100505095,0.3353562250496397,0.6252378661669956,-0.660078141,-0.341609167,-0.025553951,0.7407587942020978,0.1309165539776381,1.431504871754016,-0.459880623,-1.381588824,-0.118083431,-0.108300728,15672.48,0
482787,-1.104578418,0.6240702496282616,-0.815221559,0.0655069831023369,-0.458070344,-0.708631153,-0.44477299,-0.025213047,-0.231581773,-0.657336904,0.7099600722002267,-0.914553851,0.0944086042884857,-1.144184669,0.8890697075081562,-0.81880613,-0.846438529,-0.771490168,-0.017574899,-1.131884973,0.513356944463075,-0.031670482,0.2450929788885613,1.6697556147689958,0.0128591520034026,0.3639127249091147,-1.982683316,3.11723883914826,8593.93,1
537246,-0.750954322,-1.354779104,-0.548526734,0.3903293150305002,-0.223898023,0.6976100648378931,-0.224200534,0.1998870159808479,-0.001803177,-0.548466768,0.4578564756439329,-0.581057781,0.1029660812881189,-0.407346621,-0.31942418,-0.799099688,-0.723396109,-0.852817827,-0.113493822,0.2411978242950976,0.2496515749987962,0.5586844716707496,-0.723808247,-2.097697772,-0.399289238,0.0581234294278251,1.0710843840254185,-1.903894019,16596.42,1
466733,-0.156814744,0.7594810860368324,-0.794360083,1.0401327626253385,0.9316573412055076,-0.938345196,0.0054266128847223,-0.002845303,-1.206317112,-0.900987836,0.7634560629422156,-1.148643056,-1.655847433,-1.532968571,-0.157607772,-0.166466093,-0.239015897,0.3924886651638191,-1.756090673,0.3672382353001053,0.0536883472144958,-0.834081622,-0.368678121,-0.39018968,0.2594028433009623,0.1937491911254558,0.8504744832870201,1.133251931204488,22300.72,1
271043,1.7338494110663174,-0.518570104,-0.176848714,-0.591785365,0.5264489184134515,0.3983928760411046,0.4162923427802203,-0.146950021,1.2072075117326089,0.351362638394978,-0.70587653,0.6014579082909252,-1.050700517,0.2488478402998593,-0.626058796,0.8764657566619779,0.6037258843834705,1.142256364464986,0.4871269529606517,-0.304914445,-0.213554414,-0.630334595,-0.03048197,-2.477297426,-0.045025898,-0.025781094,-0.263817643,-0.20230195,19846.44,0
56770,-0.083171391,-0.334752104,0.7850298480995993,-0.577351149,0.0105056132709981,0.4096750468702639,1.2520865240440129,-0.219002642,0.1188929828439765,0.4437048018158236,-0.708828567,0.2910484173561886,-0.852054076,1.0914499293860551,1.8568782390570668,0.1529329949327872,0.6136698934737381,-0.213263753,0.633170851060723,-0.14318216,-0.210558096,-0.685513235,0.4850322639736946,0.2150540427566448,-1.075975226,1.6441865799132442,-0.187491359,0.007528816085183,22258.48,0
75832,0.0494986224863937,-0.134293377,0.9760397172566218,-0.317932527,0.3126439436483003,0.3434971288877501,0.73852679565174,-0.158699756,0.1426897582447905,0.726346112416362,-0.120307737,1.0677746838566495,0.2807807896571743,0.9328875421651543,0.3550070382830211,0.4643138852442383,0.2642194275952206,0.8222658408366189,0.4066348576377345,-0.033358102,-0.051433806,0.4376244290495189,-0.099531778,0.070625141597802,-0.227553155,-0.765588907,0.0462158790822528,0.1607107478502888,3152.38,0
52441,-0.301273303,-0.012056399,0.776004809415886,-1.067965103,0.1105261517714007,0.4448168314417261,0.363779764541355,0.1291886532980339,0.3559030884452507,0.3541812127605275,-0.352037262,1.0818801231588675,-0.975359323,1.2764568053727623,-0.744777991,0.6379123511143298,0.4399455852900844,0.1617746604644914,-0.386881443,-0.319278155,-0.140964364,-0.343533112,0.0009950215561193,-0.533736043,-0.416240925,0.7447674446909882,-0.043400018,0.1297473027748091,17534.34,0
468302,-1.687995253,1.4521920986836174,-1.817138704,2.1045515732949807,-2.035407282,-1.883992709,-1.918170338,2.2177882929643875,-1.670992745,-1.916873853,1.4473317407221598,-1.817471381,0.709954266902072,-1.418754392,-2.3014391,-1.7527549,-1.960252821,-2.020347672,0.3318317680782697,-1.558908927,0.8662695845575142,-0.288021601,-0.372805479,1.12963576,-1.209580215,-0.423094461,-2.264680841,-1.752226939,19481.41,1
529451,-0.511667577,1.084701923152548,-0.960760306,1.2445823859614424,0.2676399824355308,-1.564583415,-0.296393542,0.2692934365019097,-1.154702691,-1.089038422,1.6100103911878398,-1.372594285,-0.149862504,-1.388093844,-1.693360469,-0.443107857,-0.205804835,0.5175910244929505,-1.546487117,0.2606132209355237,0.1715717587986603,-0.439381634,-0.446794082,-0.487688608,1.656484301075814,0.9048186084021356,0.3229949752899824,0.6931732481408147,20828.18,1
362065,-0.699737667,0.31593004660133,-0.716738815,0.5467864162769132,-0.886118895,0.3673742246125968,-0.466884963,0.4197505552490833,-0.881714184,-0.816982679,0.699851193544715,-0.859610246,0.314835950292523,-0.685373049,-0.516113937,-1.161391299,-1.260310922,-1.076479225,1.8908616761600987,-0.361219955,0.2771054087397547,0.3259008830192527,0.1676114818434723,-0.84980932,0.0904944412593511,-0.440995487,0.5660700913109666,-0.761764023,14392.23,1
188130,-0.17749002,-0.202788166,1.2128192550388894,-1.323820834,0.7578131375416078,0.1561294137655452,0.8428270758044074,-0.162046988,0.1215877721987435,0.3048156560433479,-0.33800702,1.0703355197487072,-0.069205327,0.8684923140962961,-1.193529829,0.6595034335161318,0.2063777836465577,0.1550721996744521,-0.244409668,-0.305484029,-0.200508911,-0.754231384,-0.392359876,-0.713180591,0.8592899682566805,0.5248131580620512,-0.451670276,0.0023764038106732,8243.52,0
389548,-1.704516521,2.599199263414968,-1.205390552,0.5035268915774673,-0.94967396,3.226002264832025,-2.323094936,-6.027711908,0.2733890173381638,-0.698893089,0.9902737999824864,-0.707780298,-1.89197721,-1.183117215,-0.287686755,-1.230970688,-0.722382799,-0.990629654,-0.169995932,-4.118596471,8.087080028016498,-6.450353018,6.343132317756874,-1.0750483,0.3498809024854172,-0.240261075,1.534445136055664,2.1541018884187397,1967.75,1
372052,-2.597907693,3.293482541034127,-2.483717324,1.2788607235691962,-3.234872815,-2.870401854,-2.441423828,5.758232631000507,-1.061864075,-1.171379844,0.8824418935621118,-0.852704209,1.432522768923559,-0.612504615,-0.187162021,-1.053087544,-1.293446146,-1.406593348,0.3038486294696474,1.493235394211496,0.5739541905057515,-1.863610637,-1.339428489,0.3841309323116229,3.700446918639503,-0.485386677,1.526872146854418,0.7859979230646387,9800.65,1
536459,-1.389740546,1.398153239121931,-1.428633947,0.7501060961823683,-1.396366092,-1.713550974,-1.095070031,1.612526896169163,-0.629447402,-0.894705628,0.5424144588860424,-0.953570608,-0.541547167,-0.954246434,1.0762365441898345,-0.864898959,-0.837584492,-0.80000944,0.2728425746580576,0.663662294808347,0.2537368022967871,-0.759824521,-0.104636856,-0.043019381,0.7750792236964016,-0.623089935,1.327527653398979,0.4621587251394631,12036.41,1
340380,-1.124184389,0.3849480494288324,-0.846802092,0.8199055222553449,-1.020947193,-0.4855982,-0.847314538,0.6192708276785779,-0.858732643,-0.883403073,0.4631893980617707,-0.952954774,0.5085316735859275,-0.761003907,0.2620939284883544,-1.285094161,-1.289878897,-1.410118496,1.5726729532987536,-0.725387214,0.432204256925387,-0.065410035,-0.750710771,0.6952784794622818,-1.611783189,-1.30383653,-0.859017179,0.839997949280809,3207.52,1
537785,-0.503680722,0.1835265622548677,-0.666226068,-0.068656172,-0.271373243,0.033637070165801,-0.416711368,0.3244345244735773,0.065018584758202,-0.798114968,0.750342601077653,-1.066085882,1.2500970430587552,-0.41416415,-1.644804756,-0.732296191,-0.854245636,-0.518385415,0.4404832239710252,-0.289906673,0.2063541683592957,0.3065259320738763,0.2138490433297086,-0.461909643,-0.597333714,1.0318598605460232,0.2071146557770521,-0.36245247,13270.74,1
203969,1.9067792644864328,-1.143177077,0.4696213119109937,-1.552204637,-0.350703555,0.4519314345663126,-0.081660344,-0.108384989,0.1095707260589602,1.5390159629324338,-0.48795286,0.28277998063652,-0.282820013,0.4666733803187547,-0.321088547,0.6935324547817209,0.4179990292649744,1.2046249527370283,-0.222445396,-0.589301007,-0.132422942,0.135157595014735,0.266611742714579,-0.665831745,-1.009629061,-0.546103398,-0.179656384,-0.196849127,2045.7,0
554372,-0.930222687,0.6840269660796389,-0.92158819,0.7845333666134063,-1.228796648,0.0629422034319574,-0.674613588,0.6495841873954356,-1.272347865,-1.323833409,0.866607805588035,-1.180590479,0.8391883105750247,-1.203051206,-0.220906326,-1.295649584,-1.514312577,-1.547146461,0.2067012484262253,-0.273698818,0.3525019416333848,-0.343035999,0.1967631128876334,-0.264500443,0.1141914958140539,-0.998784821,0.5659479631629191,-0.259945164,7926.91,1
367236,0.6497474709137404,0.248266399802219,-0.6751905,0.6379119101687658,0.2530394671750662,-0.320862079,-0.050275981,0.0328862991224924,-0.336242127,-0.335595786,0.7487091743145575,-0.416842285,-0.50897934,-0.807142701,0.2054529245166988,-0.518881677,0.0821231201380664,0.5367783033745861,1.6141458295594913,0.1772462180429571,0.0506474018893959,0.0499992535163657,0.158528880990473,0.8067652960985294,-0.813599059,-0.615013754,0.1269380460697957,-0.210042322,14217.73,1
539570,-0.158632527,0.1062239797304597,-0.149179945,0.0564251792312893,0.4509127813850617,-0.291403851,0.3785645397430036,-0.130890962,-0.111660583,-0.021870017,-0.163009808,-0.158925893,-0.303729049,-0.23442042,0.2361130996080802,-0.297478671,0.1045626186061893,0.0767868912204891,0.2047571533660502,-0.115783507,0.1128345709755097,0.6935400270309866,0.003061639096902,-0.431016024,-1.049964948,-1.028162324,0.4537722788022232,0.5704232522897962,14585.41,1
536737,-0.565657502,1.4087013147970775,-1.534723719,2.066182711541574,-0.597351306,-1.527952906,-1.28308299,0.7434017808923362,-1.728008443,-1.747121342,2.448829094350852,-1.926292441,0.154018172888303,-2.047310183,-0.378394484,-1.833299308,-1.607382478,-1.512869767,0.8017066390153567,1.2708182647429065,0.6044195106580891,0.2633456144154937,0.2956484710625419,-1.910851632,-1.136670868,1.319426910754664,2.6102908050674376,1.7794712366019672,13084.41,1
341484,-1.01518728,-1.073484258,-0.667343099,0.2293391390005785,-0.111627339,-0.45695637,0.1942902636981556,0.0600521502404114,-0.313949945,-0.388275228,0.0312427040897821,-0.503492538,-0.257734902,-0.256084234,0.3839931903337467,-0.52409442,-0.563594899,-0.412881919,0.6575720285699813,-1.063786476,0.0672688547505959,0.6132458963882961,0.0268643210426032,0.5206358890658733,0.6716456818069139,-0.136061008,0.2883934122632807,-0.091534662,22835.94,1
467880,1.4800725749055943,-0.687645675,0.3615885084156637,-0.667993616,-0.065165017,0.2792386196064126,0.1573913134242617,-0.136339984,0.4214746363671464,0.7674762440949269,-0.396667659,0.5661848505709103,-0.229909089,0.1878892981429577,-0.635093585,0.6105864751738599,0.808601877824374,0.576571198029534,-0.251768239,-0.381515209,-0.107328634,0.2246750825981706,0.0675608160891114,1.3672199257885873,0.0742608560173846,-0.491309406,-0.186292187,-0.087663365,17721.64,1
357255,-1.038747455,-1.213869611,-0.63832755,-0.010992539,0.0145562846488697,-0.11245504,0.7482612061758961,-0.084237882,-0.094052782,-0.184978598,-0.631234506,-0.455220112,0.2877153739685826,0.206194395127595,-0.165992486,-0.424586091,-0.477938501,-0.564545074,0.2838711250097004,-1.99428721,-0.049161946,0.7695849116534521,0.2952838987568508,0.3615634960383543,0.9998682616519936,-0.107265051,-0.282412604,0.0051461939352105,11881.27,1
537449,1.6105316616309908,-0.042539298,-0.138663653,0.7140273541332496,0.8765865340852884,0.1838178313041072,0.6272727303714246,-0.173058143,-0.248068801,0.725099697110195,0.0859415415727862,0.7267742229332838,0.2850752522949942,-0.220906509,-1.480336948,2.161994641075035,1.107196524920348,1.2452772959835114,-1.627680763,-0.331132943,-0.204286852,-0.609578862,0.1336436412656343,-0.478932696,-0.13947101,-0.386319164,-0.245223093,-0.070172332,21976.65,1
456920,-0.117160694,-0.294078592,0.4115331754750648,0.0605626852651914,0.4146492338887863,0.4084022347675495,0.9052885221549796,-0.47586165,0.7373277784077655,1.389146229181665,-0.500011505,0.6097969406048279,0.532523214292691,0.1765189927720812,0.9707620617500696,0.17642909942823,0.5937480934809366,0.0141650365742318,0.0881451459146825,-0.712645931,-0.012186402,-0.06354178,0.1113891404621046,1.1182154871432828,-0.564261133,-0.211561212,-1.593432433,0.34025774348785,17381.65,1
282422,1.6623158404656062,-1.06899315,0.961439393800272,-0.548070546,-0.400000652,0.7572278362561689,-0.079756399,-0.078203017,1.6435640111334482,0.8086261174726764,-2.401475055,0.9098360660011512,0.1795133687938509,0.1369554580776781,-1.614379771,-0.226771887,0.5659570762817488,1.416336979325245,-0.672303663,-0.737733663,-0.214503367,0.1069987203037019,0.1999132302014591,0.0841797793408841,-0.895559435,1.5184754922578283,-0.168935778,-0.16149315,23964.52,0
92873,-0.135741784,-0.264931497,0.8546914466545787,-2.001990453,0.376983133395865,0.3263555848178887,0.6782898916691091,-0.179525817,-0.256747863,0.8921489060799367,-0.433817942,0.3297756938466411,0.1484655686721731,0.6542460976803418,-0.76530118,1.8923160475070595,0.2687275786710613,-0.205407668,0.5774168972585089,-0.023010237,-0.169397664,-0.649201839,-0.205971024,-1.459258478,0.1546249201492887,-1.639292598,-0.371189925,0.350683964352398,14503.63,0
353926,-0.316231889,0.5249199132227753,-0.682689982,1.2668404724528517,-0.197542553,-0.167979267,-0.484902763,0.3285451829809983,-0.927869509,-0.638335553,0.8874507721236126,-0.859222008,-0.566013657,-1.189786902,-0.453857148,-0.684004967,-0.45827035,-0.198417182,0.82144647698743,0.3359943561295286,0.1395860082732568,-0.235343345,0.0545378728735343,-0.911646267,0.2713652539894892,0.8252343921360157,0.4804589881576796,0.0577872114811931,6678.43,1
349945,-0.295694025,0.2136660010850372,0.0145419115272318,0.0008661928559713,0.0201268038342788,-0.237528827,-0.048549768,-0.251374957,-0.205594761,-0.249977571,0.7423395742905505,-0.530342667,-0.988807808,-0.59257084,0.0989275203004827,-0.518718419,-0.616075023,-0.201653157,0.1468672081883325,0.0659750787820527,0.3708062533916366,-0.014529452,-0.153119337,0.2897764520424722,-0.124875173,-1.155955865,0.0394544972099652,-0.409011582,10895.37,1
426341,-2.207438578,3.067337807854853,-2.205526927,2.2482142351188603,-2.559153228,0.6579176355934004,-3.229455729,-2.265043695,-2.68938641,-2.673191363,1.0977832063594686,-1.561557466,-0.929365004,-0.855891708,-2.616110782,-1.519654749,-1.520980727,-1.695249657,0.541734137269965,3.15156917616312,-4.12092422,3.529170821546284,2.392078775778944,0.4509501980343426,-1.747963023,-0.491930624,-3.771002904,-2.084646016,343.87,1
545546,-0.324982147,-0.67101204,0.3533894393282601,-0.142688852,0.2116820874160045,0.6702033049744834,0.7076660628847737,-0.212938229,-0.030188315,0.7423597062812353,-0.993779155,0.1860239069776277,0.0113366472465466,0.1418517049254872,-0.587748927,-0.191595697,0.3210316137500278,0.6357578720592963,-0.966976875,-1.469305061,-0.354359729,-0.614037664,-0.253948211,-0.563971562,-0.273183953,-0.93558523,-0.26789561,-0.377254453,1774.81,1
212481,-0.513087796,-1.855124297,0.7301250102490093,-1.725441282,0.6026807087762868,0.6833719815024305,0.8620673602390855,-0.154111989,-0.058143887,0.4578431403349176,-0.905575277,0.8204296537474252,1.1784863278598472,0.4859306093545455,-1.279549613,0.3612902831564139,0.0353633900809503,2.1172763903038065,-1.579323858,1.04705316956983,-0.160761533,-1.220441696,1.732437945023644,-0.808936735,-0.406319141,-0.009111462,-0.605104375,-0.127170444,8698.75,0
282077,1.809904521727901,-0.444283917,0.02192901354468,-0.473353904,0.2684176553345007,-0.285564835,0.5225925124674659,-0.237031104,0.879314113045817,0.6000621035763641,-1.094119256,0.87121717437416,0.2630302714693174,0.9900545771575096,0.8897108005144959,0.3196163566444619,0.2974357435207413,0.225287633209628,-0.4571303,-0.415859377,-0.005320031,0.8285402488181727,-0.026714133,-0.045278905,0.3553742562751716,-0.222527157,-0.255663793,-0.24478488,3374.95,0
411069,0.0807773471899918,0.1338307158055881,-0.061733284,0.3993230872064295,-0.117403823,-0.28852967,-0.11048022,0.0043559947329531,-0.46861973,-0.32195428,0.4075815180720364,-0.521937125,-0.087234915,-0.554931246,0.8664990872675623,-0.542446543,-0.516516159,-0.794976443,-0.749479819,0.0835720989698161,0.0438889189834608,-0.343136829,0.0300408601152786,0.6265261353517819,0.159775306337404,0.0841448356627885,0.4360617118527516,0.5932396708554036,5918.21,1
113109,-0.120148827,-0.549297744,1.063022053646728,-3.79683008,-0.051918432,-0.219916511,0.5570422892948491,-0.18452479,1.3522253751209217,0.1481694168889637,-1.782298804,0.4685960725281107,-0.860990618,0.579462234178378,0.1571311282712825,-0.303088341,0.3098052463367683,1.831217464518551,-1.109756697,-0.866875301,-0.237250236,-0.278636498,-0.253570873,-0.276009007,0.1300172473133871,-2.903255136,-0.013993559,0.3807786617829503,1538.58,0
543039,-0.929094532,0.4511475512562324,-0.530614019,0.1097694206262915,-0.274731045,-0.214916355,-0.530481542,-0.203450333,1.1211040269452432,-0.424667944,0.8960387864016713,-0.982079678,-0.001763949,-0.619555316,-1.002555122,-0.214479605,-0.299201112,0.4597133377488719,-0.493190311,-1.341594049,0.7422784507650344,-0.401336461,0.3112738551688417,-0.30502014,0.3111212026095192,0.2033348047112523,-0.923588117,1.5457459372241344,15428.89,1
547277,-0.199177198,0.876135140680334,-1.029528542,1.5145737806057524,0.246190489809658,-1.227303489,-0.308830812,0.2217212388007712,-1.345705829,-0.788001818,0.9714666406529986,-0.955571992,0.7512218681472906,-1.515922915,1.0944976481891795,-0.377590653,0.0220477335140158,0.5029771032106888,0.2692581955329257,0.4682337638690828,0.1065221137907408,-0.508663264,0.1071419830199395,-1.259599534,-0.065028064,1.1058865445263182,0.2942255590214114,-0.084372309,21844.03,1
554530,-0.152568772,0.1566246925154029,-0.668315841,1.253680591830146,-0.822081887,1.557156180310539,0.8342269077815373,-0.643893645,-0.884258581,-0.290825696,-0.091458942,-0.491162687,0.6151744389279793,-0.652158576,-0.353882369,-0.291306311,-0.110101639,-0.121672163,0.5709030713886466,0.973829947806614,-0.441571098,0.7216229736521279,1.4096739673676868,-0.57596629,-2.676282234,0.2178821571194456,0.9970625827759186,0.2732556248233813,15775.78,1
443183,0.3665950642856977,0.0553064299501471,-0.099332247,0.4852168541141455,-0.119652017,-0.270394163,-0.127764789,-0.03763077,-0.395276692,-0.275304224,0.4490410985429092,-0.521758326,-0.090353581,-0.585492513,1.005952022414617,-0.528375117,-0.516980414,-0.803712457,-0.826261269,0.1194084351753213,0.0177885294698099,-0.465953391,0.0302775765893949,0.5820669613817068,0.6296562720268266,0.1020362743189279,0.4769096360244355,0.6371902262158823,18381.36,1
11513,1.079239527416438,-0.694010274,0.8588290712822476,-0.800164224,-0.107830002,0.3885080248057685,0.1428644189235638,-0.115347209,1.1350331264849411,0.7430001662441648,0.2946796155839679,-0.467917441,-0.819180059,2.04706824700069,-1.434334189,0.8213715972531374,1.1527922191666302,-0.313036751,0.290002948895101,-0.35871687,-0.147616468,-0.121556722,0.0317264622934606,0.302838039893797,0.4528171267865541,-0.649139073,-0.254672108,-0.125874215,14160.9,0
512870,0.322396604005128,-0.529740412,-0.042277545,0.2675291327926266,0.1632935951768959,0.4184631626988583,1.3464984235609474,-0.264484185,0.5937145595860968,0.2736102444700763,-0.519946639,-0.101788254,1.3592582480863156,0.4258417641226152,-0.630084165,0.8409115103594557,1.0542533345197342,0.5798584722331368,-1.162932486,0.4088155786895354,-0.124270118,-0.597105471,-0.197511661,-0.599034288,0.0419935260532492,-0.898876371,-0.274471416,-0.051272148,7790.34,1
321257,1.5824533874589557,-0.178241158,-0.327233236,-0.230779358,0.8770551609575306,-0.460746947,0.7844881844112889,-0.242131487,0.595868392891439,0.1460115887412547,-0.557701663,0.3455405813514631,-0.759358089,-0.103512522,0.3854462099477477,0.4557685357421511,1.5765395314021189,0.9557458145939844,-0.631347525,-0.355766211,-0.100879798,0.1949782183409181,-0.233182028,0.4844339254534932,1.3370597477078876,-0.566705799,-0.22841379,-0.059432762,805.77,1
291774,-0.342452348,0.5826262074492806,-0.884670668,0.3627382590997811,-0.177005372,-0.769812197,-0.169261316,0.0479449677710392,-0.527477439,-0.676514156,0.3666510738420454,-0.943544746,-1.155079216,-0.95339321,0.0740599927368545,-0.906836411,-0.712992174,-0.553758177,0.4739092570829512,0.0207391885499293,0.3571523902515628,0.6898638283617771,0.042752770767357,0.4953964486854996,-1.007744496,-0.559621248,0.3026513362126689,0.4025515723211778,9063.36,1
209374,-0.497656539,-1.170028876,0.8475616436255056,-0.853077115,0.1875039066849745,0.4617008008304288,0.8012645661435085,-0.177261047,0.8971794518071848,0.3442229207225583,-0.392415868,1.3071623047813985,0.5189870089761982,0.5679629011696236,-0.50265569,0.8560308590102141,0.1628576907252175,0.9934847377375656,-0.073055243,-0.303881275,-0.045855148,0.8344492209055949,-0.216384217,-0.363736888,-0.347442201,0.2720787636918584,0.7011740755941523,-0.077103005,23293.21,0
100287,0.6073719009391418,-1.091211529,1.285954458068522,-0.709545103,-0.427440741,0.0783625379902513,0.1960752597947381,-0.181556128,0.256981001473375,0.8075857172187848,-0.577947259,1.0166981607733645,1.5360303333906986,0.4701152907036751,1.6906176941665076,0.077987069347711,0.3769411050635782,1.5319369437746828,-1.583880864,0.070034415541509,-0.075449224,0.0080015224322991,-0.16712151,2.216822395217278,-0.394306805,2.062936013158833,-0.29805335,0.1146341176558326,21887.87,0
43009,1.007063186581077,-1.156080396,0.939605828059914,-1.169784811,-0.313059555,0.7351337995980526,0.0338797241620996,-0.141186238,0.0922253046176514,1.132735498073775,-2.195724198,0.4645694336669444,1.4712815245202169,0.1237492056240867,-1.410094602,0.0711007510471386,0.7363164962428611,0.4005099370821353,0.1704821403693736,-0.146418128,-0.155955082,0.0686095260107297,-0.333818784,-0.63995919,0.9099635411711812,0.117515682725103,-0.16056651,0.0076454213113264,1054.28,0
275038,1.6707883525981504,-0.450395507,0.2300409362898048,-0.159508283,0.2616703742282048,0.4614386980048082,0.3660190394935905,-0.129518115,0.7809470458601663,0.7407252609085136,-0.202370457,1.560064907875765,-0.242022172,0.9235406340194288,-0.738074589,0.640920855338101,0.2377103777390976,0.2349349393206916,-0.081005494,-0.420946314,-0.272607463,-1.035182572,0.5045006974716061,1.402325163913836,-0.759851121,-3.33960835,-0.207331136,-0.179774032,7504.11,0
310628,-1.623804959,0.941406857009532,-1.653075851,1.86232990365012,-1.889051001,-0.041374059,-1.890399994,0.2638761342143539,-1.851590054,-1.884014743,1.7516104800029686,-1.635783815,1.2643028955249875,-1.291914762,0.0714181149898841,-1.762986012,-2.030722284,-2.083962713,1.41332025619353,-0.578588299,-0.376727517,0.6548461672325103,0.933155114789642,-0.257059843,-1.54974763,-0.085979625,0.4792850701946717,-3.802746024,6667.49,1
371455,-1.119480932,0.5978786682463968,-1.024604509,0.8384494266789623,-1.008972687,-0.714061005,-0.699818966,0.6263981997207664,-1.242600399,-1.115275038,0.9960759632499662,-1.116524494,0.449179779140397,-1.140469977,0.5325968141704929,-1.173387889,-1.283486625,-1.191176424,1.111008716438025,-0.45905295,0.3233189573794607,-0.175086868,-0.619324178,0.1190117887019703,0.2194815049605364,0.545265202133229,0.1314522055888111,0.1219602221758793,21222.63,1
332878,-1.229294547,0.9816149728271508,-1.309560631,1.4876746241997416,-1.476916463,-1.609051004,-1.521555767,1.135226009723802,-1.785268863,-1.845853639,1.629019217417279,-1.731063961,0.4950418699881183,-1.644672068,-0.355267481,-2.014345402,-2.226770988,-2.212722668,1.745092722695272,0.0807872301412519,0.7322804894707439,0.0663792425777889,-0.142021957,1.1454246626287452,0.8949846825842643,0.1346171311859239,0.58053847481236,-0.306447805,3429.07,1
551272,0.99136514782893,0.469539079929929,-0.792975409,1.0929238733601625,1.019786840937133,-0.918907589,0.1821612041740974,-0.119254922,-0.837505,-0.496842477,0.7986266334375122,-0.710745972,-0.444469602,-1.330017359,-0.12718213,0.6663337606169183,0.5803741305535606,1.1844981132986314,-2.212418451,0.155354502305366,-0.062830671,-0.798634242,-0.064017191,0.6557618745559852,0.5414814631023751,0.1468224661027144,0.3717291268701987,0.7107681243809422,8286.01,1
331200,-0.862787682,0.3620213702493413,-0.60877073,0.9780428557720025,-0.467651772,0.2519630981946936,-0.444065663,-0.130560863,-0.403575808,0.0820123068766418,0.336529574557495,-0.895633076,0.235279064569211,-0.81134846,-0.816270945,-0.93384217,-1.205407718,-1.278354781,-0.517282052,-1.209541857,0.4894850252027755,0.1998300001534469,0.6138788374718209,2.175929553514582,-1.137448186,-0.802740499,-1.681794865,2.829385741666525,5084.03,1
383670,0.3732540374415667,0.3290537945793976,-0.774441459,0.8152420856559073,-0.427447524,-0.969784822,-0.597603456,0.1372636253618459,0.1164345166947847,-0.784003427,1.5149700709453102,-1.219315804,0.8235470142754707,-1.006443597,0.6487625123547491,-0.925613864,-0.672595223,-0.269452748,1.4881670848490482,0.3976526661927166,0.1849340594326442,0.0208937192925753,0.6895141742220691,0.2038190306614209,-2.94562556,0.7133922934618107,0.5667665205328207,0.3449766941796104,19565.94,1
133024,-0.054614496,-0.131391518,1.344458859997047,-0.645705919,0.3665955416275286,0.2689286541750449,0.6182147899527225,-0.119363618,0.1434204465071132,0.4874248721285425,0.2639294304432653,1.4300097394693367,0.3969173032688242,0.558145349566186,0.429406888795049,0.5962889316337772,0.469023948075504,0.1882107768424099,-0.417225959,-0.065814708,-0.163900829,-0.405508017,0.0091991454365463,0.3968926889625519,-0.545452984,0.1463844043171279,-0.087474582,0.1309568397423097,9009.69,0
447533,-0.751429669,-1.823079114,-0.49639819,0.5629185036103297,-1.011852791,1.5663981257045478,1.3374793488287675,-0.199990292,-0.035631983,-0.256225116,0.3271312652669196,-0.50787763,-0.599544485,-0.221241676,1.4148081841534634,-0.585529258,-0.626753751,-0.559683377,0.4587937274484916,0.731496691096292,0.1713418876217392,0.2294826058229644,-1.315133105,0.5409913472419214,-0.687852789,-0.351106978,0.6164046539568021,-1.260825922,7334.13,1
110302,1.2392189955494026,-0.549594948,0.2264218981567704,-1.205769024,0.2841571652403076,0.2464633242982696,0.4043810466354779,-0.207505414,-0.247878437,1.0092149310858944,-0.286172808,0.7674457245891956,1.330698926796908,0.7251094935316282,-0.367138141,1.4753292288306594,0.3409319679979533,-0.147497929,0.8741770493399835,0.0198748355738765,-0.032598143,0.3972431669372348,-0.355252725,-1.27833431,1.5367214471344737,-0.062185896,-0.269440381,-0.143022862,10340.19,0
546064,-0.679340082,1.0606786027705282,-1.264239127,1.7668906017603183,-1.110069696,-1.357002437,-1.46359748,0.7671931324966434,-1.370576043,-1.679008153,2.081411067830281,-1.930026767,0.2397675601725202,-1.734324386,0.4384813461711377,-2.001141153,-2.036465018,-1.932202342,1.8997359270636789,1.002051525810946,0.6922764468447609,0.4005208898257116,0.5516769232099743,-0.130600199,-1.859207234,0.9334055428682094,1.7788922790929236,1.5860068190700445,8828.26,1
201348,-0.150053624,-0.151389737,1.42784779958669,-0.878860135,0.1755473914186586,0.465058508904596,0.4909246049536943,-0.026537614,0.5270664116191753,0.165638121352683,-2.110763273,0.3830705243713738,-0.439962374,0.8823334255491493,0.8711191622287714,0.6743729738908779,0.3192246159494977,0.5922467704588681,0.3607627639260868,-0.257682003,-0.173384201,-0.621804533,-0.254655713,-1.188980981,0.588216004055857,-0.897715832,-0.307142276,-0.095669692,12510.17,0
436856,-1.054541807,0.805257902934382,-1.100555004,1.5022885695577997,-1.260637401,-1.402580467,-1.426147817,0.8348576068827621,-1.972843816,-1.709801187,1.6211640161034813,-1.698938188,0.5698371382022784,-1.672653135,0.1083672177539373,-2.03019349,-2.363319553,-2.307784305,1.5789470494420954,0.5970298654620094,0.7169282902385303,0.3050303949110753,-0.092347926,1.2056917989759184,0.337983931376279,0.3815060769777503,2.254826711212803,0.3666181224994045,9909.19,1
6655,-0.086526773,-0.030943109,2.418938313290077,0.4452095154088078,0.2213567151002371,0.3653239456331357,0.5219867004503831,-0.169844634,0.4767719104524699,0.8577856579876141,-0.147712612,-0.254856302,2.854427355843608,1.6897214219822112,0.6666225065017731,0.4869381362243949,0.6922695855654035,0.4416756024717933,0.1378631527508385,0.0637623334825709,-0.195680689,-0.243891197,0.2871166511665834,1.3659771008111603,-0.814533395,-0.108124884,0.107608502366237,0.3177140028565073,3021.57,0
437023,0.0824544542711621,-0.961497948,-0.199691739,0.5311178884914601,0.1939477574729337,0.1857100903936243,1.33714581258233,-0.298113398,0.1261647831031167,0.6114158718261156,-0.947508826,0.4910808762224245,0.4936025537220868,0.1750010304003229,-0.29988272,1.1061904985321924,0.6886903108010051,0.5817410581910897,-1.318341405,0.1895979069974639,-0.020305722,0.0878175242631751,-0.322868498,0.0139735771949952,-1.095497941,-0.647986724,-0.05899571,0.4255806832780396,20210.6,1
391313,-0.81236831,1.6437792880687063,-1.608614845,2.0375782735873127,-0.77766273,-1.646767219,-1.397040481,1.053407431976959,-1.75833271,-1.75453788,2.389776332277308,-1.899431874,0.2892420313843963,-1.996640627,-0.533145616,-1.794922615,-1.573118769,-1.500884363,0.64293590469893,1.1997165764535769,0.6288292419492549,0.1575657932969548,0.4153404445778995,-1.927237777,-0.682357824,1.3207748112645168,2.123250679246161,1.654280887942026,16982.75,1
554402,0.732912429985031,0.2320808988704753,-0.616271261,0.7688598530288141,0.2740423851380043,-0.259242396,-0.045699865,0.0079366428952326,-0.402736668,-0.301822822,0.7442363935429306,-0.41229132,-0.281346858,-0.878747858,-0.511997684,-0.350551023,0.0262783277965904,0.4755915968441879,0.7835899307451829,0.1442211023838306,0.03977970592674,-0.00426345,0.0892062918709919,0.3318307017932267,-0.473204032,-0.324928498,0.2110091294371594,0.0245653637858213,2653.11,1
260876,0.2592505053426507,-0.149718751,0.2861268850355289,-0.907908186,0.6758075199298648,-0.009938088,0.8014399226126807,-0.167609902,0.5280153524537056,0.2982961884822368,-1.263931211,0.3549478602123303,-0.528086747,0.316573839399426,-0.21930979,0.7345365904509948,0.5691358470990546,0.2523750537051089,-0.374330827,-0.15611534,-0.245935112,-0.832337945,0.0896352848004303,0.9668600826865272,-0.753897513,0.2856607307163159,0.0177423236803867,0.1009281377926315,18268.69,0
276527,0.2172468148053965,-0.182236866,0.5676929795784754,-1.04045003,0.5266445884279932,0.1080101711285188,0.7915408256549047,-0.162089638,0.328508677049569,0.5007754885004793,-0.33560308,1.2299656617687895,0.1133340468960693,0.8647700313800756,-1.128773555,0.5904702425243596,0.2185119248245982,0.2178874784681641,0.0603875703589543,-0.183562062,-0.197062656,-0.498217721,-0.013054616,-0.579519775,-0.8360806,0.3284354060295581,0.0546922346752172,0.1025447131085485,13552.74,0
95171,1.1883481692950018,-0.85080234,0.9192747908545214,-1.286610898,-0.354834923,-0.344371549,0.1380512932417299,-0.191111513,-0.320886712,1.38284531095224,-0.716186774,0.0007999346734747,-0.974810783,0.7082263823793008,0.8896158012368779,0.2713684378937644,0.7255649566479273,0.1724435914100409,-0.524025099,-0.573039291,-0.276714693,-0.908286565,0.261865067042611,1.7692401686563517,-0.098675868,-1.265699756,-0.211670322,-0.017278298,23244.94,0
100985,0.0267834217719841,-0.156014588,1.2764632758221095,-0.668643567,0.2962825038247411,0.3423132182554803,0.582644096070843,-0.079209117,0.2805851525256895,0.4664859199188649,0.0554455381876135,0.4491381235051186,-1.816621778,0.7941396608132022,0.7218877726566245,0.7200406851155706,0.4885155831587399,0.4083602054349755,-0.341018948,-0.19381868,-0.187313492,-0.584685822,-0.003924011,-0.120536387,-0.604006155,0.2187001147636878,0.0580038698208333,0.0943607312565375,397.3,0
82069,0.9749028124840848,-0.264292766,0.3235195772478768,-0.325580218,0.3592930975976039,0.0467172662841372,0.5282848845416553,-0.170947726,0.1978415788322435,0.4083165736051957,0.3895936581494366,1.6173056901056884,0.5479561441184957,0.3130550758195844,0.4192826531704135,0.6454027048041704,0.7820112597174914,0.3418090811928149,-0.633499217,-0.227306384,-0.118415809,-0.064900103,-0.068947881,0.3405068961654538,0.6878917125362447,0.8010884304740964,-0.256888952,-0.035978842,9477.68,0
220230,-0.387395077,-0.201132632,-0.026998002,-3.130908254,0.2947484778088241,2.471320624370287,0.2619237614651536,0.2530253298325327,0.0475052830837488,0.478425011702087,-0.887203862,0.6584622064906113,0.4574295474973021,1.0760361006191743,1.5437955230459697,-3.29E-05,0.4037219274262723,1.2086130646185766,-0.812983508,-1.187595913,-0.273727869,-1.013371644,0.1513146439753064,1.4661728324401249,-1.276783081,0.4703728265186649,-1.268760558,-0.953654399,4262.28,0
298627,-0.888402433,0.0493498947496897,-0.677195039,0.5079415368604666,-0.636011271,-0.783649853,-0.886927737,0.4809738986705841,-0.944013362,-1.291151127,1.171773303970672,-1.166861584,0.1030593290663746,-1.278315877,-1.679260759,-1.427595474,-1.618743845,-1.46949965,1.08663074938821,0.4905652631325784,0.3906124379578392,0.0689510408526943,0.5640865912415546,-0.23792644,0.5405111420258595,0.5206558519422064,1.6353467176495038,-0.244831983,23130.18,1
403321,-0.262405206,0.2273357990849426,-0.21430607,0.0516996505236158,0.3736254625300422,-0.264626503,0.0650393550389916,0.1039821984648944,-0.187036261,-0.60651101,0.6890385389622568,-0.394375941,-1.81012367,-0.87331886,-0.946196627,0.0370111988021764,0.3061395580697932,0.602791251281166,-0.961482925,-0.100163417,-0.037159388,-0.549344996,-0.228391766,-0.747192704,0.1292280934777199,-1.040792976,0.2065314741072798,0.3441537268970964,22505.93,1
363976,0.9431170239285926,-0.072691246,-0.010053416,0.1414272011998184,0.6182191546269012,-0.124754816,0.540780312921828,-0.155597014,0.6046026906918133,-0.069502113,-0.171925223,0.2614913732796625,-0.892837842,-0.587136977,0.4986696247100075,1.1511716177778273,2.660317126740743,1.3801372712593942,-1.215809845,-0.26041437,-0.25980545,-0.765119274,-0.151541334,-0.583015091,1.0096027603350293,-0.732652346,-0.124688555,0.1947755577951307,9835.22,1
399239,-0.586020927,-0.026891091,-0.696426944,0.9963839512891274,0.0824213749947282,0.4287498494943441,-0.300339115,0.242614263145149,-0.658513891,-0.633282462,0.906014482174484,-1.061903319,0.5750271218291606,-0.779080206,-0.61271395,-0.822386133,-0.626288508,-0.416741082,0.925283238104827,0.6661345098369328,0.1868018020201391,-0.064100141,-0.345087505,-1.546053913,-0.112729634,0.7061766907616102,0.8916847723880674,-0.135768463,9016.56,1
105051,-0.019751712,-0.050416419,1.0480851388382464,-0.679862921,0.3474133729715632,0.0728654396416926,0.7175036986724422,-0.162403518,0.3844128309143953,0.5121123364390792,-1.058320711,0.5117636713065363,0.437381032174793,0.4433257929426527,1.0895428951066477,0.8310883915164482,0.3759856268900258,0.3190318148775,-0.145524805,0.1024338778624524,-0.238240104,-0.741315824,-0.09547112,-0.337326335,-0.136535637,0.26134926689412,0.2046509315558868,0.2576022698903683,16998.19,0
180549,-1.920901208,0.3981460110603341,-1.200396669,-1.658370344,-2.032535576,0.0904241379309466,-0.78268334,2.268903128988996,-0.116924454,1.4407677397073468,-4.326503853,3.290855643888252,2.5136359782896758,5.659659745696307,0.5711495092270474,4.595286419434036,1.8937421145497173,1.4034386782013737,-2.290028744,-0.454961274,-0.098863321,-0.833755658,-2.439897142,0.2117877117766622,1.9303261536494696,-0.23267365,-0.331907267,-1.040884379,11785.08,0
139106,-0.701301652,-1.058392841,1.6509150905399823,0.0898512883252056,0.2496957450647616,-0.117991617,0.0150723311067749,0.1243386482528174,0.363521001402214,0.2782333882087359,-0.837546992,1.1359959685606476,0.1153760924303174,1.0596909750683163,1.3962888053756004,0.3311993641394067,0.7279623037752843,0.2050666163410744,-0.278480334,0.2067008325529023,0.0388236421025539,0.0369912143804977,-0.55578763,1.4425926724479747,-0.116165705,-0.813644189,-0.462566805,-1.116940795,11083.54,0
463307,-0.289352971,-0.599255247,-0.158658288,0.761689917253661,-0.362656552,1.5720085249438165,2.584602460346181,-0.338033557,-0.574190817,0.8110648092241514,-0.011402147,-0.153061375,-0.171625326,0.1625287750350239,-1.227320617,0.1156533766118667,-0.284877069,-0.052707718,-0.013782817,0.0952010155818254,-0.08840508,0.1865187141881597,1.4138129218621451,0.2123350538520042,0.4524768661960149,0.145427383324856,-0.582339769,-2.127402865,1741.81,1
483231,-0.686442451,0.2400366549114718,-0.564516946,-0.030984106,-0.124727247,-0.508775386,-0.310545998,0.1023985658633995,-0.287761372,-0.60473934,0.7837175397364744,-0.629595947,0.8170447308857968,-0.965543327,-1.355260787,-0.871593983,-0.841753934,-0.626833591,0.9183059115767764,0.0306758721718916,0.2178049953581949,0.7381049884248175,-0.354852649,-0.756675893,-0.408208316,1.0777808381009462,-0.548059776,0.0468375110180675,2250.13,1
197658,1.9132083816356291,-0.648315225,-0.165284,-2.047837794,0.3436278553990147,-0.151704559,0.4693461135534871,-0.229361787,2.022772496251567,0.1860201390854679,-1.371390231,1.0358659732314706,0.2489667727753323,1.0126834240545826,2.1816128068354512,0.0295124042630899,0.3052600791523421,0.5797066806637172,0.6302182164829524,-0.309801223,-0.004510261,0.8745756298049417,-0.148300987,0.1947823829685838,0.7882295207356789,-1.486254868,-0.213004184,-0.234290859,18029.52,0
366034,-0.529778907,-0.014873287,-0.342832122,0.6486701262981487,0.8924161969040296,-0.854693414,-0.337987967,0.0869844347753655,-0.833325191,-0.532951023,0.4476496101358971,-0.803100446,-0.202889452,-0.864769675,0.811838534550466,-0.647233987,-0.624426786,-0.259609369,0.8596027346146127,0.8320508505332558,0.1580933439064285,-0.405438946,-0.077642291,-0.805790368,0.5769461516998552,-0.020984728,0.5068096934750743,0.9725512578997876,8690.29,1
242180,1.665653347831808,-0.951880743,0.2209482682061698,-1.055592056,-0.115200521,0.2375298522738554,0.173686684732043,-0.163290691,0.5764317734464921,0.9178993097447338,-1.229478453,0.2647612490343775,-0.12713699,0.5351753486271058,0.3335207143656206,1.6006100826140344,0.4787822985826354,-0.380446685,0.2944024135408796,0.0590909476807819,-0.09646049,-0.292803678,0.2999019456887301,1.5081067348255668,-0.926804949,-1.318587135,-0.259257322,-0.131097025,12551.75,0
262375,-0.134601367,0.0782267067332161,-0.032414328,-1.165448692,0.369471177315764,-0.746500566,0.7972917239875078,-0.054024566,0.2903342253915167,0.3789853349732466,-1.70373276,0.3725910040934119,-1.368525278,1.893453827517739,-0.163459986,0.2539126043707694,0.4418910899423167,0.205850704184451,-0.361765377,-0.429839662,0.0095949530648031,0.7151549057798472,-0.144826902,0.1548503294948529,-0.490398931,0.2379527077811447,0.0535295285121116,0.384238475318652,707.63,0
389150,-0.578280187,1.3830648333262543,-1.491664678,2.005588318064376,-0.535847307,-1.503953463,-1.239654843,0.6861109260881282,-1.760485163,-1.780218138,2.454414583784569,-1.934537716,0.0564922981024994,-2.058218381,-0.551603886,-1.824270652,-1.625597595,-1.52444291,0.556667887458609,1.260441481019441,0.592488081195048,0.1795656158099953,0.120956484948252,-1.90965715,-0.633746541,1.3096342722725547,2.65303495498368,1.8342744875450208,2361.66,1
178978,0.0784170837929829,-2.222623465,0.2434884843974624,0.22969289088266,-0.40332735,1.1662566900841416,0.4371807858565252,-0.100101084,1.7916311272149374,0.4504936724527155,-0.727053555,1.3438993052619854,-0.472081039,0.5470597419135664,-1.030606008,0.8980560127857734,0.2560868019435965,1.326063166261659,-0.619155018,1.6993442912701535,0.2319133033433258,0.3055459205443697,-0.847627049,-0.598003651,-1.080350135,-1.597448041,-0.344163619,0.2838829214714263,11458.96,0
527438,-0.892832733,0.912009721777388,-1.146644316,1.6789392432577064,-1.129571139,-1.670312539,-1.452064701,0.7123958063567323,-1.646167531,-1.785464225,1.8944055066538437,-1.867265428,0.1632161072846387,-1.856297573,0.864834169669971,-2.036416396,-2.142154103,-2.005929417,2.244477795248238,1.0740134552062317,0.6956889149356139,0.3207615295092091,-0.044471797,0.8642355654727079,-0.484157238,1.2714858512635123,2.333873528797925,1.3565936610149625,18746.71,1
421545,-0.306109146,-0.585195629,0.1583902240734449,0.1208891685463395,-0.444485128,0.7560374079437023,0.3788094059445151,0.0058214828676806,0.0020928727580786,-0.153677227,0.2844114923340743,-0.268785307,-1.275568974,-0.171035768,0.2892965751281577,-0.340133089,-0.168439913,0.2339983682212131,1.221292206611508,1.192277109008542,0.1867563852035753,0.4682457576288875,1.0894226280213009,-0.149893024,-0.226683576,1.5915406346008505,-0.157426939,0.1015174681786524,2175.18,1
51653,0.4607660831435301,-0.97152549,0.6369410505165388,-0.470078695,-0.185316983,0.0708128208928144,0.4600519016942249,-0.153317157,0.6768055987908269,0.5503346260919182,0.0404477834984695,0.6076338128806276,-1.802710528,1.2461080957033974,0.8947485459792477,1.048853564221623,0.3042701325437594,0.4715829674679111,-0.120697522,0.4344458263743798,-0.091575129,-0.860194097,-0.148550965,1.153891346705351,-0.503074678,1.4073865279357427,-0.410166503,0.0650758960777389,16222.62,0
542099,-0.500981491,0.1839462083319669,-0.672717204,-0.062942089,-0.267783705,0.038047048226659,-0.417461358,0.3250986738580371,0.0710755290985242,-0.800110783,0.7504350134355423,-1.066972679,1.2633801899750032,-0.421175738,-1.663049934,-0.733377817,-0.84908446,-0.514158156,0.4517912412469358,-0.290512864,0.2053571587366677,0.3054025238248111,0.2152586241471676,-0.466735885,-0.59484839,1.0434363562374611,0.2032608352307515,-0.373995417,23842.05,1
518321,-0.387523569,-0.050264643,-0.661114086,0.7681631525528011,-0.559377672,-0.206143657,-0.395024807,0.1264755627248375,-0.930695753,-0.974633415,1.2276245756447848,-1.052225445,-0.3764893,-1.252301575,-0.275156583,-1.044647267,-1.100709748,-0.808537076,1.0345474314499137,1.6661244804775823,0.3411538785163338,-0.353867054,-0.120478758,-0.486839508,0.6749077665736467,1.9854130329714277,0.9686753628557484,1.3349826641126603,6250.44,1
48836,-0.144432559,-0.355645705,1.3284082146183425,-0.260595155,0.0760419056661231,0.4667038729878385,1.377822006669423,-0.287240782,0.2059925269563231,0.8137589349620281,0.1245275434089025,0.7879257623482618,-0.255935953,0.7555284874010743,0.5428241870648306,0.3234676679759732,0.2672625156285951,0.72203029122055,0.3052267803678022,0.2212216101774796,-0.078637723,0.5128455449207511,-0.032144701,1.178063502305663,-0.116659584,-0.88870068,-0.238733732,-0.697371573,19199.99,0
253972,1.7843386174598852,-0.438784605,0.1026221652069905,-0.444278825,0.2374595651017763,-0.248772574,0.5354265071490463,-0.243173497,0.7145943135762346,0.6118886052144659,-0.958138203,1.6342288644361047,1.4445117584585307,0.7133824430959591,-0.154465776,0.3691884557117258,0.3311176176075457,-0.229933195,-0.102200368,-0.292366626,-0.212707155,-0.569746872,0.3054974484713598,0.1953448723037715,-0.497868085,0.4354881019847815,-0.309725189,-0.234799125,20588.27,0
264768,1.732183363074154,-0.537274628,0.0995014259135612,-0.471459039,0.1382205062372831,-0.121583731,0.4198645588217479,-0.171534109,0.8702466264614453,0.7323129430818209,-0.234114972,0.6943627984780812,-1.978251515,1.2928115338903332,-0.51933249,0.5657693528796875,0.3212513627357314,0.2140480609103858,0.1302055600567678,-0.50200262,-0.204589829,-0.686227462,0.3448403573011107,0.0834221635395044,-0.73390482,0.4102723426262945,-0.337192645,-0.274430087,11649.03,0
169139,1.781799334194425,-0.814787318,-0.276654968,-1.651830666,1.1458933724009508,2.105898488678905,0.11225323395329,0.0485293615242187,0.268399088950329,0.6919039341379555,-0.331637187,0.3336125891583935,0.0537009285918172,0.191161656431422,0.599766445816109,1.6524427206554333,0.8820260012765048,-0.429065865,0.2106365685029906,0.0304426285443419,-0.228169522,-1.024251332,0.4428666074813815,1.159331529211503,-0.900124134,-1.680227691,-0.220394123,-0.132976378,10363.96,0
224209,-0.061319085,-0.060621761,0.2142837494445645,-0.992002909,0.5778170567092308,0.0985814555705093,0.6271783362061171,-0.043132623,0.2890366174498148,0.3039037469446821,-0.19664839,0.8356800206949492,-0.864159063,0.5590465167865629,-1.005813689,0.8416881333638317,0.5844142992308984,0.5492474418417749,-0.241907737,-0.336644677,-0.162848237,-0.498190806,0.1467161739969255,1.2605099063333465,-1.777807702,-0.014996578,-0.03310969,0.4059703454583184,3223.35,0
196889,-0.196993769,0.0464879960067398,0.7149976246185011,0.342546735351686,1.001515455059532,0.9431918473217648,0.7774065028430676,-0.096475034,-0.460210696,1.2495567039371849,-0.714623237,0.7942169775116872,0.478169814864784,0.8425168702367429,-1.862176869,1.0468122617609334,0.1707595297044472,0.3220284700433464,-0.510191533,-0.430483695,-0.152183575,-0.406354278,-0.09713119,0.3370508924863878,-0.627721392,-0.751890716,-0.77361397,-0.482718389,21387.52,0
550932,-0.212797161,0.8804742525154665,-1.044465054,1.5247229341318105,0.2069331584640411,-1.286071789,-0.324470688,0.2370136647953748,-1.327854614,-0.787270585,0.930126441873214,-0.958248724,0.7567372319654191,-1.51319598,1.1678493197539188,-0.37369712,0.0334233031588219,0.4672570162051242,0.2241287672021584,0.4429516243024249,0.1052764971808542,-0.527758115,0.1534149302108865,-1.196821135,-0.049895579,1.0988188807343746,0.2464684541088757,-0.185019874,18797.55,1
369923,-1.912967171,1.842720741627664,-2.127385927,2.346103314402784,-1.714796927,-1.083205235,-2.131702417,0.1600511576287896,-1.916806851,-1.898780458,2.1178735740272034,-1.700324278,0.9150330992237964,-1.645420123,-0.439707065,-1.482731052,-1.360415698,-1.431095362,0.3036738611520835,0.8133366248708874,-1.129036076,0.946480307717142,1.2456378301402051,-1.70316036,-0.165531296,1.378172972367307,3.019276487204696,-3.56128653,23031.31,1
125577,0.8697843896771907,-0.450996867,0.4424726613257227,-0.260719487,0.2315997476971053,0.5863635823498903,0.3605802573233239,-0.104285654,0.7373590530736416,0.3488629732565078,-0.018651,1.218458417082544,-0.38705188,0.1837053239457814,-0.692934284,0.5422131617323239,0.862605533144889,0.4755436580997401,-0.192939792,-0.16839317,-0.142631766,-0.184289474,-0.180046528,-0.612946981,0.6883755437686415,0.9476816130861576,-0.234031339,-0.018604343,4920.9,0
337023,0.3601961406516232,-0.168879885,-0.601234731,0.2006979283469851,0.0807497104325313,-0.759656627,-0.096178699,-0.086440112,0.526371548758354,-0.562329977,1.035025593293459,-0.790604997,1.455121956062443,-0.556683787,-0.80509408,-0.554594894,-0.377451985,0.0120217413828745,0.1918942640831131,0.2356410086906683,0.0745849172980431,0.0006103966633565,-0.055091109,-0.388564646,0.166984408987216,-1.470424368,0.5104819187177801,0.4975336719403209,19022.53,1
203547,1.714719050962694,-0.550314261,0.1067675146467472,-0.311989603,0.140112129034315,-0.094439548,0.4454345826950093,-0.210928084,1.119064021597585,0.6156485276495866,-1.48318899,0.8067708184308638,-0.320851317,0.7482751197161857,-0.644536783,0.2356692714858097,0.4173574304862654,0.0315801776177735,-0.160259175,-0.374113453,-0.070198347,0.3979701632629773,0.0119194701687536,0.2436641666235195,0.0899958820863423,0.9726260610546622,-0.299601416,-0.24564504,17671.47,0
491291,-0.709018466,0.4968880052536807,-0.955683453,1.5529428479405991,0.1127144351780816,-0.763930345,-0.316248308,-0.226503149,-0.28934379,-0.16694024,1.040371294047585,-1.27018082,-1.24029579,-1.682333986,1.5010087065428934,-0.924825564,-0.686666384,-0.33671344,0.699270907413019,-0.351672656,0.107605674507428,0.6465457103644952,0.361931293749226,-1.038948865,-0.761474332,0.7861278570278267,-2.435108856,0.9205916537416376,14763.54,1
420520,-0.218005635,0.2909438318439246,-0.50278588,0.0287305133051003,-0.070713429,-0.437901796,0.1134709181661763,0.0587045216399489,-0.270736213,-0.38034267,0.190723054762947,-0.547278691,-1.32156214,-0.52093739,0.0509687243380416,-0.328489598,-0.264569458,0.0882683105801031,-0.046769112,-0.173605568,0.1668071773706326,0.6532041827303778,-0.022924419,0.6810303459206333,-0.866354308,-0.100504059,0.1403238598288038,0.4709450720609357,3156.84,1
502231,-0.425764146,0.5654668844772979,-0.582410013,0.3458973009394578,-0.378568474,-1.014801302,-0.523100585,0.2642027783609128,-0.19072813,-1.008522905,1.4480458498030568,-1.230376678,0.4859393337478171,-0.985707856,-0.505185558,-0.759306585,-0.729276218,-0.329189142,0.0885160266580287,0.2890126981447741,0.1506585908140399,-0.494077096,-0.028536264,0.1745054403931595,0.0466159593509004,0.6808786914600617,0.3944367828314921,0.5435676950767541,11644.62,1
11321,0.362876015993737,0.1059879134709271,-0.138489581,0.1373871052130848,0.3781522391313372,-0.737883866,0.7536016701152835,-0.14851925,0.9799348422323688,-0.003967007,0.2081124050425696,-0.397861572,1.490577143594122,0.0574887526161722,0.2943847307898068,1.124220149211754,2.47720318061226,1.9406909373555163,-0.901246934,-0.041697765,-0.17757872,-0.326264022,0.3881482039229237,0.6167388487957058,-0.826023825,-1.130151165,-0.151320958,-0.206714381,20772.98,0
260375,-0.083744942,-0.200470879,0.3176724846341861,-1.117332332,0.7782254517291901,0.9804196212333406,0.5951243332751616,0.0422348419815676,0.2275983470644493,0.3492362223342562,-0.213358546,1.5649524486810642,-0.037150176,1.1792593118691526,-0.677391368,0.0732780929413697,0.560543730778544,-0.420878788,-0.811588726,-0.306837549,-0.096405319,0.0947288480456932,0.1585215375870108,-2.342648831,-1.629278601,0.5838410537493441,0.141197008393825,0.2967521304427377,13358.72,0
526126,-0.461533618,-0.016030789,0.2199511093355103,-0.170257404,-0.111847238,0.0131811443976753,-0.110084941,-0.003277425,-0.030159181,-0.205953907,0.464601586051681,-0.486269216,-0.764311804,-0.390774257,-0.344124868,-0.474934046,-0.806781227,-0.332465641,-0.173073292,-0.138771032,0.1592461360489373,0.6072110042493352,-0.252275959,-0.062515627,0.3475695856773092,-1.150111055,-0.573030734,-0.362713105,7993.03,1
298704,-0.288616935,0.225230989071376,-0.045501331,0.143791801654172,-0.086119277,-0.154870208,-0.117539878,-0.129334245,-0.322524971,-0.264677382,0.6835493758944771,-0.529312017,-0.976176309,-0.507413001,0.5492286376842508,-0.560350759,-0.582656504,-0.15668339,0.7511283571383756,0.028143317754038,0.3197801575515844,0.0791041622287041,-0.054210958,0.1389654970820076,-0.203240764,-0.826916076,-0.121482606,-0.297384463,6968.67,1
185990,1.5720745460380638,-0.972605753,0.4535517272845764,-1.095222483,-0.130134627,0.7762239927321928,0.0361794434605663,-0.07151202,0.6022316541278081,0.8852577105094718,-0.391494625,0.4525862307248285,0.0678112975499506,0.5484451179280432,2.327414669373353,0.9638758840737232,0.7734164769529429,-0.773553789,-1.237945715,-0.158195197,0.0597727323738142,1.045698879444898,0.3623641664125023,-1.018180214,-1.354118256,-0.508593293,-0.16011543,-0.171301132,22301.86,0
273535,-0.345677633,0.0478239327368446,0.8398424886005451,0.3565682831066725,0.76727084425258,0.2964540407723612,0.7893488150348432,-0.107785479,-0.357017315,1.0463765537333642,-1.898525045,0.5378406472199304,0.5626190661871718,0.7735684662876811,-1.572521155,0.9653270975855756,0.2410633225112604,-0.081534406,-1.400405873,-0.589444102,-0.17492848,-0.442568055,0.0414794113315576,-0.259151454,-0.244946474,-0.880727391,-1.10675949,-0.964249251,9920.18,0
94400,-0.270875087,0.0276436390326202,0.6934269934079037,-0.548713073,0.1612172774953977,0.4942048608545296,0.3863726681805583,-0.157401271,0.3311433245922647,0.2147609776079279,-2.072409695,1.6264914866808629,1.579401818323627,0.7394416745804038,-1.04538122,0.7032951901841568,0.3346400273104736,0.1418770895690631,-0.442142597,-0.717066579,0.1413716598300891,-0.679836447,0.0515752503699882,-0.794309841,0.1503460362423395,-1.765513327,-0.478804716,-0.405399891,13215.8,0
486366,-0.181305994,0.2198158214034714,-0.675492546,0.2756912010293526,-0.222879567,-0.882578203,-0.126056236,0.0196257233303347,-0.196831328,-0.563895251,0.495723541742428,-0.741796607,-0.834139262,-0.894040089,1.9620773728193075,-0.714992762,-0.285847728,-0.318010374,1.1007089336315636,-0.04687608,0.1174852542920841,0.1434334218561079,0.0550588389162648,-0.208698266,-0.28262592,1.3867008773849758,-0.559883547,0.2117074032742519,15091.56,1
213013,-0.870072633,-0.342123986,-0.112799411,-0.541064903,-0.148949259,0.6207606132618468,0.385000895233569,0.1776772708348729,0.7913759279819726,0.5417508471964795,-0.616344892,2.957597714571586,0.8918850165188252,0.9183444405721546,-2.384475024,0.4264427044271459,0.6058534131962217,-0.047781876,0.3753851650711647,-1.32283813,-0.268294043,-0.605070233,-0.271550213,1.8119476138199584,-0.041593309,-0.154127305,-1.400302977,-2.798692445,8444.26,0
164682,1.7971202132093815,-0.396450586,-0.098797049,-0.532511577,0.5686636000394313,0.287393220806145,0.4744497160819362,-0.175257026,0.596148515152122,0.5060497525619203,-0.147997552,1.5461238508810933,0.7732155023939072,0.3525682191083606,-0.605096313,0.894380047011928,0.4564218084627773,0.4797255356252952,0.1878567977505978,-0.256719282,-0.238220096,-0.783766855,0.2568156117296338,0.26467638884152,-0.429463068,0.4044516229235685,-0.308638888,-0.204383485,17110.68,0
316319,-1.400999155,1.2262404649198877,-1.591514106,1.2956205046601272,-1.583120693,-2.346306196,-1.879871329,0.8469579954732835,-1.281969839,-2.044564217,1.7771242972947583,-1.834735607,0.2845110626943798,-1.480123239,-0.015291448,-1.939575327,-2.013700214,-1.930080912,1.5853618725322811,0.0770539562252469,0.4861637705149198,0.8964003099813584,-0.527008853,0.8867804073148843,-2.513774704,-0.692573184,-0.510298849,0.2881857691922779,18678.54,1
410144,1.5027327555819543,-0.032006558,-0.104629651,0.6760607485207039,0.8194930122622691,0.0715129391299777,0.6360934785357156,-0.174202805,-0.253347329,0.6630810059738945,0.1796592094553619,0.6538699807968875,0.0115218532032425,-0.218970273,-1.186067897,2.1711884929553973,1.1899441554087071,1.241732999531722,-1.661707496,-0.336129239,-0.218413678,-0.723809348,0.1434492994630247,-0.522960919,-0.130060517,-0.466643902,-0.24200026,-0.043140028,3659.15,1
110312,1.058920929205288,-0.373597128,0.6029217306044959,-0.387261493,0.1050227476182609,-0.195190488,0.4814590519339196,-0.208535916,0.5248929400194297,0.5838257189895113,-0.82895409,0.6842750489303774,0.0039444227191794,0.9117875347792412,1.1179336702517957,0.5563389363843538,0.3381769336355337,0.1105078925866684,-0.35854043,-0.280151135,-0.106262284,-0.031929576,-0.080761411,0.9058986098779522,0.7528884171835483,1.0742175762664354,-0.294369389,-0.082751048,7377.84,0
132183,-0.056760633,-0.163209808,1.8676103199738976,-0.85659299,0.3576255839293793,-0.156140845,0.8273675765480165,-0.200673124,0.3737031228532662,0.3049082735301451,-0.969374216,0.0638445455966561,-1.853202751,0.5730529402397071,0.8573829375271527,0.9283471053877654,0.3732425931411455,0.3204980191072564,-0.814750195,-0.278190398,-0.228917903,-0.846082618,-0.230675628,0.5889242165042124,0.1336582750240481,-0.012888471,-0.439897043,-0.473624475,10633.28,0
445754,0.3138010279756437,0.6399326233104957,-0.794938825,1.2080987171693405,1.0062339757394176,-1.094883232,0.1059764806624846,-0.107600548,-0.682252085,-0.775680427,1.2274997821968383,-1.259294474,-0.172161552,-1.260767868,-0.736836962,-0.065917077,0.5033922922641121,0.9239636337676576,-2.086442544,0.2261720153433346,-0.009862677,-0.593706307,-0.605382557,-1.223113566,2.4965521850540884,1.1631486302395506,0.5349662462825381,0.956134061671842,4292.38,1
487583,-0.051373961,-0.316576226,0.2852284667706242,-0.854804743,0.5055151893269748,0.8702129341450209,0.0863244362082209,-0.648658373,-0.426326166,0.6605283029856447,-0.318775792,0.2359882168235028,-0.31900775,0.558243768181447,0.8823082315085722,1.076819936392419,0.9962618506353604,0.2224794581798825,1.6760377171830505,0.6544392564249327,-0.506131439,1.0448733441388534,-0.181869227,-2.148991257,-0.037894038,0.5976188092497773,-0.301959612,0.2630716225034586,18421.86,1
359014,-0.816071961,0.9122224894405716,-1.010256223,1.385316762128095,-1.228760834,-0.6222531,-1.001898781,0.4745647410232179,-1.903500767,-1.563402674,1.654734761002816,-1.679454282,0.719175906920173,-1.568415341,0.0918910431293095,-2.036328281,-2.199874641,-2.159675283,2.262810693070741,1.1906459207634437,0.6655318950542709,0.6316707134101891,0.0034587196045945,0.8864729458497216,0.1850923913560302,0.5512452482514602,2.567884484278649,1.7250519636121353,21557.53,1
157619,1.707867991350165,-0.514348561,0.4052117255601342,-0.388255871,0.0276370229052922,0.0474396678034816,0.2597267224056491,-0.18482247,2.6345017698976463,0.3708327467491984,-0.4781784,-0.212259393,1.4899743311447935,1.942490111607909,0.431721401087452,0.5610387778039501,0.492099702036837,0.4827710801346604,-0.587584301,-0.470925509,-0.209366673,-0.396339143,0.3567033740898263,-0.227367101,-0.749713301,-2.550813048,-0.201303593,-0.179481929,1162.76,0
217670,-0.183794922,-0.393306578,0.4726309907869322,-1.070734409,1.18771286103091,0.2452844452426774,1.0231680314242408,-0.339041579,0.7258030780424144,0.7735579018112055,-1.574766843,0.7755406978972521,1.3845077220644824,0.3755772056582364,-0.385979403,0.4007756974594677,0.1517654388000572,-0.059760676,0.129428775671657,-0.56419417,-0.253956282,-0.347431031,0.4398026648938962,0.1644839345860658,-1.321433424,-0.045881383,-1.031603386,-0.205855343,10460.96,0
114557,0.0550835439573199,-0.062163916,1.339695448492498,-0.602371134,0.3232309279914792,-0.105365869,0.7457121459277923,-0.18697876,0.1583538270999747,0.3873338775672337,-0.585048409,1.173310814339252,1.66068961196626,0.3825291492341888,0.8315898636377111,0.6755686145558261,0.4167907846970349,0.1243582361810516,-0.301230027,0.0465414979403489,-0.203608162,-0.548237981,-0.05714253,0.7926450518614244,-0.263961029,0.1664792116044376,0.0683141039589867,0.1452612394864718,16514.06,0
290746,-1.116682995,0.2951889132719815,-1.04691849,0.9876609434132704,-0.699693606,-1.037718324,-0.922650374,0.6780094957277388,-1.24932211,-1.240883372,1.4125993942154156,-1.256713434,-0.518955075,-1.392058708,-0.103537341,-1.282003337,-1.408780349,-1.214752689,1.1264151935560538,-0.000596201,0.3112227164998332,-0.2541309,0.2775932561403472,-0.771092463,0.6812209662387946,1.1470172946136734,1.3767614132043964,-0.27706759,1598.7,1
536438,-0.461535549,-0.429807082,-0.272032354,0.1045788553035519,-0.831650315,0.7564559282821227,0.6486924957009066,-0.009587552,-0.268474225,-0.640929144,0.8260881513983409,-0.28223232,0.6816834297779043,-0.622205872,0.1159499879120636,-0.742434027,-0.416883425,-0.265072575,1.570458161725096,1.525326655757046,0.2001561974862361,0.0990866471372464,1.448079790910127,0.5452218291082604,0.4119022526358046,0.1154757938378884,0.1406294897578614,0.135370728284529,17701.28,1
423986,0.1199503374291611,0.754043820579038,-0.859050373,1.4451048340316286,0.509912530387673,-1.11804405,-0.083433532,0.041807973675934,-1.223337527,-0.687426819,0.946973480833195,-1.012017328,-1.288519025,-1.446589693,1.3492088079101423,-0.280021254,0.3045385373365322,0.9148928997284674,0.1260827761553622,0.4225225560560516,0.0711540728598615,-0.436472611,-0.072657923,-0.895868217,-0.737778886,1.0339469070662706,0.5307569064028921,0.5916347873192911,9027.79,1
245881,1.6658862803024286,-0.597413006,-0.162411894,-0.399708086,1.4620401161587648,2.482685663333959,0.2283964301217473,0.0853973116333343,1.1650960552919465,0.6030198042888967,-1.105701315,1.2063287349527754,-0.438782013,0.6833012430246658,-1.350527821,0.0253840838642324,0.4684573393797236,-0.224273928,-0.069340691,-0.393983977,-0.241158357,-0.661236827,0.2539500068128921,1.4398112755689592,0.0667369017682679,-2.075629591,-0.171887655,-0.218793657,21804.21,0
470975,-0.950373556,1.6273599307773958,-1.436197635,1.7238473374160654,-0.576565412,-1.583572478,-1.242649243,0.9095609577464306,-1.925662327,-1.914436292,2.390500247161612,-1.927636781,-0.120629856,-2.027443198,-1.372222252,-1.73234035,-1.64592781,-1.551234113,-0.717098253,1.117088803871081,0.5822258326332035,-0.275153924,-0.356739056,-1.928775576,2.21611583149236,1.2740610928726883,2.107374205361212,1.8624806671208312,12804.68,1
543833,-0.630806189,-0.390335092,-0.40472771,0.6170131963967476,-0.372471408,-0.50107087,-0.187836216,0.1587018556153636,-0.611239852,-0.671468872,0.9848986905565256,-0.800636049,-1.380073481,-0.826807387,1.0455069474001413,-0.712894281,-0.716477314,-0.154840376,0.7618051832026471,1.675779459718938,0.3101581882712313,-0.071272726,0.9470533047482648,0.4025018292408147,-0.021748458,-0.606047139,0.875062337006023,0.4408703649656608,9373,1
112634,-0.328106408,-0.450822833,0.77606696987022,-3.177457219,0.2356171042144358,0.2028374484159668,0.8406146088948571,-0.030100995,1.0357729206596245,-0.253991438,0.0496221483186396,2.116132975202316,-0.684967559,1.2283790632838627,-0.352405332,-0.089972187,0.5087312337172283,0.0071406478145556,-0.758535877,-0.226199875,0.0077626268000195,0.4650948242496912,-0.156168328,-0.471711714,1.7035665268013105,-2.263262189,-0.360186461,-0.248747303,8350.65,0
332536,-0.737540615,0.2556668348464899,-0.603400966,0.2204894746823383,-0.365971926,-0.166780543,-0.344269483,-0.04270408,-0.616549011,-0.772204408,0.9913776291356488,-0.843546718,0.413915664901076,-1.019901675,-0.04897309,-0.947573772,-1.049504273,-0.661133609,0.8469381046168549,-0.191767079,0.1682486037707337,1.1747958294376826,-0.163484469,-0.798983488,-0.000840735,0.2866997424392766,-0.065940901,-0.033962158,18886.36,1
259453,-0.583648374,0.0451276436680332,0.5080883033979053,-2.847453182,-0.317217514,-0.087570633,0.074813916967111,0.2612344152837967,2.252060727652879,0.1169420711211368,-1.84420338,1.555457424379058,0.4756203989673064,0.7895698649064179,0.516794781056061,1.01111798757686,0.2880006399158535,0.7826450950728563,-1.208099971,-0.164706773,-0.005935112,0.8986891257455002,-0.04165283,-0.242284898,0.0119940762545134,-0.896731033,0.0186493543874177,-0.160533497,22908.89,0
528172,-0.651704998,0.1039034505173008,-0.239037172,0.0141679843024677,-0.053082333,-0.221526851,-0.26323221,0.119999518888466,-0.191268817,-0.547266936,0.5989874112949132,-0.41451884,0.7041380606306966,-0.815054189,-1.685863114,-0.649939863,-0.664571752,-0.42387341,0.4221244999949025,-0.089962815,0.1493952802483949,0.371851013105127,-0.627991373,-0.377095762,-0.015158587,-0.089658691,-0.150551747,0.2747160953860142,4448.63,1
126319,-0.050262054,-0.463710369,2.430094066403801,-1.098327976,0.1761821574350284,0.0757302721469393,0.4448462675008517,-0.162066911,1.0522257947036495,0.3063091863616873,-1.288928454,0.4965036926621441,-0.600064739,0.4027824069804284,-0.348304849,0.6307097005497188,0.3182677880326102,0.1667280423707662,-0.491753374,-0.157405013,-0.123373033,-0.002286087,-0.095514152,0.9460622354884416,-0.884487599,1.5779452103339269,-0.366343476,-0.323929006,8610.09,0
356099,-1.091618013,0.9336227231789616,-1.080932964,1.7464515896298352,-1.302939564,-1.128346021,-1.515339926,0.9513458145354884,-1.872204221,-1.694074063,1.5979069173601386,-1.755831531,0.4066069064384476,-1.655405867,-0.454431393,-2.104543866,-2.263968622,-2.273162932,2.5437901814574686,0.7060001144958926,0.7082946046816391,0.2102138668085746,-0.058737126,1.2352378038279286,-0.323453633,0.6376001155433814,1.883490285222274,0.9864036186663944,9809.55,1
563524,-0.917844416,0.5157581742091079,-0.734853804,0.7900600829923919,-0.731135703,-0.513695021,-0.65831349,0.3017913376223612,-0.717237881,-0.710436752,0.6963635463945463,-1.03461857,0.3682606539068214,-1.040918922,0.9566724555601122,-1.132043705,-1.224022655,-1.145741327,0.7717037257437372,-0.16546595,0.3686728606943176,0.0991574550436219,-0.124668296,0.7373881201724533,0.0434509412898567,-0.508545158,-0.518130801,1.822247741376204,19026.52,1
247279,-0.149949024,-0.095242435,0.8810769396745091,-0.920191186,0.3825563470886399,-0.16874911,0.7153032873139934,-0.119361715,0.1202810411471949,0.2500485871948617,-1.226305264,1.0774364783705164,0.9040652813333606,0.8544466983260112,-0.359680587,0.4379604170426356,0.3865570000824797,-0.124608369,-0.101981821,-0.325184403,-0.202673501,-0.785057011,-0.168159019,0.164882448381945,0.995080884773633,0.7158019361553826,-0.644157499,-0.455848113,1150.19,0
60630,0.3495726377877011,-0.113657752,0.9736335241908836,-0.078475287,0.3416983648819272,0.2881835224105468,0.6538550014727812,-0.194971268,0.136612093101118,0.6652831244528941,-1.107758994,0.8987902425250488,1.525880781878647,0.7589151426798388,1.7845390717877996,0.2143324227772738,0.3817126617944296,0.4796166242162861,0.9715472226715984,-0.00041846,-0.05147262,0.4933698120498595,0.0366394581819676,-0.124661569,-1.865151245,-0.971312572,0.1461097109154234,0.5287126348522335,11609.92,0
371770,-2.371710714,2.850439630222071,-2.289634427,1.2400828336154732,-2.868130807,-2.636570303,-2.216552465,4.683015887384275,-1.128030915,-1.255441672,1.1142615582482165,-1.028589024,0.8589241285792569,-0.89831472,-0.104248878,-1.210119538,-1.414219636,-1.44237439,0.5497571627525313,1.4269923599230672,0.5617221136257438,-1.551868089,-1.111554069,0.3345532760599521,2.920196066044863,-0.512315751,1.8051270067676768,0.9174612945987288,11546.84,1
462966,-0.970832284,0.5192973898891086,-0.796846298,0.7525155962858522,-1.005381524,-0.356932114,-0.670498371,0.5024814280587973,-0.802402966,-0.953158711,0.6805848886164622,-1.018867962,0.3292927247302052,-1.016678093,0.549413308510811,-1.221910944,-1.21771834,-1.241736266,1.4425312628005025,-0.280371626,0.2588213240317201,-0.420356561,-0.370727521,0.4286891536378032,0.206735940935714,-0.906571335,-0.429666564,1.0065111592592373,5965.3,1
64180,-0.289453137,-0.355108436,1.6515238211085206,-0.405286594,0.2756688038906703,0.9868326293808822,0.390725461074749,0.0827398960495521,0.4368838868968757,0.2206873845286812,-0.27278099,1.6610299825814878,-0.611426776,0.7609022053519987,-1.718955617,0.1370423548466211,0.59759397400349,-0.045054921,-0.962443994,-0.292456998,-0.02710897,0.3980953012407586,-0.079450438,-0.46453542,0.0974175547142388,-0.972834878,-0.21236106,-0.153600714,21957.72,0
112331,-0.058315917,-0.289181896,1.2970256599437442,-0.680972875,0.3681542885868935,0.2622058659827843,0.8324300198452828,-0.144878006,-0.045193837,0.4249996816694785,0.2163045987488641,1.6507658130197238,0.5312809304001292,0.995600489275318,0.1114908055176643,0.4202311342363071,0.3580888196649389,-0.101732041,-0.13935301,0.0581061100409189,-0.184976898,-0.803357614,0.4834994491389683,0.3963162425460052,-1.462832908,-0.319794356,-0.15623989,0.284078673067253,14868.27,0
314208,-1.937997891,1.911460405285984,-2.145606156,2.343503675824682,-1.75438772,-1.11514027,-2.158780895,0.2404449779781639,-1.911955136,-1.890888615,2.101596972962483,-1.691086608,0.9596725532180692,-1.629222267,-0.457615659,-1.472332374,-1.348779121,-1.427539349,0.2839766284640269,0.8153398869876688,-1.126534288,0.922872913338242,1.2893250662133595,-1.707331115,-0.079600163,1.3881801331237482,3.0002908865015465,-3.56936882,19227.05,1
297012,0.3300524602785192,-0.180030585,0.3313355175717762,-0.300914053,0.4480188452980703,0.0327030651339604,0.392555246949384,-0.355778557,0.3188672179509713,0.4229450322318806,0.1448162792902698,0.7185540161519003,-0.746682666,0.2811815354558575,1.0077645656435872,0.6319240225893599,1.026329282317041,0.5094731685354085,-0.432629035,-0.551163206,0.1990316768246241,-0.431502918,-0.094341216,0.1388693459298585,0.2691796803423152,0.8968579657422525,-0.038097955,0.0604602880634275,5203.18,1
216067,1.7011825886255507,-0.551518673,-0.097654321,-0.729612112,0.4357969180264586,0.1764473265716569,0.5215545933801944,-0.17869106,0.7402552904146225,0.6457043907113156,-0.256181604,0.8878464462056097,-0.947905178,1.3836969111171424,0.2010777614538031,0.532877730411518,0.2373004977209894,0.3773198471443451,0.1878069765721255,-0.300810833,-0.143741631,-0.443423469,0.1671749532678366,0.5496538633212885,-0.254337428,-0.421242943,-0.325651739,-0.245089011,18288.78,0
304896,-1.183163714,0.2271042372369106,-0.96047559,0.9757422576182824,-0.531187708,-0.691219471,-1.191428966,-0.017361236,-1.093096162,-1.236231536,1.3267584625604072,-1.242419561,-1.66648271,-1.244419356,0.2084102933574084,-1.441089129,-1.435573005,-1.331767716,1.67747854010716,-0.092495584,-0.134228224,0.4490818598906223,-0.606291118,-0.847066193,-0.590165024,-0.373624366,1.4551933538457018,0.8079774003586508,14912.52,1
550328,-0.396577624,0.1079051775610847,-0.908699343,1.0165505477459968,-0.524016764,-0.857766958,-0.651635402,0.137357867893588,-1.325174946,-1.250183624,1.6294552651445686,-1.312654241,-0.151588056,-1.581154792,-0.12319156,-1.24526473,-1.448236057,-1.161168203,0.4773156826241726,1.9049800287316736,0.4181478593175435,-0.735087072,-0.771159816,-0.645455514,1.1277647511961466,2.1741268545002312,1.54759564677406,1.8669866280184115,2933.27,1
368515,-1.921946432,1.867217965232888,-2.133899761,2.3451869494749,-1.728926233,-1.094689758,-2.14138897,0.1885681368599034,-1.915082546,-1.89597134,2.1120751888336247,-1.697036987,0.9309513487821444,-1.639657604,-0.446112364,-1.479035127,-1.356271325,-1.429816934,0.2966378701255074,0.8143789812768475,-1.128092213,0.9380422031546976,1.261514402468706,-1.704684141,-0.134892225,1.3817262362758065,3.0122655905300206,-3.564033738,5241.66,1
183364,2.07288131005574,-0.871568871,0.0124438366699577,-1.658588856,-0.020300445,-0.041057835,0.2079004754141977,-0.230237576,-0.464990253,1.632020140217877,-0.208797703,0.8281486722775199,1.7462041904500754,0.6088942031978964,-0.700418689,0.2538254982709688,0.4309988385091772,0.6818073884707313,-0.159838034,-0.518280086,-0.057118664,0.7828792942629272,-0.021809803,-0.482715384,0.1552187765910678,0.1653419597559087,-0.248776138,-0.273264561,14961.33,0
258281,1.8164565179135876,-0.488739196,-0.012735197,-0.596514862,0.4357605457741531,0.3035949552436348,0.4649186604504001,-0.184483665,0.6859230660644863,0.7015061710309748,-0.546817456,1.4505855605750213,0.5667750862613953,0.909779522012483,-0.68687582,0.7204411525933095,0.1815976037486943,0.2653619794440539,0.4547564991359319,-0.312517686,-0.224120006,-0.701309724,0.1726034611597628,-1.675456996,-0.379453335,0.5407561738283251,-0.322236758,-0.290146396,7201.67,0
196794,0.1951083033138655,-0.153253581,0.2061296053387836,-0.633602646,0.2813665193373507,0.3099286692183204,0.4555486739262117,-0.262153501,0.6727080644323432,0.3948170191650361,-2.42543323,0.5823499847388582,-0.224518247,0.8624802192757434,-0.853077278,0.3455168786168036,0.4172212048232826,0.2936888381937886,0.2040296379749646,-0.64493142,0.2461323024690826,0.2341057058453364,-0.010227798,-1.037420144,-0.552782233,0.9826726709512597,-0.318392362,-0.306467947,9127.31,0
189535,0.1242839508560063,-0.716874007,1.4616566261072892,-2.134799093,-0.220474798,0.8949680502933612,0.2572054179052617,-0.116519189,-0.42554065,1.12525518921644,-0.250267354,0.5671937836927192,1.3596009740809245,0.3126687963177568,-0.62254466,0.4105355978662817,0.4620759286879637,1.0222825141984149,-0.045860296,-0.388140452,-0.085327829,0.5104406014978891,0.1636495353639331,1.5115376284576254,-1.604577749,-0.769175574,-0.038073656,0.3429246310146063,15738.35,0
83361,0.0506974645339895,-0.186374705,1.8971346371290103,-0.089002014,0.2978782506502609,0.4381947415925105,0.7344592277534221,-0.176260943,0.3804353788813933,0.5507716830164061,-0.889694198,0.3717837388473284,-1.305240094,0.7435750861968877,0.3995961402804925,-0.132040254,0.7189464980275209,-0.062389221,0.3446418901728929,-0.150767822,-0.124083357,0.1422259026359016,-0.236231468,0.844992870743954,-0.05700964,-0.552018258,-0.262694502,-0.368356342,6520.29,0
296051,0.9792871607225688,0.4574672302375864,-0.803809583,1.0598163835804224,1.1107975197865596,-0.664432161,0.1599912818711281,-0.089846742,-0.898644812,-0.471016559,1.0686977546688614,-0.643033718,-0.511337976,-1.314919387,-0.637498416,0.8328836292643663,0.4813628251030644,1.6498424769756272,-1.905917696,0.168428440270533,-0.054227465,-0.76973362,-0.10281489,0.0859960022203979,0.556057714754369,0.1519745839051186,0.3670986317699435,0.6865564413925213,20288.91,1
544835,-0.879670565,0.5394177111696237,-0.695369365,0.6974358051304054,-0.642768932,-0.098360468,-0.764863585,0.0818830338782721,-0.530436491,-0.794343392,0.7546672510318099,-1.007612519,-0.995701077,-0.996663367,0.78842119755876,-1.338436516,-1.033843937,-1.355123114,0.91385746630718,-0.512793633,0.769413598803008,0.0107921561505199,0.3891667063570874,-0.203277581,-0.672303435,-0.615144461,-0.667365682,0.0324092742230166,15288.94,1
314457,-1.101079486,0.6450393527176232,-1.170347546,0.9517048535912952,-0.996233248,-0.804888689,-0.779618458,0.7444868615175808,-1.397329169,-1.264263847,1.428266655001137,-1.224560406,0.3168409020752616,-1.441772614,-0.416651692,-1.088179389,-1.358760732,-1.101109916,0.574744970823598,0.0084123184524751,0.2627203381456316,-0.423980141,0.101022678580345,-0.614985268,0.5520313070920103,2.0104035338174366,2.1217983661371043,-0.966494885,18938.4,1
293547,-0.334691421,-0.219325524,-0.574005919,0.653040323969754,-0.410617882,-0.262427855,-0.279938888,0.041555783190476,-0.84722037,-0.811153018,1.1936410823512864,-0.995797636,-0.792615379,-1.113634099,0.4317553587330527,-0.876554218,-1.013044748,-0.703517813,0.3826060180838888,1.6255435819257225,0.3270818220784679,-0.278731527,-0.159487778,-0.447792805,0.5570349684201505,1.9432256368532423,0.7407318380752086,1.0895805817786488,10719.6,1
428106,0.1966456677649513,-0.511988439,0.56403417451427,-0.422637983,0.1354669264083626,0.3865719602627906,0.5052441525011746,-0.31673108,0.2003487831509541,1.2128296204849658,-0.18348463,0.3781368409507857,-0.17983666,0.2638666454361358,0.0837816308531118,1.0291927857155172,0.6566924794609559,-0.035045528,0.5795451437512223,-0.287353014,-0.04391625,-0.136654339,-0.097020058,-0.173460489,0.2152335071887396,-0.514202443,-1.013708532,0.1884565979566407,11742.43,1
254217,-0.023952979,-0.326454403,1.900627067931196,-2.114563441,0.2254948208111176,0.2791560308880463,0.9378787370135756,-0.278342133,1.2068166637481723,0.1254646369156657,-0.54730319,1.3957635148956316,1.2621654917952545,0.3777124772231982,1.456644764281984,0.0025437427002394,0.3659911128639829,0.0757309612649761,0.6832580782740515,0.0923961901041298,-0.215361824,-0.352730874,-0.238193136,2.5080194308397954,0.3460012990727063,-1.184973275,-0.624354835,-1.021754795,17701.67,0
240949,1.7287945294933105,-0.442244692,0.1033925729643746,-0.458094494,0.1760098627702253,-0.35879404,0.5052698253416562,-0.224702458,0.6312114990291959,0.6725608506477314,0.1347503235052496,2.036190878134453,0.4952306689163364,1.094015980019443,-0.109522162,0.3461682141286437,0.2702268480140893,0.4414129117768396,-0.351462038,-0.391250499,0.0306035394420747,1.0754038891118345,0.0284353928646066,1.2879274166635248,0.2130943285207142,-0.375203327,-0.259505574,-0.250360038,12141.53,0
180250,1.706130535954841,-0.697534043,-0.067953526,-0.947662488,1.1080952740390273,2.4107417570655967,0.0756955214533687,0.0998750865407438,1.4385476935171275,0.5378249229300627,-0.750194213,0.9926366162889138,0.0238012792821729,0.701245339289912,1.0345469749667504,0.4657570099081335,0.268961034885499,0.3662610864823183,-0.527883128,-0.321472097,-0.028243584,0.6253681368832325,0.1430541203240941,1.5738311549583024,-0.178187175,-0.441460497,-0.166328382,-0.205894244,5092.09,0
518897,-0.923838452,0.3688333373723059,-0.733404285,0.5298152991222325,-0.984908025,0.2204600630617907,-0.53468378,0.3420900578633978,-0.583191755,-0.765791684,0.8075789132985565,-1.051799443,-0.24689232,-0.960520714,1.2298345639906842,-1.209318142,-1.283751605,-1.19693705,1.500945678819779,-0.73525325,0.2560095054824162,0.5700446070748384,0.1838665462630888,-0.402082415,0.1710450776682085,0.7060768183010516,-0.92711568,0.0244328227757058,8180.29,1
310832,-1.086362981,0.1351028812610451,-0.960084548,0.9806942331434532,-0.632581188,-0.816274641,-0.902929906,0.5807714643290549,-1.145165302,-1.227459202,1.393634571739765,-1.277121887,-1.081031468,-1.352845901,0.1248531403982921,-1.390619774,-1.436856843,-1.280426572,1.5221106815586385,-0.259819843,0.3065138150126445,-0.071163789,0.4555523240572027,-0.878778447,0.8003078939958308,0.4810503937444323,1.1824762095507684,0.0400512859249499,15662.29,1
415689,-0.68674496,-0.337501193,-0.314288781,0.6723130282956781,-0.457952419,0.1124848503831545,-0.159343237,0.1078648246655554,-0.669552721,-0.592016834,1.035264694439797,-0.852122265,-1.008165053,-0.832126821,1.0812015592372743,-0.83902999,-0.913946728,-0.577665892,0.5901136090028207,0.8497452533070954,0.2482363476576451,0.3928664154069137,0.9939344745217208,0.0592495073147939,-0.027969629,-0.185313747,0.9516969594332078,-0.310524292,1586.2,1
139113,-0.17332306,-0.395579354,2.3483461144807904,-0.872875145,0.3629223370650131,0.1915313227863819,0.3693726030734079,-0.160635368,0.8949854979382378,0.5277307279224148,-1.320285525,0.5145869239934201,0.5990031666307224,0.3840446233161036,1.171739995352744,1.293618701515046,0.1023903311447809,0.7620387147052942,-1.114385406,-0.128941986,-0.029858783,0.7729793597349403,-0.387923936,-0.072591936,-0.548363752,0.648516023205166,-0.070066638,-0.23233782,9964.1,0
155454,-0.754660853,0.313954041964162,0.0147298505973657,-1.456583971,0.8482136022701565,0.4362262603161238,2.059294187817158,-0.593773405,6.048858975682241,5.858975831472574,-0.174364048,-0.357004194,3.2080584262895027,0.074069908598659,0.341938865658642,-0.10569732,0.0989310416459929,0.2975323569773772,-0.440297302,1.9446740961248183,-0.58638708,1.0247512377162653,-0.372819622,0.0646093423062077,-0.12096183,-1.407352951,-0.913044474,-3.102887409,18940.54,0
153182,-0.265771752,-0.281538154,2.211259701027134,-0.196876705,0.7506473072479287,1.020971941246594,0.5772848302816775,-0.387193206,0.7939971591795377,0.7619424495032635,0.0073335986674215,-0.177914823,2.107868863064698,0.9095802085219254,-3.248909883,0.7592474689186549,0.5161931504559938,0.1632402041044788,-0.56838575,-0.463841264,0.0840141061852203,-0.212760476,-0.580135882,1.9317477816526616,0.4659003399769892,4.081433118403475,-0.690646822,-1.30766914,15679.91,0
231190,-0.175886937,-0.435061217,1.7248776094744631,-0.933530781,0.5226892845905396,0.3817472252817279,1.1524224423594662,-0.369833793,0.8460769503339166,0.9135626085061584,-0.043325173,0.5012649668576792,-1.027262555,0.3974309767611686,-0.39803925,0.4192236368405878,0.161354763303393,0.355108746010819,-0.090079482,-0.500716063,-0.228745587,0.0272305459956517,-0.264735265,0.0975925163761356,0.7995605045208678,0.4716666986089323,-1.292275563,-2.639146525,20524.75,0
249885,-0.032716889,-0.463074005,1.2301031759948835,-0.912140544,0.5983153749123222,1.2439489047959276,0.356409447847013,0.0116752555007101,0.7405575485664928,0.3300460422187782,-0.221117145,0.7529136069827153,-1.184286642,0.9129558256689464,0.9279314298066887,0.1176619719022047,0.4817996775075664,0.2278427647019467,-0.790456031,-0.290106375,0.0966191062590615,1.531604884743622,-0.155842985,-2.227815072,-0.946821908,-0.013764013,0.0453018621110274,0.2926323130445021,10013.41,0
4898,-0.646941546,0.2671420106815989,1.7304470595594696,0.2700080556815821,0.0210890526987416,2.0576591334748247,-0.302044042,-1.5817787,1.458071871061797,1.3266813725321709,-0.259583169,-0.496740761,-0.325335175,2.192713392780015,0.8213864653626238,1.5008841422711126,0.591096684252811,2.607987071057693,0.4978100002441468,-2.433616007,2.4400544628088565,-1.852495994,0.2893105332521392,-1.677898161,0.0745806506398789,1.019341083802055,0.5123212126148895,-0.609000763,10034.25,0
526605,-0.02437875,0.8901180172727675,-1.025510405,1.4975547300625696,0.3072639257319225,-1.011582106,-0.317645206,0.1918693329142497,-1.35974019,-0.78680922,1.1918602216888703,-0.985004788,0.4535352418210369,-1.552768488,0.7423747430851615,-0.440437811,-0.123828536,0.5468576195417982,0.4099173524363157,0.6370441769153673,0.113925078508096,-0.50254476,-0.015836937,-1.614327462,-0.095535674,1.1246334251598478,0.5266811724958318,0.2685976991849468,15785.76,1
444927,-2.543487798,3.1978500705072026,-2.437675579,1.2651562891212698,-3.153849982,-2.780286613,-2.380865987,5.494423018610986,-1.082382222,-1.194230556,0.9402473861739676,-0.899785476,1.289793768816218,-0.688260714,-0.174177301,-1.093141194,-1.323780363,-1.413221673,0.3681595453254157,1.483723057265761,0.5713329093795038,-1.769115192,-1.139705998,0.3533620837484599,3.5794441817790825,-0.480300886,1.5853119851301776,0.8108476148102197,2842.17,1
19548,0.8864707460406119,-0.3939024,0.7576394114636779,-0.04426205,0.1492332509455551,0.2746058160276626,0.4953710487805829,-0.172582593,0.5891963952828202,0.5309523795097604,-0.680633237,1.5266109942154875,0.6408297512025153,0.6738419836884768,-0.254789002,0.0513605776468554,0.5616084520627642,-0.290778554,-0.664637808,-0.243266401,-0.122961295,-0.001114479,-0.088312821,0.9133429656986292,0.9747562784152558,-0.812199672,-0.193936833,-0.034079884,6368.95,0
67958,-0.382416652,-1.071440102,0.6076373192346333,-3.114519664,0.2324415147214283,-0.167795439,0.5613572420146712,-0.217914774,1.2401856842016012,0.3014657897189087,-1.683903644,1.5134024152059984,2.183815056891922,0.3341627457385144,0.5328486004596424,-0.363005373,0.2783509775849533,1.7953120245649632,-0.103385573,-0.839096649,-0.315074485,0.0995316772978334,0.9512451435766648,-1.059871018,0.1628763303563981,-2.405208585,0.7012664572774956,0.6484297867469441,13458.7,0
272296,0.1074161492511348,-0.420940622,0.3403150370757809,-0.334109262,-0.426600223,1.6428420604722438,1.2564496431889247,-0.209380945,0.8035384081742073,0.6607209056305634,-0.457139359,0.6348543888711431,-0.058569598,0.6830959091332364,1.3703388030453325,0.2515747453225691,0.4041474730059741,1.524619765254557,2.090532789014625,-0.479112448,-0.020823938,1.3462824670866362,0.1815378383975871,0.6320622838423681,-2.388043086,0.7348454442157302,0.1609234802684856,0.259664100773586,4436.03,0
175604,1.6772925053887469,-0.637310162,0.3324832254992405,-0.536481711,0.051759953913341,0.5388528879189767,0.193938475186537,-0.117598099,1.160025679905565,0.6620100228771993,-0.197959596,1.70445887575084,0.5093464778534247,0.6204419071040829,-0.406050774,0.8253687077991213,0.22592702304183,0.6892513854130204,-0.195072996,-0.273394793,0.0033444414722079,0.8679400716065061,0.1292096753577145,1.85551480791296,-0.504962853,1.4160268086233587,-0.278448951,-0.221439388,15294.32,0
273379,-0.078416651,-0.171098292,1.487256599736348,-1.078598761,0.458437689144027,0.8378671714452501,0.5802418002817875,-0.108494106,0.9166943875142656,0.5804876434596622,-0.926620027,0.2299279237485205,-1.533335108,0.796546492648604,1.1042036053323343,0.7412669425655178,0.1416414144563014,1.5125082584027258,0.9806824633494292,0.1410366327179989,-0.22573358,-0.545992739,-0.488374748,-2.330236873,0.7397271548629296,-1.499763702,0.1006712362493967,-0.21305127,13861.11,0
457450,-0.313893924,-0.600979947,-0.09605036,-0.539712778,0.4368550327725311,0.1904291390127862,0.4712356070014418,-0.069714757,0.3227906142975958,-0.149076815,-0.566370524,0.3140841990561079,0.846878066637985,-0.067913965,-0.493407878,-0.046304999,0.0979220822247708,-0.043950349,-0.105920805,0.1895173907185051,0.008271393070118,0.0448344565007208,0.0043048771354789,-0.084748328,-0.70370718,-0.375068507,0.0338451464269195,-0.262216528,14580.28,1
540190,0.9917735698988058,0.4761405412330775,-0.791899063,1.0926845013442286,1.0360298035997153,-0.917518478,0.1887820379084319,-0.124256924,-0.855633259,-0.499327311,0.8102442330793889,-0.681535866,-0.088540042,-1.337668067,-0.159460743,0.6520568453760903,0.574505476049466,1.1361866351052732,-2.219841762,0.1771641701044149,-0.061393457,-0.775500265,-0.067561159,0.6853647394864303,0.5610556198042178,0.1441380337343074,0.374860366937396,0.7129515292346991,4449.53,1
198911,-0.392053588,-0.617623511,1.6041086355522152,-1.004239947,0.4938746006822289,0.8223218804365715,0.6508875870148478,-0.100418389,0.9455022262307272,0.2246026964627644,-2.323903899,0.7475596442249443,0.6668367561232198,0.301815079300507,-1.179785548,0.7477260257049693,0.2300700455208749,0.1927330554797333,-0.278894404,-0.095008736,-0.253438394,-0.659497096,0.3292919257260069,0.1083206063024533,1.19399921990359,0.3122120726152919,0.0275582406357793,0.152997028996146,4683.63,0
461416,0.8859932204860445,-0.381193941,-0.086870734,-0.290518348,0.176920687716301,0.0434096021170101,0.3357659515388954,-0.158279282,0.7056526160213527,0.1284550578173155,-0.678938034,0.4495340479857564,0.8696498392962247,-0.046945338,0.2976969239421738,0.1220201899198786,0.2905599962109813,0.1179855745624629,0.3030952001256584,-0.024302896,-0.105094035,-0.251553123,0.1146422189648965,0.8251384570195305,-0.174178354,0.2119499829409806,-0.15317083,-0.027380033,17227.03,1
213629,1.5560383992998623,-0.667779393,0.3286060370902066,-0.483353068,0.1942523503747904,1.028166660628716,0.182987642025061,-0.070259092,1.3158554044421502,0.5315680605510493,-0.792901284,1.422357982318638,0.8515272090735179,0.5522466683431281,1.3104614854533605,0.1488940209064992,0.5574062179712265,-0.423609431,-1.491858315,-0.380389725,-0.000191307,1.016685124666766,0.1995186749083049,-1.696924658,-0.846287641,1.3861867150831313,-0.197787585,-0.231981734,3793.27,0
17884,-0.114207039,-0.632534657,1.6891463526907655,-1.057453842,0.1775031530160802,0.4317959493752529,0.4524796414457215,-0.090857165,0.8385497144907352,0.2701003764794409,-0.420550306,1.5345195616312377,0.1599473790834438,0.4619057107357007,-1.718772605,0.6901858892402036,0.2787354885744147,0.3797889823566513,-0.012772371,0.0777716536552921,-0.083736036,-0.031307637,0.340952463787312,0.1568247248968226,-1.437820468,1.3672494191670013,-0.153108362,0.3500119947281745,12611.48,0
27531,0.1827077767284669,-1.209468547,0.7795567601575956,-0.035592303,-0.115705867,1.1029229997333458,0.3969638974332511,-0.067416062,0.8310167623733283,0.4770200453340313,0.0524594271573458,1.4908405611938798,-0.318484016,0.8239579684168239,0.5969348049730879,0.431372317413744,0.4238046850207699,0.2963540165840792,-1.162342872,0.7500069615405487,0.117864900795504,0.4831013631893974,-0.544885187,-0.403828555,0.1022802474867606,-0.649084498,-0.249492177,0.1790154373341952,13661.1,0
379006,-0.267890056,0.1228953091659342,0.0525682160254413,0.1267179514201253,0.2036030607656415,-0.185501704,0.0299538952123064,0.0050751346288998,-0.267988385,-0.365123363,0.1425921654859403,-0.529440081,-0.947545711,-0.629971405,-0.842924856,-0.18552612,-0.427301538,-0.079223851,-0.736425879,-0.010357694,0.0354822268911117,-0.178057557,-0.188291163,-0.538182883,0.3446716156738118,-0.681946984,0.1509975848932092,0.2002257798338743,21870.95,1
10908,0.861641047011532,-0.345059475,1.724489759326014,0.3748673095707128,-0.004817824,0.7067738866653743,0.2206655839173708,-0.109081222,1.2345433262664545,0.7208710041394585,0.2595452504917341,0.0131678023566799,2.0572063771949844,1.5357942069240222,-1.758535714,0.9939563914285507,0.4808098096569861,0.6508604748645659,-0.972892024,-0.309551753,-0.166634912,-0.139594486,0.026802712182582,1.0106247806330997,0.2846783291855858,-0.25469168,-0.22401208,-0.039712025,2467.6,0
163086,0.0430316055030014,-0.578730636,1.3541985997381043,-2.197030566,0.3467976952386082,0.5717124309879711,0.4650417559314115,-0.153375105,0.0476978129371359,0.6372296996746252,-0.431704607,0.3342504764382846,-0.058275857,0.4193923318010004,-1.164836775,1.874338861586168,0.2532755619959129,0.0814687293265342,0.0042813431008403,0.0429021899850749,0.0476529377821183,1.018832875405286,-0.297193101,0.7935324865145948,-0.078028181,-0.566625489,-0.316994522,-0.323802347,19718.92,0
299297,-0.172158821,-0.28692127,0.437529557524885,-0.535584677,0.6099051542979842,-0.059156928,0.6056852029458873,-0.163044598,0.5679125048508284,0.7220478773828589,-0.211290598,0.74879178979522,-0.165075156,0.3666317559605923,0.3310692578328734,0.6050196479994395,0.5664976059213342,0.3872309854942657,0.3427274153489618,-0.416127352,-0.31052327,-0.601630138,0.5733861148223689,1.085982545927305,-0.42656775,0.5351506753930725,0.4054684999818409,-0.096153772,759.15,1
15613,1.1605913178729446,-0.978065752,1.415766064264078,-1.394462907,-0.372199502,0.6423951422276221,-0.072193237,-0.104291189,-0.162370618,1.3717921833500957,-0.222747487,0.8186328377015768,1.5600076718810183,0.2672296455539206,-0.42871776,0.5620885509962481,0.454535296821851,1.197266135749365,-0.245975487,-0.384344297,-0.07156789,0.6934689865830925,-0.121377356,0.1426761003533845,0.4090104850459777,-0.003009301,-0.127485685,-0.031853946,4064.9,0
231568,1.661773934967033,-0.650673647,0.315606001456312,-0.484751152,0.0398863792616915,0.5683225236250325,0.1770115631984012,-0.088682097,1.5031867114545998,0.6092445555454116,-0.312871064,0.9593611232901488,-1.239145806,0.8498288357580485,-0.03514259,0.6602404985465381,0.2565212996301914,0.9397086427716604,-0.219151285,-0.441835482,-0.010797826,0.7250486072594182,0.1472846484259816,1.4962344241335277,-0.360508127,-0.608911597,-0.206570383,-0.202330657,591.93,0
110110,-0.160882284,-0.546000411,1.9251333870208056,-2.095432115,0.4365246666331032,0.652765335745958,0.5545224599686224,-0.203013959,-0.015731623,0.8552096413047111,-0.201040695,0.1715262377414059,-0.53043632,0.4341522693791119,-0.110117932,1.9102231499030755,0.2525264779344219,-0.232194083,-0.203505252,-0.128107564,-0.123968261,-0.106280777,-0.421372709,-1.456096606,0.265730982428032,-1.386655581,-0.783720899,-0.997129799,18692.94,0
280371,0.0758688622398757,-0.055903322,0.5189462536637255,0.5107053331377595,1.447778370504557,2.9501800696182445,0.1463546133426269,0.2625824044400775,-0.453572532,1.269122134146469,-0.983022489,0.2938086033320259,0.2976576119009169,1.0327138370888436,1.8662587008463265,0.6842505164289565,0.4282733001027231,0.7230943346688853,0.3682873482326181,-0.022652133,0.0364257809879331,0.8015037236773676,-0.01790759,1.5261028618119892,-1.463143908,0.8598327646306086,-0.047128656,0.2482745819734298,21467.7,0
171479,-0.461038212,0.3663166577811648,-0.113273694,-1.691725571,0.601008071644382,-0.389874141,1.0683748806883933,-0.195007086,1.4718616222878378,2.338603087895822,-0.305880945,0.7491972056779189,-0.890825059,0.8932409461617653,-0.706284415,0.1816340583295248,0.2027570762146027,0.4247858357858405,-0.214972927,1.0202469647476875,-0.112826438,0.6289981794324575,-0.197382408,-0.70087709,0.2559951159310053,0.3268983066085999,1.802034138720344,1.9537349799117745,2904.61,0
135997,-0.143885133,-0.292933107,1.621173124478343,-1.195611914,0.5409526195084678,0.6795620225388285,0.7134804323792662,-0.071708706,0.3412167033891057,0.2088855387090245,-0.042440168,1.6914827354298658,-0.151826976,0.6799043989352912,-1.659556637,0.3836399212474056,0.34698213600331,-0.284857576,-1.888082718,-0.407180262,-0.104741079,-0.03465617,-0.069402627,-0.472337237,-0.256347951,-0.058845176,-0.176259971,0.128526642719776,18195.25,0
568541,-0.874041952,-0.567941381,-0.605940812,0.5122315396225149,1.391343324023361,-1.212004275,-0.72764629,-0.162956524,-0.843724442,-0.58449527,0.7077784859788973,-0.564083946,1.219395696784805,-0.622659885,-0.14359523,-0.889080962,-0.941317405,-0.674964941,1.2969113703089945,0.5436079566521056,-0.059300883,0.2078976875613495,-0.478763079,0.0889955975453799,0.4194647068479315,-1.087461789,0.6841685661402054,0.3822701216139135,75.76,1
360220,-1.856123548,1.6880033834368202,-2.086365289,2.3519900186457816,-1.625117139,-1.013969106,-2.071252926,-0.01240154,-1.927608187,-1.91624808,2.153659552921424,-1.720577981,0.816046017361891,-1.680833692,-0.399983815,-1.505635165,-1.386021373,-1.438820941,0.346953260406671,0.8129838223728861,-1.133936443,0.9987501188664082,1.1530815429728791,-1.694365425,-0.353202536,1.3557464355103992,3.058462443672452,-3.541701009,18455.61,1
479621,-1.75375738,1.2402183166500242,-1.563755242,1.1329876456942882,-2.190048016,-1.5634973,-1.977247739,2.3732661491411537,-1.74291891,-2.083783348,1.178202269131827,-1.44768875,1.6812051707131632,-1.263615946,0.8141712711139593,-2.05389044,-2.155407405,-2.176787395,3.49469158539676,-1.244093081,1.004520162973929,0.8360556668506763,-0.279107953,1.6535047668354774,0.0679090484020896,-0.947311947,-1.615538341,-1.766496682,17070.84,1
218678,-0.115803487,-0.232010367,0.6807099667163927,-1.068793903,0.6884541472602315,-0.197086565,1.138913605729638,-0.360563722,1.613124815651235,1.5695124084865095,-1.070251273,0.2297808308426181,-1.125155044,0.3526316451727092,-0.053967778,0.2174327986653121,0.2183875156579086,-0.151075682,-0.387502799,0.4123174034542696,-0.371521881,-0.597396359,0.0680229734411064,-0.209923669,-0.695343711,0.1550832080142765,-0.272744743,-0.965606558,2561.45,0
149252,1.7813466260009445,-0.467103345,0.0991976448751158,-0.433724979,0.2772629861533945,0.06925011253329,0.4056334396606061,-0.195976441,1.7879270258457924,0.5565267578811283,0.081956541742703,-0.167070687,0.8242292841936727,2.4697587979950817,-1.296808911,0.5945110192809641,0.4850546468624945,0.3969780981594695,0.0874810715121356,-0.481029604,-0.275395523,-0.832326101,0.297602120060479,-0.718603297,-0.626140701,0.3766981475291552,-0.358233633,-0.298007615,18904.26,0
376658,0.8934693933687645,-0.31019539,0.713718629272615,-0.370351731,0.2594293125622618,0.2328806380317996,0.4838103696513817,-0.191477356,0.550603178692636,0.4977747803544787,-1.200409808,1.2007892297125626,1.5750669918543911,0.6609252351033403,1.1028862181225076,0.6255780417866406,0.2195626965318188,0.3142683296309347,-0.191644528,-0.189507228,-0.129316879,-0.097225753,-0.168666573,-0.532397397,0.9271332093221692,-1.051222569,-0.185212181,-0.043788721,3263.67,1
23030,-0.095057274,-0.227996487,1.995348584299316,-1.235360579,0.2464493429053092,0.039169255352028,0.7234205903571072,-0.173832279,0.4791120150286163,0.1657595085220253,-1.162546467,1.171943450315278,0.8718373222235056,0.4300035030965505,-1.178017406,0.3668720530243608,0.3855476869875673,-0.113944986,-0.466617816,-0.203160175,-0.124434515,-0.022481367,-0.406328684,1.0656167665047234,0.7854048146980674,1.957380830893404,-0.296825857,-0.000546228,23585.32,0
209245,0.2386144061304034,-0.873580938,0.4768465658557654,-0.294364572,0.0726161002756052,0.2081896414557198,0.4926769434733259,-0.168545869,0.0921717989761394,0.961183076753402,-1.878220562,0.3172677505966294,-0.002867961,0.7078081751709183,0.2957258973960868,-0.224908618,0.3967312091761592,1.9468180670469464,-0.643108129,-0.124162286,-0.111755911,-0.015383602,0.9188280916248824,-0.372629927,-1.876592602,-1.816770986,-0.099425345,0.1677182490045049,12167.05,0
123771,-0.316424169,-0.053156991,0.941490396550382,-0.106666173,0.1235291979644757,0.1825637416988284,0.4792462993103984,-0.025180215,0.0992094327103754,0.6035326350194231,-0.655541803,1.0245247633674304,0.7267957591280878,1.0621045029227432,1.7255845907974872,0.163525797858438,0.6090147727467107,0.0996516985096531,-0.09014897,-0.253127016,-0.01292757,0.7490394921546528,0.030492063822944,0.9147633015094888,-0.405563473,-0.549206233,-0.391383595,-0.852480118,23302.99,0
129760,0.5685349597972056,-0.889089977,1.051425836320442,-0.480681555,-0.149207628,0.6967087860550281,0.2876395982718663,-0.099946591,1.042713821230714,0.4196817269107508,0.0644823218175883,2.433573566187055,0.5649957634173567,0.5175545270731435,-0.861635822,0.3136734766337595,0.5163057249960028,-0.068099796,-0.013220375,0.27330585646067,-0.097239874,-0.250057455,-0.125833353,0.7207576030262862,-0.186911538,1.8321585194312189,-0.309191564,0.0136075810678279,11440.97,0
342770,-0.572251328,0.5254526926252291,-0.593384174,0.660222709591122,-0.422279194,-0.113900548,-0.62008073,0.1600258658559104,-0.844507354,-0.875965381,0.926345341489238,-0.993431876,-0.381185869,-1.05825376,0.3638472653012237,-1.236613838,-1.064982053,-0.993963711,1.6775067289126715,0.2695932443043167,0.4842787516848299,-0.020999984,-0.125293536,-0.912133584,0.0414115645154383,-0.149412298,0.5398514408845713,0.6052787966737722,478.27,1
480184,-0.470782317,0.4864254694649479,-0.712916258,0.5928645180641896,-0.601685782,0.0759451274117837,-0.423533574,0.2937288786565225,-0.864307704,-0.914283334,0.9615233537983592,-0.966983849,-0.018714402,-1.089039849,-0.41530043,-1.084285749,-1.10715849,-0.768117473,1.5617422165618335,0.5786928973851322,0.2530072946195648,-0.03003698,0.0204827818519824,-1.285383011,0.1843771859232955,-0.197171934,1.1470966140213368,0.776106480135865,14246.11,1
205377,1.5749872994408691,-1.106001449,0.8822175547946212,-0.636476555,-0.324270435,1.1309210349470844,-0.097247321,-0.032391731,1.3298295061286007,0.8756233904653654,-0.72743029,2.00560097040896,0.7726819275096964,0.1554576572415814,-2.230000687,-0.171963912,0.4661862194266981,1.8773377175815829,-0.444704715,-0.596924218,-0.183664354,0.2152308375423105,0.2055101710595357,1.8175935182482503,-0.912436939,1.402915720084434,-0.179536105,-0.152741535,21856.22,0
298999,0.4653658933744058,0.2659906935897661,-0.679674557,0.6502829716488541,-0.28674819,-0.672241072,-0.465842005,0.110405381732924,0.2084709470513341,-0.647803727,1.2501862618874269,-1.075762566,1.6426677630723154,-0.816727724,0.5051066027216977,-0.729370564,-0.517525008,-0.079172681,1.3545917376491667,0.3280706615030434,0.1214542157399903,-0.004899392,0.5476149682930792,-0.478283499,-2.583034553,0.7629474638651763,0.5091643099025929,0.1745336675326423,18085.25,1
135752,-0.199457155,-0.713653407,2.085650421923824,-0.683983832,0.1260799558346283,0.459426803467694,0.3226984596873464,-0.098343113,-0.416770928,0.8470592510072739,0.0962857618600764,0.9507886711533664,0.7206010691510757,0.7714631044019233,1.1965564209626,-0.264409355,0.539591853239772,1.854629138068504,-0.310112795,-0.002950931,-0.067059754,0.3133013939833081,0.1222733137894468,0.5550504464118805,0.0447110845697075,1.695444399416844,-0.218390893,0.1136224113137801,21824.7,0
524818,-1.704516521,2.599199263414968,-1.205390552,0.5035268915774673,-0.94967396,3.226002264832025,-2.323094936,-6.027711908,0.2733890173381638,-0.698893089,0.9902737999824864,-0.707780298,-1.89197721,-1.183117215,-0.287686755,-1.230970688,-0.722382799,-0.990629654,-0.169995932,-4.118596471,8.087080028016498,-6.450353018,6.343132317756874,-1.0750483,0.3498809024854172,-0.240261075,1.534445136055664,2.1541018884187397,19751.01,1
78424,-0.002937901,-0.187929023,0.4398429840538314,-1.309559528,1.5516185959583717,2.165859392968408,0.4788536705304823,0.060298050266782,0.2404871250005024,0.5391481980143189,-0.715724025,0.4718358695096174,0.0264588038031951,0.8493274620432977,1.2400230372598178,0.8320227008636228,0.1884122572274761,0.3786015722060505,0.114582026525972,0.0393686625909442,-0.211795006,-0.825960729,-0.040108065,2.177182330276687,-0.146922383,0.1839004772539137,-0.076841287,0.1600152484380164,4545.4,0
292895,0.9700876561519728,0.2886331000921469,-0.672135291,1.0179244509911265,0.7418057304868507,-0.302072959,0.0874871351717049,-0.064338703,-0.710945577,-0.286502946,0.7567924882078946,-0.609930194,-1.132281571,-1.058789496,-1.380700102,0.2254952735532406,0.0705244778728058,0.6125767588186497,-1.35541145,0.0384085525173175,-0.031937155,-0.57244105,-0.109743017,-0.874371606,0.557719262130861,0.2587229871207058,0.3467902836143366,0.5470721721165446,4113.98,1
361091,-1.109596621,0.7224363258801858,-1.136512113,1.3177795626770392,-0.911173797,-0.26417488,-1.006875731,0.3708488346668964,-1.120920773,-1.150524759,1.4444110267739485,-1.303011863,0.5117828664346924,-1.251528874,-0.095304522,-1.238022183,-1.237315334,-1.025528605,1.333795339525364,-0.262074556,0.0372141071349518,0.3691921658964379,0.5605229801456928,-0.932586044,0.0145965564262248,0.3127548705562739,0.3635771650259598,-1.021461398,23574.97,1
222887,-0.446681649,-0.272228016,0.3296213077721782,-0.486211836,0.5207340562059553,0.0701469380736379,0.502950439432437,0.0311430360847302,0.0300984047169806,0.119888504297403,-1.381885012,0.3473685277662544,-0.553378177,0.6553247894081322,0.8506859710103039,0.5558083555704659,0.9730586548228336,0.4012919317944866,0.7410349538223392,-0.315931903,-0.219769274,-0.977719389,0.2324411277798954,0.9000368491264058,0.7251506285454331,1.0504012319399825,-0.458532241,-1.139870267,804.28,0
219885,0.1920853864003366,-0.192773162,0.5440239143700604,-1.052913926,0.6411640913078404,0.1435183987662214,0.7937600223422606,-0.169954126,0.2627821386112649,0.4929201208948432,-0.327944613,1.711749898928018,1.0736472539242408,0.7518705873646364,-1.207142865,0.5911179994386623,0.1917061547180212,0.1831972219252992,0.1040139117438454,-0.09043389,-0.193503283,-0.463031448,-0.021843666,-0.803304833,-0.748567086,0.342758301397345,0.0571024828231589,0.1080758163398253,14388.69,0
479778,0.3425284799768463,0.0591520510304764,-0.023876453,0.6595762082330755,-0.141800488,-0.007732019,-0.171858511,-0.006479534,-0.400124986,-0.238266668,0.46349897628504,-0.488605978,0.014380467292118,-0.642636037,0.0888054738009091,-0.469983912,-0.525426246,-0.702834373,-0.835075954,0.1242262533981888,0.0185285173821436,-0.41365086,0.0032511322556877,0.4915332729009694,0.6585216121172133,-0.106770191,0.5090556949357904,0.6523970447077683,12616.21,1
7178,-1.048278564,0.156636212577333,0.6086672038214108,-0.87993727,0.1122813330006212,0.0139898906759166,0.6251826344191158,-0.249414404,5.725932107051397,3.831795887751368,-0.426790223,-0.257803966,1.388037117160546,0.3032618149221471,-1.686439234,0.128052022353743,0.542505905338677,-0.060943243,-0.676026245,0.0433864942206698,-0.673266847,-0.109755965,0.7538081153868988,0.791618129294298,1.5531260990219171,0.6548301699979644,0.2996617264535817,0.0133428795996601,7153.34,0
240888,1.7845127931710012,-0.579171064,0.2659101317032061,-0.47217736,0.0969332549990545,0.365506268379796,0.2438740144902834,-0.158125663,1.5862256700170678,0.5305264793843769,-1.941900537,0.8588947359536346,0.5160520942686987,0.5619974767907,0.547110072112806,0.6523833580417957,0.2177772829101072,0.6191729542788788,-0.170259612,-0.375816263,-0.047175178,0.631953511342437,0.0094789590999682,-1.149168462,-0.06245949,-0.38345133,-0.18729117,-0.209486515,3152.67,0
109488,1.0656604059164183,-0.429511961,0.4989633428650694,-0.561266527,0.3157683659893449,0.5694462680354999,0.4112387682391916,-0.155954268,0.7310311529597036,0.4785657222750366,-1.373629992,1.0710274062596503,1.0428516722087318,0.628758091868158,0.5805849538736182,0.3841962473989024,0.3748226655170618,-0.176550851,-0.004925907,-0.217264456,-0.216129517,-0.573199962,-0.064791101,-1.452387712,0.6052772863154192,1.1349000942140983,-0.263512386,-0.10369713,22840.52,0
96722,1.0102529413446486,-0.381676927,0.4297577316525912,-0.610611059,0.1969482209788733,-0.243541121,0.6019994422564416,-0.228322347,0.1572102317244445,0.6153144091021199,0.229732800624992,2.215749742075601,1.2569578033357487,0.9719370315605408,-0.14606369,0.4579240248292988,0.3174948141932106,0.0703804948036492,0.0516435538423484,-0.107571735,-0.085036738,0.0766070771457827,-0.132527687,1.4077437857470765,0.7974037189588596,2.0420977589269835,-0.363973713,-0.125612776,23199.24,0
455870,-0.361068207,0.4696372869643965,-0.910624558,0.2320407336960855,-0.835640516,0.0470273317993802,0.3141366389908895,0.1117020982772732,0.2569025528381491,-0.808631221,0.5564096070056613,-0.927527996,2.0939885782616168,-0.533613023,-0.17571419,-0.566378036,-0.230657677,-0.134523137,0.3654484019075438,-1.045036341,0.0770929016865987,0.452276228250188,0.3325228986742909,-0.554369011,-1.9101986,-1.693559739,0.1820882324878688,-0.395971124,12365.93,1
255103,1.8123409855908583,-0.391538001,-0.066068625,-0.439070181,0.4194769145206672,-0.067751207,0.4980037849407459,-0.205148959,0.8189365361481996,0.449791573337498,-0.98231183,0.7075198367145884,0.096075532384486,0.3392184982696695,0.1899108993166164,0.6718797888968207,0.6179499973550482,0.126141877776312,-0.179006631,-0.328673388,-0.251800015,-0.859583129,0.3329895667372314,1.212819529281132,-0.505088736,0.391776599831246,-0.308577316,-0.173394026,6632.86,0
240623,1.7733662964221637,-0.76799178,-0.004585826,-0.964990836,0.0514024326055281,0.0868084477776787,0.2078376924606056,-0.193846662,0.501427236503483,0.6105605983851068,-1.268483522,0.2723124535770462,1.0409807632797032,-0.079901482,0.3286732628734396,2.2070486435700536,0.8679448091009654,0.1510993480650098,0.1651478675959136,0.0981506732205794,-0.005858517,0.5886713359032962,-0.091446779,-1.316883055,-0.177583319,-0.110387512,-0.218330511,-0.108700542,18207.97,0
103124,1.0533602782484983,-0.653691525,0.3786178085172368,-1.053909758,0.0520216058807474,-0.022607543,0.4026427967369249,-0.197709803,-0.185005093,0.988181353126718,-0.01671703,0.5651356670678438,-0.094052406,0.9120464067605044,-0.248956923,1.418884878631232,0.4551889098436387,-0.328955923,0.7426921699329967,0.0597606484228267,-0.132309537,-0.531312263,-0.067638247,0.0267914217719211,0.6290511327585386,-1.118400488,-0.28610332,-0.076931868,14101.9,0
123714,-0.292278095,-0.387529161,0.5634491858462253,-1.457634486,1.0476931326908965,2.440193469521561,0.0690233485825441,0.0149243338773937,0.7766313697015104,0.2744022966760691,-1.256774761,0.8286568029730927,-0.036350884,0.611609873166483,-0.403013263,0.6161860797735607,0.4080865673636308,0.3313400039802063,0.626694248061267,-0.468509942,0.1249223347783532,-0.747531145,-0.236157982,2.4356922393124982,-0.496958044,1.8211391439546347,-0.254423171,-0.392557699,11188.29,0
480475,0.9448695770138676,0.3791583710222868,-0.509693272,0.8743072867293309,1.8885119830695192,-0.750835672,1.1908329011839442,-0.236043542,-0.679283577,-0.039220034,0.4196366194529548,-0.208389466,-1.471761482,-0.945301734,0.2237247412739179,2.920587331365508,4.409652311260523,3.1191144797919548,-2.94884927,-0.21525841,-0.166376411,-0.382590291,-0.540635252,-0.935650281,2.2008424289635964,1.1403514004124151,-0.22669279,0.2827814787077838,16576.53,1
203176,1.6202666737347655,-0.645936651,-0.121537942,-1.200952867,0.5696582487164206,0.6584138490173049,0.4655294878387052,-0.134038637,0.8377737788036677,0.4855675749494531,0.118305153033638,1.9119946545405304,0.1372429354886294,1.1959998715752975,0.6795902968793743,-0.081554888,0.5705546516023141,-0.41534878,-0.495703985,-0.346702603,-0.021316187,0.6933285962538612,0.0516063096446872,-2.00624449,-0.299866988,1.7005529212365824,-0.308632358,-0.329243839,2101.4,0
195537,-0.44606599,-0.702184588,-0.00058121,-0.669918509,0.6876797694844656,0.0251681396716808,1.2959498202109636,-0.319674887,0.5440328199835667,0.4506351148817842,-0.730601726,0.6567347259205014,1.4206911336004728,0.0727743797816645,0.6372343542550477,0.9515106788608284,0.4695131771071393,0.4350421564741604,-0.578257481,-1.93421794,-0.255297629,0.957014345103689,1.161450929512004,1.3702814199036275,0.3724244923561706,1.250622531174591,-0.378907797,-2.542296605,5518.15,0
558197,-1.468256724,1.24668667218527,-1.676398696,1.6873492841795816,-1.765277774,-2.232173538,-1.796419322,1.6782081204999535,-1.188306008,-2.118140968,1.7913858905016051,-1.838910097,0.3824076673404751,-1.773425196,-0.151573142,-1.985025621,-1.780514725,-1.725105535,2.7653713822953225,-0.621271678,0.821127753955267,0.1624175947010803,-0.961140465,0.890735568858236,-0.065128409,0.0478006951394423,-1.239337519,-0.843055618,20543.71,1
523220,-2.254227796,2.657261157284228,-2.191950041,1.217206090254724,-2.686922344,-2.539966554,-2.113095213,4.200296397184307,-1.158625886,-1.292203977,1.2139621673595178,-1.101911085,0.587011768869742,-1.014660568,-0.074093286,-1.279386975,-1.467922644,-1.458410384,0.6634655519492516,1.3970191563158934,0.5571179898496892,-1.39744743,-0.960442005,0.3037859281054005,2.585392848477776,-0.517081809,1.9405267511502768,0.9827651552623335,12226.88,1
6615,0.7059255068978836,-0.498030224,0.5216967147687223,-0.307768322,0.2286491295676093,0.2120035853765006,0.6062696742781024,-0.205031684,0.927237938834722,0.4356959070532673,0.6048165770195371,0.1959114829530467,2.636473826624444,2.386591036403594,-0.592831385,0.3621024700967644,0.6366252280660056,-0.08212515,-0.48213295,0.1018612556950422,-0.23351593,-0.972663018,0.0040503110069862,0.4039450831911202,0.0764420209692223,0.188167701571385,-0.356113401,-0.038383429,12928.43,0
555714,-0.362548303,0.5535749175730257,-0.208368454,1.015755354635356,-0.05199335,0.6152988664625965,-0.489320518,-0.878833248,-0.531009346,-0.30491398,0.3165906157457793,-0.968398758,2.360010390705996,-0.138699216,-0.723441615,-0.794984602,-0.616504077,-0.643305731,0.8418225906795049,1.3276527930416098,-0.704185861,1.0754155409323196,-0.01307906,-0.389098096,-1.373213733,0.2228466533475485,0.3473150212362098,0.6879276497706572,21173.85,1
373127,-0.727924055,0.7525625784216888,-0.512481556,1.0583668395913706,-0.810960003,-0.150879819,-0.914349791,0.549176177050959,-1.458962919,-0.967659714,0.7335853415593975,-1.158273717,1.785473928051538,-1.033337407,1.078358836147861,-1.423452502,-1.589767518,-1.467891877,1.713224063677691,0.6564257116108146,0.5113384297449245,0.7801459350000802,-0.167440365,0.0431174783316831,0.007362404078927,0.8424614465744135,0.7684167242594723,1.1717688542646194,19528.98,1
555638,-0.784856344,0.5993051068308298,-1.003929381,1.552834605412711,0.0005238942565691,-0.802603944,-0.380288094,-0.137617909,-0.278064365,-0.144933481,1.012044378173053,-1.253825838,-1.178602931,-1.662054134,1.4861760405554736,-0.907946957,-0.666084725,-0.328447262,0.6902503574306512,-0.349931399,0.1102616054353328,0.6218035828721423,0.4190162744756364,-1.044299758,-0.681971497,0.8020316289006177,-2.443090662,0.9062369406823448,19371.29,1
169496,-0.139773179,-0.254627974,0.3067812144099923,-1.851647425,1.149639745647691,2.481342711061337,0.2775828410858184,0.2232546870694693,0.7969348888350161,0.2470977179018097,-0.985790943,0.7535201913005392,-0.091195571,0.7831352910128333,0.4966650488736789,0.5403985174279945,0.2978045511056296,0.4486936391742114,-0.579634396,-0.205255817,0.0017632125396451,0.7013180212223684,-0.151661691,1.6088633540071609,-0.337335564,0.2648211879855137,-0.023408744,0.2424642996079642,19668.99,0
44912,0.0493804370987216,-0.011187036,0.4580687317247447,-0.27959695,0.7610870507678361,0.4422251760020221,0.9577464832711824,-0.231394952,0.3250180091397014,1.1356445648824247,-1.118178707,0.8048894260413225,1.3894257086781776,0.6601299895184412,1.2393805403061484,0.0389566449893083,0.3606703903874411,0.0476821759832124,0.2614538345761558,0.3252158070777848,-0.09624889,0.6382056518494944,-0.117533369,-1.219097339,-1.105927413,-0.700077922,0.4922737501400544,0.4312735856676893,21624.21,0
540634,-1.696747474,1.4545915473596402,-1.838953189,2.124225785117541,-2.05059296,-1.942935863,-1.92319089,2.307873503143388,-1.653944276,-1.921837953,1.4517640668088616,-1.816602975,0.7468929206955113,-1.437747223,-2.298436995,-1.741146571,-1.941043021,-1.995335388,0.3023218210860655,-1.649156412,0.9051229576014088,-0.282992311,-0.431148098,1.108667641604442,-1.244941435,-0.382626943,-2.332969509,-1.830632293,22274,1
417476,-0.864110475,0.7094681245971262,-1.052513394,1.5486281691748247,-0.109271018,-0.845029358,-0.445789971,-0.036431584,-0.268260459,-0.124074427,0.9804289208862462,-1.236123734,-1.115799444,-1.639942328,1.4537080288868207,-0.887894612,-0.644583331,-0.320357282,0.6642782041974514,-0.349322427,0.1128076755268173,0.5903457614604959,0.4737017451745413,-1.050253042,-0.568254675,0.8170398419801214,-2.451823717,0.8945314908791653,4122.66,1
444087,-0.348552393,0.5180998496894821,-0.589738375,0.3895187188524324,-0.382939699,-1.00456067,-0.530911608,0.2564794559693609,-0.208592178,-1.021762353,1.4446817293814231,-1.233854592,0.4190146222309739,-0.974910958,-0.441285654,-0.767188774,-0.728256164,-0.325177745,0.1905995748757655,0.2120196264373717,0.1583232182053497,-0.465188915,0.0074704662554232,0.1806902719999141,-0.191223351,0.680000381281113,0.3062412331933345,0.3988400311962965,13662.92,1
558038,-1.677027295,1.5738566612075813,-1.655468,1.4160208771108485,-1.939148966,-1.348912287,-2.100418005,0.1952935235955744,-1.775271327,-2.061714199,1.3664325557765642,-1.75502936,-0.003385581,-0.951563512,-1.814953216,-1.979255173,-2.139924354,-2.29450556,1.4383480078021311,0.2564872076436425,-0.216884523,0.8581894429118845,0.0327107342910483,1.6254256141300811,-0.319930008,-0.72540895,-1.685657369,-1.014554908,14871.02,1
364097,-0.17958216,0.1320789394961018,-0.659634185,1.214896847250247,-0.831947132,1.5125150335975497,0.7862317616967734,-0.609265828,-0.866961965,-0.328050584,-0.009433025,-0.488223931,0.6655296662999391,-0.664726487,-0.377345492,-0.339592345,-0.15163771,-0.131803426,0.6638763775681479,1.0355067108520737,-0.395862021,0.7181916645268638,1.433010854680985,-0.515035044,-2.511008341,0.1892817056526807,0.9693696247595996,0.307477665219025,7526.9,1
119192,-0.199906373,-0.133592381,1.238172198387332,-0.332073376,0.277328918808631,1.258606010181849,0.2906337936880943,0.0977669070624197,0.4692234596033692,0.5135690387656454,-0.507225141,0.6423339261937294,-0.61718014,1.054595161222853,3.3375996878151537,-0.011545872,0.8378051577010415,-0.433535431,-1.388409935,-0.41027397,-0.020335372,0.6343765565879274,0.3389748739784904,-1.670335637,-1.732261173,-1.029249,-0.040221116,0.3357489760126481,1717.5,0
148269,-0.035514396,-0.025403665,3.032140579671804,0.6773025129655955,0.3627714242264139,1.621951974314332,0.535493658153575,-0.408974704,-0.04136589,1.7963885278827747,-1.84180811,0.2296083485526143,1.8708549990081151,0.1831265931056789,2.148670341537712,0.9627922003586292,0.1796796979572459,1.1808375594078944,0.7237987364084383,0.1694547906307549,0.2132342188725232,0.4614693263261786,-0.471737764,-1.601129326,-0.079723045,1.0392685156381352,-0.783454736,-1.444249539,22247.09,0
529403,-0.274878103,0.0528646877040617,-0.392365253,-0.149298853,0.0021577580478878,-0.762198868,-0.063040337,-0.091379834,0.2347037594258258,-0.40711727,0.6347689739542767,-0.468761746,-0.769082902,-0.725659918,0.9998712444721636,-0.428675099,-0.348789676,-0.103364666,-0.356836758,-0.355302182,0.1144945721315728,0.1480469655366784,-0.608042283,0.0090875586876804,0.215680723638815,-1.71509431,-0.416660408,0.2139920207102184,18637.64,1
340730,-0.089786215,0.2470515831521049,-0.174058746,0.5844302514860761,-0.015572661,-0.023589226,-0.145661764,0.0600649405287528,-0.557085901,-0.383851943,0.2644073534676122,-0.714539828,-1.106971285,-0.735633254,-0.457608931,-0.382084582,-0.558407984,-0.294749843,-0.163429955,0.1208653000072376,0.0493292892257258,-0.455711377,-0.284283379,-0.76150634,0.8375557596022029,0.2145612882193726,0.3539439639381945,0.6121158550884656,5421.41,1
74041,-0.324933513,0.3017672459258837,-0.209237017,-0.604278986,1.364720842464057,2.568502246874967,-0.25115639,-1.061382102,-0.127315887,0.0365826054127088,-0.657219077,0.7097219638839192,-0.461036348,0.6270003688961261,1.3946973493050163,1.3108603221396251,0.8922014154667489,1.5448203322731298,-0.143410038,1.07114090903613,-0.864783155,0.3189185539021771,0.4333653634277969,1.7335451596656206,-0.136395375,-0.766250773,-0.020062091,0.2772167996189641,16257.17,0
188727,-0.142641755,-0.254450987,0.4880572195102448,-2.058189589,0.4360097306725207,-0.066886511,0.6231752304322806,-0.057052726,0.654593658601385,0.1571429907698963,-0.656800824,1.448625882116992,-0.170399226,0.8796563413833873,-2.118156034,0.6086349557840681,0.2407290765073666,0.3365016747326435,-0.554694654,-0.351931712,-0.030197231,0.5422241169980141,-0.324203977,-0.451672695,-0.174696894,1.5520289424478917,-0.034143599,0.1380814142016516,17984.55,0
9412,-0.158371235,-0.274087774,2.8622934735940397,-0.993736799,-0.065402995,0.45648793328282,0.5106771582905182,-0.125879904,1.8473761394406536,0.0909759069925496,-0.244555826,-0.295268398,0.9022292240779108,1.389411740081221,-0.788805308,0.39224242437068,0.8070328549011668,-0.010707267,-1.142537036,-0.373435425,-0.164994188,-0.159473512,-0.116503716,1.2725732682032094,-0.196853614,1.72767132872449,-0.395220134,-0.017636957,9463.42,0
183826,0.0074690966351324,-0.331742049,-0.01381244,-1.227091981,0.1295812691431203,-0.045292406,1.6697911838615906,-0.368217192,-0.390094787,0.903889992241457,-1.59186666,0.2534440828505598,0.170098116473066,0.995571659121434,-0.566672987,-0.439953671,0.482871862147466,0.9765996877249914,-0.427347359,-1.125614277,-0.133303131,0.6179008102017498,-0.437932646,0.0550544840296337,-0.403769497,1.8985752486873944,-0.295476139,0.1818559960327246,4520.42,0
545662,0.3999726143946713,-0.056439652,-0.11734557,0.2329145151539794,-0.123592062,0.1566173950614699,-0.214263998,0.0032740584474521,-0.144087459,-0.286084568,0.5370546697181171,-0.442302669,0.0294150364890453,-0.553613485,0.2489601191353021,-0.385406828,-0.678219538,-0.128894177,0.2245788793167896,0.2020929788590249,0.1136840235654418,0.2133684718747677,-0.313696672,-0.932700723,1.3125653810290543,-0.25107178,0.5181487900139506,0.5975419158083486,18580.83,1
519641,-0.032523842,-0.758389098,-0.182067873,0.3389480690790925,0.40192322682187,0.4040642219108714,0.9810599989789042,-0.147794202,0.0165953485149935,0.3618716520790209,-0.060077318,0.2754330781907435,-0.987267183,0.3001360140752094,0.1997931310535174,-0.068122534,0.7833362097512344,1.097237101593085,1.3469716158546696,0.9964447380851572,0.095264667074534,0.4452596619904146,1.2691550299972107,0.8864404496959494,-0.966024222,-0.767261003,-0.189048659,0.228249625102731,22973.81,1
261805,-0.103961264,-0.078309964,0.6329983458535537,-1.079917637,0.243167670695096,0.2935274567001546,0.5369000530754701,-0.048167536,0.6725845189899666,0.0909786595240805,-1.068449518,1.0105009628443244,1.1326891941939647,0.1530076929438728,0.3505164592478624,1.0463369044114272,0.5796050490363068,0.5861618222081166,-0.491646089,-0.137610932,-0.193754976,-0.59891372,0.0357702043982537,1.1768909564621144,-0.209552238,-0.701919736,-0.186059229,-0.007228602,6478.87,0
488887,-0.670342377,0.9993149643527596,-1.200554602,1.7968081182202718,-1.087789314,-1.218319558,-1.46139208,0.7161286098588625,-1.313304694,-1.681765374,2.0614088135598987,-1.941246866,0.1386688918326014,-1.770396214,0.1674298617668062,-2.01860439,-2.041750118,-1.912282471,1.9228963131691896,1.0963217314263327,0.7092262371479,0.6758101036257329,0.2190143217596351,0.001016332969111,-1.460078819,1.2398702388976914,2.0744055204686216,1.7147825623193025,7859.74,1
33866,0.9278715169416952,-0.39017155,0.4531115358865886,-0.136305001,0.2202245118487484,0.0599563174803434,0.558224044012148,-0.161780418,0.517102889588728,0.6273306211793995,-0.943091945,0.1669368193602249,-2.471721612,1.4683837860633515,1.432251302863553,0.3373223120152503,0.4678750024857028,-0.136542571,-0.662860683,-0.418845451,-0.227002675,-0.973119399,0.0874823564300246,-0.022333242,0.4629385642127656,-1.550003215,-0.25139048,-0.052649375,7901.7,0
248538,-0.074824652,-0.346992204,0.6558615008862803,-1.136718035,0.4457994081534595,0.7314114923257156,0.443972260223737,-0.129717549,1.0719513660516091,0.6971079536755155,-1.115945686,0.4835713623051507,-0.431663428,0.5549165339460275,-0.411527537,1.2054576489315936,0.0627463928545852,1.3491958623652178,0.0343765639293901,-0.445221305,-0.006685573,0.8639799063701923,-0.151496876,-2.142525883,-0.654608028,1.1394651793906827,-1.188417144,-1.038259359,3765.5,0
228372,-0.118144456,-1.06073348,0.4728818886049142,-0.875706312,1.2423255749430484,0.0060967418132118,0.1752728622639089,-0.071741564,1.1101352760213552,0.4447040805704199,-0.731600446,0.9232296720162704,-0.369888216,0.8866944643412774,-0.219487795,0.8653645447317917,0.0830974176810026,1.5684389938132146,-0.311015173,0.1355969169257568,0.1456629222369142,1.3100928675815424,0.6167494073522812,0.1504612448985364,-2.812840923,-2.497352005,0.190026555545426,0.8787022426201155,1390.75,0
356516,-0.504536694,0.4850783141934648,-0.710021904,0.5714056993375831,-0.613250498,0.0770667954951234,-0.415220605,0.2901461445866935,-0.860482637,-0.873296488,0.9250910753623408,-0.945994454,-0.100039066,-1.04100932,-0.46684506,-1.041749279,-1.086208059,-0.772085233,1.4670741681079889,0.4343513021342512,0.258130756538874,-0.083699195,0.0632822623659047,-1.210162558,0.1318837331019443,0.0660149397145228,0.9073428253468048,0.7146981251601696,15768.85,1
144355,-0.147952779,-0.087481674,1.4832321378898716,-1.27546654,0.0390873369306496,-0.317814577,0.5520848986710946,-0.080339426,0.3100184182179473,0.2483494684559468,-0.740789948,1.1166310379759867,0.8573490847033706,0.7747724268292405,0.3682313968742918,0.8904335298155787,0.3105731475587348,0.018353094927727,-0.951875868,-0.211905299,-0.108148773,-0.110168626,-0.017578961,1.665142483841412,-0.62135938,1.4440848919384923,-0.074191299,0.1833430913804798,4468.73,0
88517,0.620757812888478,-0.935876858,0.878565757338724,-0.532189068,-0.129249693,0.8263615342868317,0.2311982503286103,-0.059433496,1.3470721772146417,0.4484528428435153,-0.314376512,0.8489597258598789,-1.750508956,0.727410398771809,-0.575893661,0.4599482781658927,0.4949063648608626,0.1765239247837307,0.1703489321764486,0.0988657590906149,-0.127288982,-0.493716118,-0.144749773,-0.434036103,-0.187826895,1.9078456179318832,-0.322521135,-0.02046717,21377.93,0
560075,-0.171926499,-0.029620207,0.217136878205842,-0.127130013,1.365735070487775,-0.875348986,0.7677659056826276,-0.207098549,0.5235904434862064,-0.214540074,-0.112487522,-0.019208458,-0.547080747,-0.655195024,-0.663403717,1.6585663785426794,2.6089767722691835,2.052502930299565,-1.783332855,-0.318710914,-0.258663559,-0.793140869,-0.397084838,0.5027806245632911,0.7037092865336563,-1.416318752,-0.339113818,-0.015606743,9848.22,1
455252,-1.596608546,0.8136237602337433,-1.684196779,2.0009210997537283,-1.830020742,0.4100977306942028,-1.943281429,-0.284912479,-1.619488983,-1.864369826,1.917226456588252,-1.700534772,1.127609137185596,-1.28107771,0.1033828122632325,-1.737745577,-1.931948709,-1.949023676,1.3985342174738318,-0.250474894,-0.825301258,1.4913125921751529,1.360902278202854,-0.72842217,-2.396956681,0.2675777990206051,1.4341531782793973,-4.158622348,22040.48,1
34699,-0.192759024,-0.534014176,1.797146483265997,-0.782710274,0.7012473516098957,-0.114698457,0.5676372915809481,-0.195041121,0.4441438841825615,0.410435846894638,-1.329327077,0.4292802385621528,0.231821343996276,0.5944747218061338,0.7499638280572921,0.8632323221701593,0.1692145713678107,0.5145025829529958,-0.812340842,0.1428784761567364,-0.009151698,0.444936519319007,-0.167536456,-0.113026502,0.2163414851490641,0.7611865866541658,-0.413661771,-0.355984766,9081.79,0
466343,-0.09581423,0.0226762381645906,0.2736786069660548,0.3090697209129946,0.1532266713263103,0.8334152802819412,0.0800765324854375,-0.112318004,-0.058171585,0.3508945829739347,0.5336468932061083,-0.246025202,-0.209868904,-0.425349316,-0.321304177,-0.448843351,-0.346666661,-0.524208311,0.007779117320807,0.2123543185932407,0.0332832526878982,0.2933418827685238,-0.185106334,-0.915351242,-0.130814612,1.486691351452604,-0.720195558,-0.503793998,23852.26,1
210972,0.3280956811433826,-0.101106107,0.0217755396773772,-0.392367747,1.015683910411715,0.0106856525639689,1.1156621309049182,-0.211997737,0.2575088382806729,0.2464491125124572,-1.470666521,0.3286073261024351,-0.486358846,0.2528858491142555,-0.880298655,0.4506817085317939,0.7050951137510937,0.6053208025905125,-0.666321219,-0.272228889,-0.078094952,0.1684678802874266,-0.101187491,0.6985842913018141,-0.102795092,-1.630318113,-0.152790925,0.1051411576625565,12076.76,0
423860,-0.085820757,-0.041492315,1.4759240797237068,0.0183965544698406,0.5714046978005171,0.1661934092914929,0.687841331664278,-0.146284103,0.1317120291997491,0.4615358486343942,-0.458006309,0.0353752102134514,0.1345884040072718,0.5580836630719127,-0.076849311,1.094365010555702,0.5999898220931935,0.1803411784391696,-2.414104739,-0.472621166,-0.104735268,-0.078003319,-0.0758396,0.554686136942298,-0.75550946,-0.706016515,-0.249183756,0.1869805512658095,18189.03,1
271007,-0.084424757,-0.203396068,1.0661854045865693,0.3851600947314461,0.4226638847795673,0.7776381973430846,1.191891283790372,-0.172946698,-0.40404747,0.8009685757006921,-1.411833771,0.6565649934463861,1.3363553362811338,0.5753521708198021,-1.338671409,1.0158052474469244,0.1839915438725123,0.2962477811493512,-2.175545071,0.246049281231685,0.1394747729069084,1.3886701511439137,0.3039980559059441,2.6364917627098605,-0.319388469,0.2232633097329426,-0.138716544,0.4433545930969414,6546.27,0
380249,-1.019139934,0.7955193578146712,-1.145505618,1.4284279046326918,-0.72546119,-0.947320186,-0.963173795,0.7671862631643793,-1.255496811,-1.116163523,1.5510396537039173,-1.329495326,1.843019057617961,-1.36227676,-0.367828739,-1.07522215,-1.161493772,-0.830810197,0.8222563474969627,0.1152989592934188,0.3374202541689366,-0.102675542,0.1734852807372026,-0.801232244,-0.027399729,1.3694549922664967,0.1200624739523277,-1.658821293,23678.66,1
319045,-1.46461665,1.4884094982661695,-1.481950976,0.7565847956989085,-1.477821477,-1.774503288,-1.155554636,1.7769469041924617,-0.614719372,-0.876590237,0.4941330289853571,-0.922804738,-0.444665175,-0.910362784,1.0572370905563575,-0.834057342,-0.811744436,-0.793103258,0.2310105335113402,0.6680944163574323,0.2558345780769228,-0.819649994,-0.181697913,-0.032034294,0.8828827250160787,-0.617288348,1.29578600519468,0.4327616690845645,21491.31,1
150200,1.7575419465962976,-0.559330224,0.0973398648354583,-0.586318249,0.127114103296388,-0.311539271,0.4303501120955844,-0.236118912,2.1778936032123792,0.4413302853443402,-0.601069358,-0.338163072,0.5857794816561509,2.225961340380735,-0.803771256,0.3765048748090321,0.7021055374740788,-0.052444464,-0.020207128,-0.40543067,-0.286033962,-0.919074423,0.3243431056794119,0.0470981523825381,-0.835197659,1.8695274371093291,-0.422983031,-0.282581356,519.98,0
482722,-2.459141149,3.326970220195924,-2.476250874,1.7858636066810814,-2.82898223,-0.276047953,-3.424997662,-2.207019732,-2.787200935,-2.926960643,0.9936592720641512,-1.424400036,-0.644954887,-0.435814301,-2.259985593,-1.325535755,-1.422966663,-1.608957157,-0.719431495,2.477712383634667,-4.328204022,3.653956365194997,0.930769460064368,0.542945988898742,-1.236160934,-2.571823792,-4.947034458,-3.337477789,18734.23,1
266349,1.7115338673783516,-0.511099096,0.2023747603766658,0.0030573151812751,0.1481616207335356,0.2305470226856707,0.3901527866576877,-0.15917934,1.4665147375599716,0.6162059743320594,-2.157835459,0.5657553254791612,-1.695890443,0.7210865135193774,-1.577224646,0.0981981857286206,0.5079394287529585,-0.065548396,0.0910809782815128,-0.591283798,-0.253871596,-0.668988894,0.2219479654701641,-0.301390317,-0.032502498,-2.098258416,-0.202529554,-0.218580596,17312.01,0
211147,-0.847201564,0.537565426044919,-0.344142001,-1.206613411,-0.126083996,0.289250087436057,0.1289872118195662,0.4528529006479762,0.6121254275326307,0.3284269330619973,-0.739515127,1.8669342924641057,0.1945624337462816,0.6703759660865362,-1.253045133,1.2018499544458052,1.051801135998742,1.107760666081408,0.0968952967799897,-0.436522479,-0.111285748,-0.580909857,-0.034091285,0.164054042026682,0.6651225246767263,-0.345549821,-1.160245761,0.2298268242260314,598.2,0
221338,0.144151785284004,-1.005320383,0.5757547069572095,-1.609965094,0.4184181951066575,-0.072154729,0.1450252646156138,-0.163841373,-0.454739743,1.3121542066142438,-1.59616345,0.0969960853202348,0.6056175132831724,0.5267866592289272,-0.067061108,-0.05016222,0.7441524097843397,0.4289058479680386,0.436586063899205,-0.156637014,-0.07088458,0.4049477377838281,0.3505312146138701,1.2744039358537442,-2.065159951,-0.495767328,0.0940874843837001,0.6177449685383234,19104.57,0
178457,1.9842612455866144,-0.699733262,-0.020380458,-1.172962697,0.135148832302831,-0.073181528,0.3080803161820838,-0.218630444,0.2101553528376999,1.0341709054715922,-1.085216412,0.2302072170392363,0.1028067439234735,0.7324904953364835,0.4695739855890616,1.1411723332073145,0.4992208042270796,-0.351904326,0.1103707596308614,-0.188672469,0.0638401646355719,1.1573259249415788,0.0028073832771016,1.5780758003355209,0.2603658392036537,0.1102756771628604,-0.28513516,-0.246402264,5149.63,0
285351,-1.727820956,1.4900998077968797,-1.811265142,1.912770818233822,-2.056269207,-2.036619869,-1.91943504,2.3504180376636814,-1.746942227,-1.975064509,1.4362210055786198,-1.756211056,0.8961995370702346,-1.459439119,-1.86347641,-1.731556594,-1.968715225,-2.012205951,0.3985502767876848,-1.554785573,0.8871947659581606,-0.392973874,-0.38266343,1.0648182737556235,-0.757354512,-0.262798788,-2.153648965,-1.828649743,21790.52,1
179806,0.0781085948687521,-0.886776745,0.6173919102148813,-2.040845379,0.5820019560499586,0.1979933945753549,0.2378110123808506,-0.17395253,-0.557642483,1.1057060046341587,-1.866904107,0.3284628701678617,2.151857296486225,0.3686371712109724,-0.497794994,0.0815323974888375,0.5457886395728818,0.3749122565608149,0.1440587719981519,-0.114457641,-0.102170077,0.2385197592477025,0.0842197204132457,0.1352557747773108,-1.032130301,-0.445592448,0.0057303505523721,0.4552802210608707,6690.04,0
126819,1.0001880547540918,-0.877767943,0.8543559880409805,-0.936689406,-0.185433176,0.474921833638928,0.123942890682795,-0.13755131,0.517375584084243,0.821712299624284,-1.727397372,0.1230461148227536,-0.108073206,0.4183106192150436,0.534672924174617,1.746401987449904,0.4554183754836386,-0.056901186,0.3989704684589039,0.1196068035105397,0.0192697360315695,0.6369763259465935,-0.315898133,-0.70297603,0.7667898561414704,0.0064768141722637,-0.209198288,-0.017126237,10421.31,0
364961,0.227535633487651,-0.093982087,1.3196360032709558,0.415440117085617,0.1354518540142475,1.214086827761223,0.0338793752438136,-0.629454012,-0.138881768,0.7336576294010683,-0.65290932,0.5991347074649831,-0.633739618,1.230474599438418,1.2788944735044627,0.5708804208477993,0.5120990106938292,0.3812286515528073,0.0222993607895558,0.5192369004379644,-0.6066783,0.5909042142610069,-0.07993906,-0.534483225,0.817415615847802,0.8248494330553725,-0.082185902,0.4830702292796719,18801.97,1
269007,1.3350666392193755,-0.900574619,0.3197000927465549,-0.488936882,0.0687224414149265,1.1066738225147006,0.1555528119175883,-0.083563009,1.2932821709462474,0.6171783252130452,-0.626238672,1.81890396200246,1.747441472231103,0.4492452504440156,0.1975251089944391,1.5656817829598686,0.053612233807173,1.30664868517443,-0.159922328,0.2287317118955844,0.0280941748434024,0.6063623161562137,-0.094305352,-0.462110284,-0.729726754,0.7027431685665689,-0.254451126,-0.113267418,6874.64,0
302805,-0.682680411,-0.871794029,-0.034724173,0.1559098100559345,-0.56914086,0.8914712543352459,-0.038841025,-0.732280118,0.2296041371421927,-0.179201659,-0.792567208,0.170787714273865,-0.068744694,-0.087246947,0.0092473132089791,0.5267266863116813,0.4444348425389568,0.1891159041409976,0.2992254269196276,0.3283138120462806,-0.715705633,0.8191575994854943,-0.889836875,0.576726360706677,0.3516436926429943,-0.160430756,0.0433946791917715,-0.551792182,4317.62,1
236943,-0.238743847,-0.765506089,1.1929000927217162,-1.665391641,0.1076237578880007,0.8541951732581075,0.2159919514834236,0.0379880745784758,0.0647639295744418,0.4053810945274193,-0.669920393,0.932149882428428,0.7519746540366561,0.4143881001318262,-1.932938239,1.4761773601420063,0.5069801627347287,-0.141077178,0.7333273531691847,0.2749700661080678,-0.019852085,0.1033029584761838,0.1126462061198133,0.4999630632778971,-0.316955347,-0.960235306,-0.238839437,-0.158961258,23547.86,0
505846,-0.172178974,0.234978346924059,0.164500464122949,0.7128026919313931,-0.03856735,0.1715745246104502,-0.125201028,-0.17276958,-0.347850121,-0.313670687,0.2333388037492175,-0.638001944,-0.770425863,-0.842664538,-0.728424242,-0.546468875,-0.372003802,-0.299612929,0.3402235989384556,0.1887547484906961,0.2643109608814291,-0.234613307,-0.238810288,0.3829332728804251,0.0543925609562244,0.4319821087266551,0.547538634458441,0.5065417561473498,13460.9,1
471760,-1.536692843,0.841869495616184,-1.622799875,1.9740849362391624,-1.782249395,0.2205819656641397,-1.866736098,-0.126450923,-1.620294142,-1.832710029,1.8748797702793008,-1.736156212,0.9577497279430184,-1.29900512,-0.238095651,-1.785838336,-1.989005984,-2.016861668,1.3900253366563282,-0.249884804,-0.587668773,1.1960692250828064,1.2169908833317469,-0.446368249,-2.237684344,0.1488285633495683,1.4229002592706133,-3.478143555,20352.02,1
566991,-1.649547242,1.619488706440212,-1.792170977,1.4269710284893449,-1.81437917,-2.119043702,-2.02281085,0.6314246273469539,-1.286285391,-2.324050623,1.6840498541840143,-1.819210706,-0.206656073,-1.67609047,-1.535029155,-1.881309437,-1.741793108,-1.671142174,1.47073871600493,0.0702860448153395,0.1367369604717924,1.3109603801093073,-0.767554071,0.8084617261525331,-1.931250754,-1.065601466,-0.991282609,0.214524846026191,15355.36,1
160586,-0.067452077,-0.339202153,0.6353893814065867,-0.622244502,0.9844040964015388,0.0770014856838209,0.9498851599304398,-0.270015561,0.3506329327775175,0.4644892306273765,-0.0767752,0.3860592260823774,-0.713331411,0.2819307710442065,0.8589351436673861,0.4092984708905984,0.5506965788426151,1.5685481814487274,0.6429568853605707,-0.091722464,-0.043264945,0.9122760625706122,-0.084302419,-0.930616347,0.4523536782610166,0.1374749340787573,-0.502820386,-0.986712806,8134.86,0
480104,-0.281023758,0.1405212379321144,-0.030177065,0.2329415738555615,-0.05505878,-0.214903128,-0.148831891,0.0759456535438744,-0.374615601,-0.34187377,0.4075581071434343,-0.59947478,-1.405213382,-0.480446145,0.0795025785922122,-0.501316431,-0.580135651,-0.21645749,0.4732000054396549,0.0096036906332804,0.1137454895986424,0.0535394637205948,-0.150327569,-0.125411269,-0.010859052,-0.528756893,0.2846342236323384,0.4554846549825346,2416,1
297065,-0.659739215,0.7400274591053969,-1.060377995,1.424565552095829,-0.50240788,-0.129463583,-0.640188681,0.4989765380983014,-0.925952385,-1.029595048,1.2750408029688711,-1.424436934,0.9211491850618424,-1.170013254,-0.743784477,-1.084501739,-0.819745454,-0.503001116,1.5595662489402249,0.5459712865530416,0.2730518859271744,-0.368956964,-0.066192741,-0.666861914,0.1936149130153518,0.973200952524468,0.1149959476706685,0.221634478569952,22908.57,1
228923,1.82120365374099,-1.331927809,0.888378903939713,-1.277032467,-0.4661986,1.0716579136402542,-0.23409343,-0.01788976,0.7825693257388673,1.3225234068516316,-0.84686567,0.5755584220305049,-0.480550909,0.1146621545116254,-2.359121544,0.1750877863456253,0.7350595115070931,0.991525076009129,0.1341313203207868,-0.620970849,-0.112330293,0.6668939123456433,0.2069327922840537,1.6907562900567592,-0.725634108,-0.058077644,-0.118205482,-0.170544629,1817.17,0
388577,-0.20943603,0.5738347276775954,-0.796571435,0.970901893083666,-0.309590019,-0.86713029,-0.691498128,0.1323592564521103,-1.239349852,-1.16236408,1.6201380663119584,-1.352501647,0.2347692639389718,-1.535869425,-0.81600812,-1.25218229,-1.424946819,-1.164976543,0.3284534389973775,0.901202696772224,0.3108410118608311,-0.263735454,-0.388791998,-0.700919291,1.242293200586087,1.8813605485309643,1.514955908344536,1.3756252767356272,14606.05,1
435234,-1.821884652,1.4649386004355045,-1.945385611,2.295705272145689,-1.236928611,-1.37429615,-2.081798634,-0.258683598,-2.000399584,-1.950060619,2.212775273542125,-1.752760472,0.5232693321203425,-1.73305126,-0.358392672,-1.551164005,-1.423639811,-1.479628483,0.3087082580628522,0.8651836798370893,-1.162628858,0.6297151708379637,-1.237981851,-1.523737223,-0.102322729,1.4526292451660716,3.5989916129408748,-3.020758048,23122.86,1
547414,0.4129766016959911,-0.497256789,0.5819994988396645,-0.726286601,0.2165467619220844,0.9036879244604687,0.1404073394798865,-0.347248491,0.3930340384090482,0.5375690008682895,-0.551389635,0.9488015251895402,0.4039761201820187,0.4321305913711344,-0.602815486,0.7569555290244796,0.5690484848108458,0.375972301929148,1.1748168476199077,0.2355096585470306,-0.286913143,0.5312961069935613,-0.241681704,-1.59454879,0.4126783560914145,1.6632844029603846,-0.284192357,0.0503029826453477,2966.35,1
246721,-0.005272222,-0.197134489,0.6962496202178339,-1.072449044,0.6297526102921427,0.4221758261786533,0.8468270982231157,-0.174313897,0.6407695756825763,0.6591594871195346,-0.363360311,0.8150125314350317,-0.883617014,0.6872470429427823,-1.586036271,0.2046831434169243,0.3161336630815647,0.364390067447075,-0.041277952,0.0165427176517131,-0.04624957,0.8475296413463019,-0.344302906,1.6839999018631728,-0.163832256,1.2673193067887216,0.0976673469157547,0.0402559287934527,20498.3,0
108241,-0.224706023,-0.004823714,0.297061647239318,-0.156972665,0.1801130259377079,0.6142645460075644,0.5153555753472587,0.0599342682331006,0.2561858873282511,0.556589572203176,-1.964144263,0.508765959934191,-0.346186007,1.286379667200812,0.5996815507834569,0.1448766069524105,0.6366494685223866,0.2038275762598899,0.4571559762176514,-0.175063607,-0.068546317,0.3349753067673584,-0.101481046,-1.262698359,-0.566219919,-0.38425443,0.2636102181421103,0.1545235983128662,11835.38,0
200199,-0.237429753,-0.634545616,1.30581586801219,-0.586128094,0.0874834219443915,0.7164119324556805,0.9462007545834744,-0.154760475,0.4622130462091046,0.2271746826971671,-1.849500598,0.3505862295080484,0.3676029040947832,0.6846155650075397,1.819805318465018,0.5175832303305657,0.2803205491392005,1.109757968556357,0.5739697820592897,0.751857620608716,0.0540158096028785,0.4922911694913365,0.2769755058773419,-1.212798028,1.2008276871236188,0.2264628516702774,-0.279940118,0.1396700597188627,16106.59,0
187048,1.3131912458514023,-1.104343331,0.0583426354768377,-0.776430624,-0.071109686,0.2930375593504582,0.3421783083971499,-0.189419571,0.2090623521260672,1.04271055990756,-0.421304829,1.1760546539216563,0.6106726306717895,0.7848614817479025,-0.609270988,-0.034311295,0.2881444489664931,1.684823451199713,-0.616827406,-0.143176506,-0.188728049,-0.632649127,-0.022023499,-0.671202438,-0.8201377,1.046124951434778,-0.342841261,-0.137259166,22747.64,0
445642,-1.354947957,1.1170325107791603,-1.496766445,1.569635506376386,-1.627948179,-1.895583865,-1.651100479,1.402136308010557,-1.517236431,-1.979547481,1.698546575091599,-1.781207264,0.4376934981695493,-1.695317661,-0.334507577,-1.999951783,-2.027394037,-2.00487502,2.198139818750516,-0.282055304,0.771464004278553,0.072979636333449,-0.497309762,1.030337765938696,0.5673157719552268,0.0628633651973653,-0.463229514,-0.624506424,1121.32,1
257165,0.2040592517781802,-0.53058648,0.7051965798832056,-1.974503817,0.3863757532889855,0.8041527036333295,0.3780907563782231,-0.185501013,0.2197692063618161,0.98062437861199,-0.496846674,0.5887082484010564,1.1659841894250085,0.2882560381870804,-0.903155444,1.7420094114747096,0.2371352056536447,0.0435492909717921,0.4402597934653425,-0.095166972,0.0409991166723307,1.0908671799075529,-0.285612839,-0.240750162,-0.579581942,-0.516137403,-0.755044855,-0.615732596,21711.5,0
65385,1.059232974974776,-0.658118767,0.5211713786161248,-1.027357636,-0.028353481,0.0648603449233086,0.3385236137654592,-0.172822918,-0.116577657,1.009222730431811,-0.135652498,0.7296134691934952,-0.36497844,1.0617284892374907,0.2357939249895947,0.0248229914976002,0.3387013762126661,1.167697775417997,-0.290453011,-0.576734587,-0.450547315,-1.853949889,0.2650471712435292,-0.081064143,-0.38282778,1.0934023639031467,-0.334496255,-0.081551909,20096.49,0
256818,0.0275634167801861,-0.244181757,0.7506167568838729,-1.229060767,0.6184303235614839,-0.158098175,0.818125998515018,-0.172102665,0.3208501469399517,0.3258774904147717,-0.241139146,0.8207390188129761,-0.871224295,1.1621346714446388,-0.656140303,0.5566594922233138,0.1770706951285736,0.7299073943457449,-0.877404488,-0.421045408,0.0657368563332736,1.1334659283311597,-0.336996705,0.095488154670851,-0.24464099,-0.681337464,-0.080499397,0.2921731183071736,17651,0
207370,1.8135145307326208,-0.924715334,0.3713118002208314,-1.107015801,-0.16338316,0.399887937326055,0.0590609607706336,-0.148609554,0.7874951150650764,0.9205512569337438,-1.765994543,0.314082889729868,0.7638461149224532,0.3544959343879166,0.5810347722116741,2.056255881621585,0.345214994696984,-0.097852339,0.279210231810766,-0.031874771,-0.005398083,0.6052290596620389,0.0979120639431981,-1.163104421,-0.659705152,-0.445536628,-0.202862748,-0.176845474,15068,0
41490,0.917180600276188,-0.798822348,1.7422282547791392,-0.181666754,-0.269131924,1.0331760915142398,0.0248978274165483,-0.052939359,0.9081424886649015,0.7631714537970622,-1.76427474,1.1361636303811056,0.3082677581267314,0.2027039079336216,-1.510790262,-0.430689139,0.7654607756914613,0.8223133220196477,-1.077742555,-0.734291812,-0.261076085,-0.176936677,-0.032456744,0.2125781347945499,0.5294736944880722,-0.454281658,-0.064298834,0.0086950463767511,12563,0
275545,-0.180254501,0.1071670068035809,-0.329763837,-0.592346236,0.4750928061804538,-0.786639586,0.7795836442729194,-0.020826058,-0.029729796,0.1283828824343832,-1.492321776,0.6816180584077749,-0.072961762,0.9845951347197852,-0.346409181,0.2557083001304695,0.9892656379439272,0.5771908105527006,-0.037153568,-0.72331449,0.0806531208679331,1.031339896831634,-0.216482226,-0.214259118,0.3985882122443006,0.1484228700325019,-0.786356359,-0.631689307,6900.54,0
521629,-0.647670239,0.6998812260225481,-0.613297203,1.0099451461375388,-0.596271103,0.2002363749257816,-0.620650679,-0.019792709,-0.995389685,-0.732087056,0.8565061698574783,-1.098216608,-0.492998367,-1.091921145,0.7114838348854563,-1.312126612,-1.133586502,-1.405893378,0.7881476723537083,0.0476157322211627,0.6896541090527377,-0.284419368,0.326551158688816,-0.275915368,-0.696625645,0.3560337663164183,0.651052320598011,0.5224141949743407,12206.97,1
393426,-0.554402986,0.5436397946647293,-0.255287627,0.595365125859829,-0.145945214,1.4210542355781324,-0.820155144,-1.547115779,0.0660895661524421,-0.671810859,0.405485574113561,-0.86348134,1.3193863158123462,-0.395447302,-1.309080878,-0.378355543,-0.347120002,0.1899041609734555,0.100850607759422,1.891725379190906,-1.379222203,1.6998752825246932,0.3129036763614023,-0.772942833,-0.418879861,0.3764569947853645,-0.005754992,0.1874926955309204,1250.8,1
368988,-0.545488812,0.4793793690890541,-0.580719225,1.1626009927734493,-0.619687602,-0.274676019,-0.855310999,0.3487365524387199,-1.170722383,-0.834522609,0.9528889085324368,-1.223685071,1.9530344042639876,-1.024052171,-0.06453345,-1.415929361,-1.598211954,-1.466572933,1.267359463120023,0.5680706154573479,0.4704647536568515,0.975671271660292,-0.290983531,0.0078733334860532,-0.933712708,0.5837823278267749,1.072325228927777,0.4512667269509403,20148.32,1
406026,-1.437351041,1.280560495148949,-1.668643679,1.6840798645472237,-1.719516416,-2.252623057,-1.74670209,1.603045997617502,-1.170231466,-2.116149867,1.81604275035192,-1.877762487,0.1743477446359174,-1.772720515,-0.61674067,-1.982058725,-1.781520729,-1.739893831,2.4688174051444816,-0.57723178,0.8025223368261196,0.0758887138690758,-0.879186589,0.8566079751281844,0.1422902955650778,-0.005042878,-1.203279391,-0.61255174,21810.54,1
391757,-1.546079769,1.5727499465412544,-1.540945676,0.7682072862300448,-1.570617683,-1.830618618,-1.215749635,1.9574535477863075,-0.598732428,-0.858114679,0.4405020083684668,-0.888008003,-0.332443321,-0.860390246,1.0436096339603869,-0.797844515,-0.783125452,-0.785204279,0.1812439699025207,0.6854304758529088,0.2588051367396892,-0.892984769,-0.29729868,-0.015600549,0.9894727844075656,-0.619041031,1.2441392964860376,0.4130905909224535,3856.65,1
54006,0.914681890319059,-0.381065505,0.7668548519716867,-0.048382139,0.1469749250948464,0.2667154257252927,0.4796852260631137,-0.168006575,0.6171961239608471,0.5375899444075465,-0.711467874,1.3668988145785044,0.3578370629973045,0.7006229866044608,-0.225206574,0.0556002978411474,0.5673582331967152,-0.277860257,-0.657583859,-0.30035635,-0.128749043,-0.012997152,-0.068674388,0.8950454230825762,0.9703301324916334,-0.804754362,-0.191990033,-0.04326319,3497.54,0
132791,-0.145986119,-0.138314501,1.0675372889269026,-0.666934912,0.2685056688859641,0.523267942365516,0.4770419766758083,0.0027223903846165,0.311225376069147,0.4020599683816001,-0.696271932,0.8588343030640773,-0.670423253,0.960263126870821,-1.067796111,0.5756776337497339,0.3534144103973088,0.5764153268930231,0.5888512553199002,-0.157181055,-0.161996076,-0.392733378,-0.22290731,-0.834157501,0.0198689762964129,0.6187979877088746,-0.018988312,0.0838724030431402,10746.44,0
181730,-0.197904289,-0.370760018,0.5216829071070739,-1.852943829,0.3696173870343528,-0.464626147,0.5613314652165706,-0.06473135,1.0028105515149557,0.1228176153967227,-2.017977432,0.3699711594895499,-1.837390082,0.996342402168504,-1.332384165,0.4310030658811856,0.3900564905289809,0.0476430953226281,-1.000559901,-0.406354199,-0.036852114,0.3588392174821989,-0.246546224,0.1098759294210675,-0.31895869,1.558994374794142,-0.032047534,0.0556586371301236,1825.26,0
472963,-0.175894741,-0.314595831,0.1396760559233273,-0.043122621,0.0584379370919093,0.4847217928807564,0.1910047246860608,-0.167752581,0.6251192160285706,0.0616123162590899,-0.286069624,-0.260204353,-0.035645309,-0.46681715,1.1327587769142018,-0.240509079,-0.079318978,-0.239371445,0.368890779582213,-0.215425167,-0.094043281,-0.159258535,0.01379287358734,-1.177985823,0.0989981522968356,0.9435888991595496,-0.867874943,1.0493647525609693,3840.03,1
392939,0.3499088265149473,-0.417735311,0.1976186405685198,0.3437049346499952,0.9108862236689172,0.1605387865155943,0.4877854299799681,-0.199517968,-0.215725947,1.5047195797288828,-1.379438783,0.2722868311787926,0.3154870282048143,0.837879222291164,0.2033619629789379,0.22918995220475,0.6151983058103729,0.0700681058735142,1.175957877050695,0.0795592505628093,0.0195941574364251,0.8793135357801335,0.2819972398414371,1.800968286758246,-1.917700334,4.481217721334864,-0.46450053,0.2900749744072006,3271.52,1
528318,-1.487288862,1.2107554660854831,-1.530596061,1.476062316816103,-1.586002792,-2.290373854,-1.87361407,1.117094723276542,-1.67618269,-2.01056747,1.654774923331847,-1.768449023,0.5585335209904037,-1.535598636,0.3497035894565137,-1.926315299,-2.066834816,-1.978359635,1.7552480404773751,-0.108605737,0.6083753480099897,0.658637892408408,-1.03156256,1.2147780699601003,-1.643341433,-0.24835455,-0.446303851,-0.079399033,21681.56,1
369534,-0.51770161,-0.475623908,-0.479047861,0.2435636899187014,-0.559393296,0.6583557811326112,0.3045789173803415,0.0954018463349524,-0.529642165,-0.660141533,0.5940160047865773,-0.655323437,-0.229575246,-0.612162181,1.4010816500959142,-0.860457758,-0.601351803,-0.694612825,0.4759576205945874,1.820138361336731,0.3577085426568088,0.4959743222942017,1.6553688047154134,-1.199951965,0.3867900320221208,0.9908525542407046,0.2970751810764136,0.4745352753778176,20607.04,1
353915,-0.662833101,0.4620900678789618,-0.193764707,0.7214850370624964,-0.221944668,0.624956354868091,0.0605762473492594,-0.596799908,1.5425365237038515,0.4648560833147326,0.7632662097163149,-1.09736078,0.9904831855578377,-0.85178389,-0.996238387,-0.639448911,-0.52912787,-0.387335001,-0.260329332,-0.272982893,0.4193760899236871,-0.251566576,0.2020841164075574,0.4282550276341398,-0.650546338,-0.467564194,-2.046678395,-1.057075152,22416.87,1
178396,0.2674549698925213,-0.195167548,0.1981780190248578,-0.724191647,0.265336690972814,-0.202965672,0.7693948884210496,-0.134554315,0.2766511785199583,0.3629190651912449,-1.321857805,0.9034178742831814,0.3947404541045589,1.0414707670840888,-0.351993619,0.2858240482447789,0.4454269060394265,-0.102787891,0.0092932644767057,-0.299680313,-0.100350997,-0.111962236,0.265455416235018,0.0670206195939461,-1.043705185,0.9313575681953944,-0.429000823,-0.296915484,4219.28,0
119802,-0.434947698,-3.239712514,-0.126163832,-0.204984438,-0.523933597,0.2278574561757299,1.4219497483811414,-0.313123236,-0.001091823,0.5135972507717971,-1.181122107,0.4868966971668254,0.0617099471341744,1.0330890284042793,0.2267170397832276,-0.196714384,0.5822902166474585,1.1595282795766504,-1.160761588,2.791044161426565,0.1477877902935388,-1.457922107,-1.522635086,1.119694902755224,-0.483320355,1.807232019199676,-0.676524546,0.6552376297766586,5922.46,0
220923,1.887246285049829,-0.746983674,0.3015085041874058,-1.012224222,-0.071863502,0.064041886005848,0.2045949180228879,-0.196852884,0.4653973989844334,0.8832776954335395,-1.052449683,0.9819001061560708,1.5835433404196122,0.3544265317514505,-0.634590284,1.08283117924343,0.5586680587811345,-0.650315027,0.4868448776657209,-0.12175078,-0.181176929,-0.405000522,0.3958192753968442,-0.115359473,-0.781566782,-1.429239564,-0.214424439,-0.198224329,17522.35,0
233735,1.8768773928412024,-0.855712803,0.146266265871738,-1.385832948,-0.130263312,-0.171132009,0.2171883212417064,-0.199799332,0.7792512220558684,0.797079003938827,-1.437672734,0.4868636841166804,-0.368494742,0.7440337443241044,0.6545603134370677,-0.239033961,0.4618997210141517,1.1437182784944375,-0.604475267,-0.793785382,-0.250738041,-0.438233765,0.2621609021832066,-0.123963082,-0.722360176,1.2968738147143886,-0.282362367,-0.231961788,18954.18,0
252053,-0.081826405,-0.286532217,1.98650047899332,-0.74292279,0.3309969899813953,0.7875702492233099,0.6027289958163605,-0.136850791,0.5279025533760855,0.4549935604272596,-0.148082732,0.7651199709393083,-0.63800453,0.7063248571803458,0.6093594671243573,0.3625406378150055,0.3169452061155471,0.7605370022232424,0.8325466930230431,-0.037689249,-0.169872575,-0.367109586,-0.177307732,1.4191650415942674,0.1648104466324794,-0.983725187,-0.4596994,-0.440888169,20174.74,0
321491,-1.579871085,1.0922276247845937,-1.7633412,1.851486372761272,-1.849483638,-0.784367665,-1.87154915,0.4702701801142026,-1.526359227,-2.002610291,1.9129905960718976,-1.771467903,0.8747319535761089,-1.48029004,0.4845791821062519,-1.822494852,-1.82045547,-1.793304867,1.9808202089420943,-0.599465441,-0.057427326,1.208699837998797,0.205346359816682,-0.130495926,-1.17021598,0.7130625182421534,-0.230611814,-3.118012064,1691.24,1
368143,-0.222990838,0.5024310747521619,-0.900398377,0.4387631837154421,-0.400655204,-0.813341761,-0.300740037,0.210480037303436,-0.675794624,-0.665662477,0.3123996675419557,-0.867860906,-0.386038053,-0.719166565,0.6420937019214921,-1.081158263,-0.823292439,-0.811184052,1.4774661908893534,0.0502687835618488,0.3207493485662712,0.8768851506057643,0.1068372785265546,0.3368175438435809,-0.66175982,0.2453547672302504,0.2173082684653232,0.2185593400590876,7276.04,1
238121,0.140791398773865,-0.149431629,0.5049123123175364,-0.687133608,0.7281236760496904,-0.319019937,0.9690395758019184,-0.27135329,0.533448314307729,0.2901518419929431,-0.917807996,0.599083774599661,0.1608197868099453,0.2114044388583005,0.0579379799190443,0.3077340240619106,0.6600850424796013,0.3457862941545252,0.0787825343845864,-0.174327906,-0.188661027,-0.361668749,0.0008971932850272,-0.11245487,-1.443594919,-1.756856965,-0.317448812,0.0511542284936682,5455.77,0
190541,1.8432875238818376,-0.252522488,-0.382122393,-0.324573577,0.8051968054639574,-0.500324131,0.7115189476898292,-0.236480747,0.6408931587696112,0.2361022242005651,-0.72785624,0.1238474705850628,-1.556530526,-0.05121042,0.1829098213390464,0.7008531502489196,1.5026571802871518,0.8096442224045808,-0.518314578,-0.389668623,-0.136693994,-0.126892316,-0.049694492,0.9914963495182408,0.4906442297575566,1.4309223917198943,-0.335807018,-0.140841306,20761.72,0
513306,-2.047215235,2.719059143001304,-2.022748295,2.293031896265021,-2.443112298,0.563474221867902,-2.967069921,-1.621155466,-2.6036125,-2.357076961,1.0545585035459506,-1.613603696,-0.467677434,-0.661400883,-2.369173967,-1.712525089,-1.78620785,-2.001371117,1.3479189847365485,2.4335901021351827,-2.933128167,2.8881372996756838,2.515534971457039,0.9290799601737926,-1.825824935,-0.039302045,-3.24435182,-1.885789332,18820.86,1
124351,-0.199203181,-0.024731601,0.8612650896994574,-0.751719773,0.2554480932658124,0.4176238861534626,0.5144065178795467,-0.020090522,0.5013965525234859,0.7211021116508864,-0.070472472,0.4312213018326609,-1.746589737,0.7668622365543354,0.7877282312863384,0.7961838500845259,0.4635430396803571,0.4736564823570895,-0.285911682,0.0404429376776206,-0.225069027,-0.665965108,-0.008067908,-0.720375735,-0.376722129,0.2263895953974724,-0.037789577,-0.302700507,16178.37,0
223577,0.0974818087906867,-0.195503852,-0.02165201,-0.940571435,0.929433651416634,1.0632526018208828,0.7031631138704795,0.0292208581906364,0.287419197208985,0.1142271510432482,-0.630641826,0.6853074260021508,-0.403133726,0.5006856302494064,0.7396867418012256,0.0247110458654441,1.2551211451695676,-0.592802429,-1.919669523,-0.436377874,-0.068609201,0.1426079077028693,0.4551085667433276,-1.309572901,-1.781543051,0.6556514507290926,-0.255978704,0.0111653410530744,8566.92,0
28902,1.071941545962667,-0.330496455,0.5108947536523935,-0.200455405,0.2873197553889061,0.2401632609600226,0.4755603082662383,-0.18706662,0.5095277837789097,0.6258494735564092,-1.482517169,0.5926816327938993,0.4001153779240894,0.8476566472469319,1.150729930493787,0.7299864796632562,0.2170014791853586,0.445275595322661,-0.352926097,-0.275299928,-0.09678067,0.0599587521722049,-0.237028963,-0.760793367,1.2525760402486013,-0.53294277,-0.216836677,-0.067342303,21684.78,0
320553,0.0801343616322513,0.7375367874041838,-0.842405426,1.221972563082235,0.8753287549648611,-1.196049169,-0.026183802,-0.072385103,-0.938007521,-0.918412528,1.5604224793509385,-1.290529521,0.6060528072757356,-1.385170455,-1.498741774,-0.272450127,-0.061573385,0.8292192657380514,-1.558491024,0.4211160349730613,0.0585195792562291,-0.528464794,-0.686375832,-1.138453026,2.561496608578945,1.074826096649958,0.7580675417622247,1.1250309393426912,16510.32,1
69467,0.84423708837168,-0.597559272,1.1567769205450191,-0.413909856,-0.003324126,0.9200593375710584,0.1730822259151917,-0.03512892,0.932872398473247,0.5516029296783579,0.0675626085006106,1.2399607189939656,-0.818301162,0.7836852396977723,0.5941307198359802,0.4657579974953779,0.45908137269839,0.0442936725050622,-0.721645242,-0.306935627,-0.080476959,0.167961068996047,0.0563051421458678,-0.435007114,-0.1158078,1.053069083312561,-0.214884057,-0.072261391,7066.25,0
59315,1.0997909316089507,-0.819435641,0.664146014372099,-2.412810036,-0.155564465,0.1957251261404624,0.1901242390843601,-0.151735423,0.996397781038212,0.3368754243693673,0.127408684207166,2.779231904842568,1.1917413840000324,0.6617891926381828,0.8224725244602235,-0.542009051,0.5604729224757838,1.4896593612007891,0.080869845233744,-0.651437958,-0.211165584,0.0029418683628494,-0.067593835,0.1163249808941999,0.8376956923196441,-1.860672875,-0.088295805,-0.054905159,7174.4,0
80852,1.1029821396875268,-0.583644111,0.6621447473906579,-0.876346561,-0.097867626,-0.31504129,0.3714718025694617,-0.238530393,-0.102399355,0.9108769431280962,-0.601208877,1.104585001364687,1.6246366021786405,0.6610036037587671,0.766844951333977,-0.179588393,0.4508106234104577,0.7816458485374452,-1.027095926,-0.528067753,-0.239969642,-0.466712238,0.0235677729325231,1.723060988823354,0.3542172952497541,2.005409938572646,-0.307532337,-0.062608923,15606.61,0
449889,1.0564024427939571,-0.294989814,0.4430659829363209,-0.211792294,0.3589872074785117,0.2960199517068557,0.4745332178750605,-0.178264214,0.4926032453789083,0.5049174411675587,-1.184810635,0.7082419227881216,0.7642167718140488,0.5237411609319806,1.3750229693592435,0.7918482672836198,0.3498406149486526,0.4182082614156396,-0.484370462,-0.246705888,-0.139514885,-0.197662608,-0.171397669,-1.035133113,1.0524150993602734,-0.798307855,-0.194564298,-0.033059118,7071.6,1
70788,0.9867288773259428,-0.223528527,0.4755249608672676,0.2103077182322794,0.4369977766394292,0.2866964776668558,0.6146214945624269,-0.182059442,-0.180629896,1.0477835558345767,-0.142366993,1.077759637318232,0.2663767117157889,1.1209492016323386,-0.564677029,0.9087338764695804,0.1976396630258804,0.3656727353371814,-0.63606058,-0.277752457,-0.094095734,-0.038642649,-0.192570762,0.0439300653568594,1.1813181602695404,0.1736501104790537,-0.287436135,-0.103849813,23169.9,0
368453,0.090841216954393,-0.057304676,1.052196689340269,-0.077043851,0.5636041790451874,0.0276791444096679,0.8685107849987023,-0.215169845,0.1374155962503807,0.4776988877097436,-0.608752879,0.2377600655337603,-0.825621305,0.2415748318316976,0.5014152742662179,0.574665190713801,0.7048553469324963,0.43998119998184,-1.400102538,-0.273751393,-0.041507961,0.5399519100108491,-0.31682255,0.6513213921728638,0.1845060496753501,-0.387269297,-0.4732261,-0.545821213,17320.71,1
=======,,,,,,,,,,,,,,,,,,,,,,,,,,,,,,
id,V1,V2,V3,V4,V5,V6,V7,V8,V9,V10,V11,V12,V13,V14,V15,V16,V17,V18,V19,V20,V21,V22,V23,V24,V25,V26,V27,V28,amount,is_fraud
125785,0.049893452327584,-0.107684375,1.217941908909572,-0.689277531,0.3500323388107607,0.200249263959976,0.6650742917312596,-0.130805056,0.1496153291906612,0.4622526254295794,-0.024384089,0.98683298442602,0.1485193191105739,0.5777119716016542,0.2042843216936499,0.963234047811818,0.330443138916085,0.6598734944321458,0.0567085470073966,-0.024782947,-0.198082477,-0.605732333,-0.089649715,-0.055132924,-0.320796325,0.1837419222045389,0.0505421456719688,0.104696969939336,15460.55,0
512139,-1.704516521,2.599199263414968,-1.205390552,0.5035268915774673,-0.94967396,3.226002264832025,-2.323094936,-6.027711908,0.2733890173381638,-0.698893089,0.9902737999824864,-0.707780298,-1.89197721,-1.183117215,-0.287686755,-1.230970688,-0.722382799,-0.990629654,-0.169995932,-4.118596471,8.087080028016498,-6.450353018,6.343132317756874,-1.0750483,0.3498809024854172,-0.240261075,1.534445136055664,2.1541018884187397,23664.66,1
384124,-0.27048573,0.1262879632154287,0.0577781599599577,0.1591098669191609,0.2134523917138193,-0.160542778,0.0378526104743871,0.0051684095109571,-0.258545163,-0.35226031,0.0769183198722734,-0.520582222,-0.875383838,-0.638431756,-0.908431779,-0.161583102,-0.397890629,-0.074793643,-0.777637014,-0.023801827,0.0264063079194571,-0.19270363,-0.170972587,-0.558435213,0.3221871080883604,-0.620858304,0.1096090711785473,0.1475654287774534,4497.21,1
36032,-0.031283761,-0.41415711,0.7304010289244472,-2.149193549,0.3535632044744896,-0.338127429,0.732251435612362,-0.162278906,1.3575742014740602,0.0909097345890008,-1.058275573,0.550656544930089,-1.582867504,0.9506397230255732,0.2744575629177951,-0.045049378,0.5144819277025654,-0.050153184,-0.340745906,-0.218734913,-0.060969733,0.4087777707924413,-0.051614129,0.2121143309718091,-0.543355338,-0.373404612,0.2257914238527074,0.4568029183254145,4331.1,0
370999,0.1549495803044996,-0.166277685,0.4427087673279735,-0.446719868,0.6347079692403516,0.2794700654735039,0.6055927907544832,-0.129912818,0.26938040170916,0.4771945067600869,0.0210213077966347,0.7096835795006536,-0.631163386,0.3822764877013579,0.2264484278472624,0.5344946768160938,0.7195212840025266,0.7350862952282448,0.4036570261068003,-0.138775341,-0.165478695,-0.379719926,-0.004665537,0.4683347313579525,-0.553002669,0.2090177878262584,-0.196549777,-0.074284503,13119.86,1
263440,1.7409648211451565,-0.50316817,0.1071238652643139,-0.482833197,0.1885208470649636,-0.050336699,0.4362331483326424,-0.178958864,0.7558064244330828,0.7148952383936168,-0.131815404,1.1932445897859063,-0.85533165,1.1259314524209645,-0.591774078,0.4956257084719409,0.3186285683365565,0.0868087244726588,0.0700620672673811,-0.452596613,-0.199319764,-0.588469784,0.3446783817889425,0.0257752210100094,-0.693512344,0.4165225316773254,-0.324130681,-0.273830393,14723.42,0
384849,0.0221680184930928,-0.181433778,0.4321335508597652,-0.086110295,0.0571895842465221,0.8074249970034348,0.1186355066058734,-0.148801699,0.2608977002021868,0.6841993625411411,0.3985703638793876,-0.093083321,-0.596213952,-0.238925548,-0.505658439,-0.264296284,-0.123070449,-0.525293683,0.3498033089257674,0.1394854953166171,0.022636459832309,0.5271196991335563,-0.037258917,0.0394226150269493,-0.707529432,1.3570733020066736,-0.909277108,-0.773147117,18148.82,1
23210,0.313991658807474,-1.574892343,0.5432583028487806,-0.676361871,-0.261773542,0.9154280225988842,0.2839403612654972,-0.123720169,0.6305374636939046,0.6344866863065096,-1.755152678,0.2376737267458695,-0.301015081,0.398687035014737,-0.283220363,1.07104293097199,0.7132704777086181,-0.43469381,0.3535758904048997,1.010090222614333,0.0247079333967303,-0.241848349,-0.590268818,-1.210647192,0.2176541673314372,-0.518588244,-0.289941706,0.1764874143542392,11942.56,0
427077,-1.804903395,1.5529695297758903,-1.665278455,1.2229299027742149,-2.045772,-2.175503653,-1.896754482,2.416111594757587,-2.111855132,-2.111534012,1.3782773061458573,-1.531532056,1.4474324559876943,-1.517488763,0.0967178330158148,-1.732067552,-2.085055823,-2.083734389,1.0350060283144753,-1.148347243,0.8337377289305881,-0.64628449,-0.328402033,0.9906770919872832,0.9068297565105868,0.1922020262321762,-1.392682133,-1.737102806,21640.25,1
178892,-0.198211066,-1.01849764,-0.264891587,-0.803631375,-0.003186499,0.7531236253127431,2.97045939195561,-0.275918083,0.0284176698710966,0.1639771663178101,-0.504667951,0.4441881636043057,-1.264136593,1.6354725598387276,-0.995090559,0.1767132735754108,0.2558636948969595,0.9632145333976134,-0.084413874,1.40096615803496,0.2400664360307133,1.016505395096955,1.6514271000962175,0.5848342745357745,1.6975836085943692,-0.771157708,-0.590243518,-0.039658331,14088.34,0
377710,-0.295582585,0.0568199375877259,0.1367230028423496,0.2390633412596663,-0.54823893,0.5370368295215517,0.3448566918669971,-0.026898198,-0.187969187,-0.249661261,0.2527185366415582,-0.255527925,0.5470190910540091,-0.392198713,2.305505393043275,-0.329851289,-0.189649537,-0.240748429,-0.105197474,-0.183663927,0.0871660726896546,0.6475167377450003,0.1754349069843894,1.015235817062843,-0.37620702,-0.481591165,0.2381700673224674,-0.031031671,9361.97,1
454137,-1.704516521,2.599199263414968,-1.205390552,0.5035268915774673,-0.94967396,3.226002264832025,-2.323094936,-6.027711908,0.2733890173381638,-0.698893089,0.9902737999824864,-0.707780298,-1.89197721,-1.183117215,-0.287686755,-1.230970688,-0.722382799,-0.990629654,-0.169995932,-4.118596471,8.087080028016498,-6.450353018,6.343132317756874,-1.0750483,0.3498809024854172,-0.240261075,1.534445136055664,2.1541018884187397,11179.78,1
48245,-0.429796652,-1.129723456,0.8505828738927126,-0.504291085,-0.17233341,1.84421563752419,1.699387687452565,-0.079240513,0.3362726736310449,0.136916409305171,-1.053650735,0.5554837431705743,0.1199162405729829,0.6304550561518033,-0.363280476,1.2772332902169254,0.0920665045574141,1.3944898923158806,-0.778721608,1.43834151674667,0.1518475103962929,0.4460249326375796,1.5165490661675731,-2.775096425,0.9063790469471676,-0.712716081,-0.39435997,0.2643122237420902,19676.95,0
394307,0.2697263959772023,0.0260802891702215,-0.080988293,0.6394717853727513,-0.116963843,0.2335323507974391,-0.198193523,0.033326840576919,-0.317795522,-0.229458271,0.4543654137673794,-0.536370919,-1.020853315,-0.634558153,-1.281498456,-0.428075905,-0.576182668,-0.354153177,0.0019087540089348,0.1116758810731851,0.0375987890262422,-0.291192999,-0.227396847,-0.353552051,1.1206083242035425,0.2882902776516458,0.4646137284663157,0.6036040922970055,23805.83,1
345536,-0.243633665,0.0927941162064137,-0.032429306,-0.090558093,0.2903904529863403,-0.505715432,-0.130062653,-0.06870652,-0.313919028,-0.445118433,0.5255178703038298,-0.580947625,-1.505215319,-0.555965586,-0.301103371,-0.383264507,-0.598265684,-0.145712508,-0.369636915,0.124793613667088,0.0498123373867459,-0.090196131,-0.899717656,-0.197264686,0.1677152560952453,-1.216605804,0.5232525182734677,0.6593448043134504,12505.55,1
403116,-0.40850741,-0.653352333,-0.10949075,-0.133164279,0.0642310031711228,0.6315983381332874,2.091112083692133,-0.341190555,0.4391640859247273,0.8176133513590045,-0.003181757,0.0108682886028888,-1.024582147,0.5834906432130114,0.2315698117040581,0.1101460218030531,0.1549509009560235,0.5632944979765616,0.4759550911897073,-0.241174829,-0.192194349,0.5004139046858237,0.4639051111854489,1.3355020658208772,-0.534359074,-1.549888773,0.3586261546083999,-0.333764745,19114.02,1
274021,-0.063318697,-0.279336735,0.4412969432097861,-1.711394202,0.2121554898642395,0.1732415174129554,0.4417575940130636,-0.074953501,-0.235584724,0.4020020588589307,-0.294457395,0.5068142222879132,0.5482195895636334,0.1980428301635845,-1.093876326,2.0349759753630683,0.7630710521353469,0.2311932658384872,0.4934134335717685,-0.182478598,0.0002583039764141,0.5479590131391938,-0.118982711,-0.956313439,-0.473834695,-0.570841223,-0.31181732,0.1152255481615547,9032.89,0
532256,-1.141143585,0.956775988752459,-1.140984263,1.6580511640494928,-1.330227033,-1.324915619,-1.51785904,0.9869137848522148,-2.007243381,-1.746653087,1.6657130229995554,-1.708033115,0.7593788184141258,-1.754112971,1.1808668566822853,-2.006485121,-2.257180006,-2.119203551,2.141298128201825,0.687259189341241,0.7731117168646008,0.7104153384353336,-0.323579414,1.0909668056818014,-0.295642333,0.8746100700419336,2.30560745932726,0.7437409475216865,13203.56,1
486869,-0.681387834,0.6166881185491225,-0.730502176,0.7834253179658087,-0.522108122,-0.5648568,-0.608016416,0.2027625840680364,-0.57120363,-1.174770267,1.378727903634504,-1.293521326,1.2018564137342744,-1.395585744,0.1599414053399071,-1.37779224,-1.070076105,-0.793833142,2.043300432157414,0.6767885302596913,0.3262283916318656,0.5983466830801702,-0.5258998,-0.38511515,0.202001183821877,0.014043350680244,0.6405120474831473,1.2467880347056222,9766.46,1
538334,0.3067471256187018,0.5061938791334979,-0.517643495,0.8032486087690038,2.072619862660392,-0.639242502,0.6355698301337878,-0.667405164,-0.68511327,-0.101944378,0.3373195103807626,-0.183744261,-1.83207592,-0.91226945,-0.19762063,3.4660936178425947,4.293624530328803,3.5524091800595183,-3.074892174,-0.011802382,-0.231106541,-0.396723382,-0.753802395,-1.031860781,0.355243180875794,0.6205704868099066,-0.065403376,0.6291439083374444,12881.82,1
114201,-0.069140254,-0.278380493,2.331936964863062,-0.289826849,0.0915766712903365,0.1901746713410486,0.4633419612915687,-0.140212891,0.5961025175939447,0.416832087819954,-0.880057891,1.001776431012206,0.6425551850901555,0.4751965510218598,0.340630446595033,0.4935857172189349,0.3440364688785611,0.3373229456923965,-0.481250407,-0.283130503,-0.074877644,0.3161046727502741,0.1339672605751437,1.5581908949675891,-0.115792154,-1.177815677,-0.235747556,-0.062029406,10872.3,0
367703,-1.111422721,0.2675493157201241,-1.032078674,0.9864406958738694,-0.688071244,-0.998664851,-0.919204124,0.6608835029834037,-1.231231834,-1.238534571,1.4092835780929842,-1.260313816,-0.617275029,-1.385244331,-0.064310832,-1.301521948,-1.413721531,-1.226391658,1.1965328661454175,-0.045557659,0.3103975824361104,-0.222431147,0.3085613402683672,-0.790086195,0.7020426535618348,1.0347843575063675,1.342358145106948,-0.221420284,21346,1
507619,-1.069718523,0.8406670237869436,-1.146343845,1.3420154810171618,-1.232884514,-1.809640185,-1.486216901,0.8598211126080297,-1.834393214,-1.867860299,1.7989232926456875,-1.711066225,0.6254504530496782,-1.839640929,1.9208427169020008,-2.034592246,-2.202313624,-2.109490543,2.627827348355072,0.9247530570150816,0.6737003500781241,-0.049407238,0.0244055088766488,0.8945618562026605,-0.105596544,1.159056048076495,2.24007911195154,0.7357928137019234,5998.6,1
137573,-0.358298466,-0.368161265,0.3732880409362821,-3.52479089,1.227534648229311,2.14133602347167,0.3233652271013286,-0.161812868,1.996953293773947,0.1659694803172316,-1.029271616,0.9219252810129396,-0.257670768,0.4383390254332469,-0.320704485,0.4885572877928164,0.1578092280414841,0.5745610312703773,-0.487375192,-0.637777725,0.2326619254260874,0.1499500609821932,-0.219163634,2.350868059091363,0.2916722938039899,-0.707764195,-1.213556757,-0.745555203,15760.82,0
520419,-0.182286199,-0.02823411,-0.312971182,-0.33790999,-0.15080402,0.3797224790648096,-0.209265511,0.1797447545257647,0.1233025168935293,-0.482799747,0.3403780122026892,-0.560606991,0.0167389011684275,-0.450048345,-0.985579232,-0.351835416,-0.627154683,-0.117414151,0.1078031635119234,0.0033544613068011,0.1918712967564342,0.6607551855903994,0.181848414405564,-0.034532523,-1.097238811,1.019694310479252,0.2277719185803726,0.2029934461478543,12152.99,1
484513,0.4764892864542644,-0.399571313,0.2787858705123289,-0.044212869,0.2551594400224954,0.5595481651839844,0.3669362177249056,-0.131099443,0.8124362913198788,0.2415306034692284,-1.018635765,0.1376056011598278,-0.804961721,-0.027917943,0.593864641100629,0.3496068443566152,0.5543639381031272,0.1978490764057522,-0.257167468,-0.163617233,-0.203248503,-0.737433738,-0.111813097,-1.461670961,0.5309556470827437,-0.542899729,-0.368375434,0.3027612703509862,3153.39,1
83314,0.9768999046028568,-0.510141442,-0.051982552,-0.928154768,1.4347891305151517,2.007515883344941,0.4148790795892803,0.0020137127995393,0.3112771542335125,0.585115640976651,-0.599820155,0.6721123189749495,0.0216863788526209,1.122602463807937,1.1265395917629846,0.7144748115786453,0.227226150880574,0.070933044430997,0.1663937795506133,0.0228009992508015,-0.262341799,-1.306544036,0.0173061029427912,2.2056478791078176,0.6037799249905207,0.3384790623556535,-0.324624987,-0.059612752,19419.78,0
315583,-0.707384984,0.4971003261781702,-0.958026124,1.5559187146263511,0.1089789958128557,-0.764083679,-0.318757664,-0.225414347,-0.286814883,-0.163984872,1.0404220299956304,-1.269522663,-1.234685409,-1.68166996,1.5171306149586468,-0.926165478,-0.68549296,-0.335966123,0.7149873490732129,-0.350483066,0.1082930883550932,0.6505589841725817,0.3692356912535516,-1.037043906,-0.785288286,0.7877432220997416,-2.434281232,0.9195287908285152,23054.89,1
335261,-0.768914099,0.3224051091659972,-0.691319984,0.5671422609838009,-0.043937728,-0.680456467,-0.38819102,-0.321443551,-0.093200752,-0.495144848,0.9372716168888596,-1.005551481,-0.011039945,-1.284217599,3.0091145778110424,-1.168824297,-0.774209125,-0.623142553,2.0515759290970577,-0.356066887,0.4969182155352789,0.6924795741319946,0.0832627957102743,1.5308705856380818,-1.406824933,-0.064214476,-1.292514116,3.9369973035829537,17927.85,1
301180,1.652703437567533,0.0466189447408403,-0.539304206,0.2299032155591166,1.3049025755918324,-0.495369655,0.6761857031204098,-0.193306229,1.317552221325522,-0.231714624,0.7311226407444639,-0.56086227,-1.000795722,-0.572820465,-0.995733365,2.1730074760020432,4.026425970369287,4.220034269064995,-1.277769993,-0.395732298,-0.296299155,-0.883752825,-0.077432361,-0.014850652,0.5393758463056886,-1.403447779,-0.206040563,0.1011772521625267,20240.21,1
1791,1.0155205887346084,-0.468840708,0.5749006013616238,-0.423661069,0.2448225043464968,0.670866449890732,0.365284919875924,-0.127461318,0.7001070887357013,0.5766524727627012,-0.585478241,1.371059408343152,0.3489952829447573,0.6910594608743557,-0.832804327,0.698133455556918,0.242065159366147,0.4069645507099319,0.555214581430368,-0.186953621,-0.230197665,-0.732743557,-0.121649833,-1.352913604,0.6854148664441368,0.5272796667251359,-0.263621056,-0.103914648,12699.15,0
247531,-0.040247382,0.1202448400117527,-0.293537487,-0.734130486,0.9573639325810572,-0.438886816,0.7377369934376311,-0.041187737,-0.14276168,0.0067093578755866,0.0636985740328426,1.474380399920401,0.8837543160332387,0.0048968281797643,-1.428686603,0.9975170421496192,1.3703088303790734,1.2412495504799603,-0.460651952,-0.457879583,-0.013228223,0.4347870102764177,-0.188331027,1.3412666452028037,-0.707121217,1.0139930155710084,-0.526608889,-0.13993963,19678.87,0
138451,1.1747608821058166,-0.764738652,0.7978884845761054,-1.010085553,-0.005219465,0.976639113172746,0.0787192853890729,-0.085757505,0.6534920840207525,0.7578351812397123,-2.184494016,0.2578220829484063,0.187152343577173,0.3019157263327018,-0.374415527,1.127332061644588,0.6113541566620593,-0.434379442,0.6669872453400394,-0.129850458,-0.131204727,-0.01314338,-0.15130262,-2.077922038,0.7415241360064202,-0.281375919,-0.157521574,-0.086376702,1536.67,0
327214,-0.009049513,-0.070595473,0.077479545391793,0.1501670284307287,1.5621421556998218,-0.123716399,0.5764189143757634,-0.136740377,0.1644598483799867,-0.115041962,-0.240358698,0.3286058756027767,0.4590343418154342,-0.681419859,0.6474277643750999,1.0168732027338834,2.820463627565018,2.1048107245055623,-0.047833367,0.2070827402525228,-0.213091538,-0.635292405,-0.235340188,-1.734897053,0.3908696492018949,-0.438013179,-0.124081662,0.1625606804722348,7090.68,1
10079,-0.632586919,0.4167207257211795,1.221523054339531,-1.814552668,0.1837882400849127,-0.319150851,1.0745009082514885,-0.42622459,5.225850566434376,4.145415252037387,0.1570291701629821,-0.368134183,1.5080162520117302,0.3057742476740432,0.1259376193945036,0.3008190368788061,0.2664631444382124,-0.030680501,-1.627603901,2.0638300573599104,-0.514067639,-0.536095282,-0.044750331,1.3515735832849696,0.3992364887463179,1.182672074728603,0.7086104102760422,-0.958822316,1141.77,0
412532,-1.98356514,2.037863233737352,-2.179043182,2.338722868825484,-1.826786324,-1.175294249,-2.20878404,0.3934705516888424,-1.902948378,-1.876182209,2.071115991707684,-1.673739142,1.0426601589167477,-1.598728693,-0.490851423,-1.452863638,-1.326998893,-1.420850516,0.2471237964278806,0.8208777628316497,-1.121595984,0.8789901223955778,1.37260849321673,-1.715285054,0.0821408574928109,1.4066701213392014,2.963733325045438,-3.583659772,19122.87,1
324492,-1.080155597,0.1020569499640392,-0.941900304,0.9792877937465408,-0.618801753,-0.772028978,-0.898935407,0.5613029205957846,-1.123873109,-1.224744917,1.389795902079393,-1.281199219,-1.194690167,-1.344837473,0.1722133443631321,-1.411758896,-1.442485916,-1.293462307,1.6007211415655112,-0.312907418,0.3055637714920638,-0.033596561,0.4918044259287624,-0.900300523,0.8244097184701191,0.3382477017702212,1.143886896405017,0.1038995798500835,20038.07,1
65413,1.0507670336851505,-0.378666201,0.4580417544545858,-0.568608799,0.4796222606241437,0.8108415201813741,0.4093396686117342,-0.129183988,0.3239384877068267,0.6100457628364229,-0.245551655,1.8436098194652055,1.68536834747802,0.7895077807115239,0.6092277583084577,0.8577778302691078,0.1750088238300318,0.1964372816459389,0.052641473777523,-0.159264463,-0.206664724,-0.636171644,-0.052474793,-2.095200772,0.4695963192886231,0.4293033626898335,-0.250054086,-0.114323503,19818.88,0
178502,0.2163879749105537,-0.172667261,0.5728314548388581,-1.042722226,0.5480953161530604,0.1142376013339554,0.8057485350649986,-0.168206463,0.2888797333068718,0.495353795154709,-0.29537176,1.499223639976394,0.6037358248362922,0.8056390045393027,-1.177164071,0.575083622612302,0.2115943061668632,0.1826240871234764,0.0576761583710578,-0.15077239,-0.194647034,-0.464307415,-0.017940977,-0.556809284,-0.810577913,0.3249076510383349,0.0584368587474139,0.1052055794397646,4974.63,0
253097,0.1723742689143729,-0.090442875,-0.133583899,-0.199661705,1.5352148660225504,0.4178473919998843,0.9931220819329886,-0.204364046,0.2710580392145865,0.5125319349087043,-0.23865048,0.6017123825357635,0.2490546317204171,-0.114619681,-0.658493008,0.5556139611392917,1.0009701179857342,1.629934089484269,0.4980459963199031,0.2692553158921907,-0.173109426,-0.033049183,-0.304554295,-0.950424272,0.6077711167927886,-0.907129659,0.0206050016136789,-0.221206017,3148.47,0
391783,-2.005144447,2.56181261495778,-1.938163702,2.232772280542205,-2.389801291,0.2597489844619284,-2.802783906,-1.087060275,-2.549238868,-2.247576032,1.132221315369775,-1.660251549,-0.08237453,-0.703748925,-1.600520723,-1.728455343,-1.864309096,-1.985036622,1.3991292419439036,1.897369240271518,-2.074422508,2.687532885734975,1.9187401482060733,1.0881267556065002,-1.138115236,0.3769757917656129,-3.003818178,-1.742760982,20174.29,1
461628,0.0539932187225154,-0.127202663,0.8505244239556099,-0.201718976,0.5850141319566424,0.4553697819594478,0.6010213062702959,-0.114456404,0.0862635273445163,0.4233125009805435,0.0784299237004379,0.6210379683867515,-0.649393784,0.3711145472487477,0.8360960708749298,0.5891309730330815,0.739887979588173,0.9498279089312412,-0.049221834,-0.21727421,-0.082697853,0.0969046569314092,-0.179492963,-0.681721761,0.3290137726954436,-0.482443344,-0.310927482,-0.074794563,6893.16,1
500447,-0.103644039,-0.061837062,-0.143107358,-0.318332659,-0.152698022,0.3956170990963276,-0.147955761,0.1379497986809714,0.0628171282843721,-0.384681043,0.2758686771678889,-0.399802662,-0.584918833,-0.453694357,-0.550236809,-0.259781787,-0.559805792,0.028314647405166,0.0929128342727604,0.1090383664841449,0.1935907868874463,0.756991309262357,0.1516067216289835,0.1885166237037769,-1.177464747,0.787286491575501,0.2823856108810939,0.4413284909270893,4153.4,1
542694,0.227288499955169,0.0099560581994008,-0.171599016,0.3171003866392681,0.5733977126149061,0.4291709309563823,0.3312347274081292,-0.050995999,0.1123307645398217,0.1739698958418793,-0.176923928,-0.25724271,0.4756382675200995,0.0617018688923061,-0.804424444,-0.12155701,0.2150452190717295,-0.014373527,-0.562173206,-0.183928133,0.0146419195290962,0.5857230174088222,0.0890804983862466,-0.913781117,-0.743542209,-0.544151383,0.2916809764122851,0.5022483835782425,9841.67,1
120305,1.0762329089490748,-0.123084892,-0.372081751,-0.420870351,2.171888043145459,1.7249483166292374,0.4992978049236574,-0.006632251,0.1870837352322145,0.0974494267467908,-0.09469829,0.2436582258133251,-0.265522635,-0.293999176,1.541709013876173,1.6376796373415767,1.4584279555101514,1.9808163221782016,-0.625092456,-0.080160047,-0.210945337,-0.761960971,-0.266140536,1.4553325498924523,1.642908535174396,-0.658672275,-0.190663161,0.1177597496959483,5846.14,0
528365,-0.331865386,0.6464376311213744,-0.698047938,1.0808725651048048,-0.089543544,-0.628661857,-0.543711682,0.053197154126236,-1.098879218,-1.052951347,1.6038509315488023,-1.427815163,1.225143974695246,-1.41333494,-1.96180075,-1.24397291,-1.372657543,-1.111569489,-0.278895043,0.8155735346565676,0.3233771541609629,0.2703360834191724,-0.487310916,-0.723367243,0.800835536050492,1.0166020867076604,1.1316974414970309,0.7947563664596963,11717.48,1
201475,1.7136007881131927,-0.45044109,0.2104590679228109,-0.356980429,0.0638075187656233,-0.588746839,0.5269842119777944,-0.247395277,0.7414277343532714,0.6191882313597938,-0.511117394,1.5630781848695177,0.6170140173671883,0.8209040079456094,-0.144984781,0.252554556954619,0.4410254928164261,-0.319035231,-0.386551331,-0.360119144,-0.191193626,-0.478304478,0.4268121241469473,2.0968173129971213,-0.719217675,0.3214352337560316,-0.313899846,-0.215304017,3098.31,0
366498,-1.762212353,1.69509994061382,-1.963205514,1.393611809096282,-2.090665269,-2.797751684,-1.833279548,2.4303486200329627,-1.286086828,-1.971815411,1.6344264600699348,-1.671186909,0.3879974812431496,-1.515152173,-0.600056262,-1.696354,-1.708222114,-1.636637392,1.0047572481175802,-0.662602695,0.8437690068633688,0.0202969528244118,-0.741550429,0.7021888090287812,0.3406087306470845,-0.169925654,-1.318841361,-0.92345549,12001.54,1
229630,2.002331722471677,-0.780198189,0.0138280996674304,-1.176954207,0.0874918948845119,0.1328486527679616,0.2367120565241616,-0.193996526,0.5062457549823194,0.9928434015040476,-2.165006935,0.0408714295606558,-0.518347044,0.6379211289873121,0.0672376287475093,1.4748939181338367,0.4219824681056034,-0.241253083,0.6178741342261459,-0.21743059,-0.056054466,0.2922098836131301,0.0014584843439876,-1.634374631,-0.00298462,-0.213703992,-0.266276762,-0.263613986,12636.86,0
224101,1.8102955265659164,-0.542719051,0.1289641763019829,-0.532655536,0.1811817068292417,0.111610045645777,0.360853334801162,-0.194401195,1.1107706208637569,0.6161831884930865,-1.68497723,0.7665793344302678,0.4278029007183966,0.6902812954292197,0.3352714908961693,0.6698613011072354,0.2556185803497385,0.188920302360475,-0.086221899,-0.334118156,-0.119818726,0.0084951427443057,0.1169675829940392,-0.908459257,-0.366260287,1.2453276265187572,-0.302275244,-0.25012894,16079.41,0
316478,-0.461060592,0.5858356236984914,-0.556483087,1.043916755874402,-0.647258265,-0.352278694,-0.818514883,0.3239340932294198,-1.299547993,-1.004962981,0.9148307471221984,-1.19817963,1.5396057607901772,-1.24050273,0.8715457606795105,-1.351040415,-1.559104958,-1.409712426,0.9647617472072916,0.8095719576483521,0.4240263584876629,0.3783625180197773,-0.258909466,-0.163493588,0.798947140319489,0.7027858815594421,1.3127418395023474,1.393691806230001,3218.37,1
510530,0.0061568253588904,-0.130207506,0.7790523575759851,-0.266202272,0.6385568988339184,0.395817587730661,0.6139945839558438,-0.125099782,0.1091333511667785,0.3972472527312152,0.073323621563358,0.5520989411059545,-0.800674683,0.3691122835288956,0.98682829769367,0.5689735704277509,0.7629411382551742,1.0719503870874802,0.0220751123001187,-0.242687196,-0.056532085,0.2025826589440504,-0.185759258,-0.673142275,0.2441320853160032,-0.50423376,-0.30274579,-0.072954112,9705.05,1
346702,-0.622736977,0.0881698758714376,-0.325245508,-0.594568828,-0.124599277,-0.933006471,-0.128696341,-0.090408229,0.5017657458021691,-0.494261947,0.4450595834416704,-0.589309987,-1.018102393,-0.713242116,1.8497250628694508,-0.658853905,-0.481368677,-0.561672444,-0.116042978,-0.633462799,0.0897839105670213,-0.271191952,-0.824653173,0.3092902051555107,-0.100161866,-1.970013351,-0.812274443,0.0819266812804692,9878.4,1
534971,-0.752806696,1.5941139891137406,-1.603932841,2.064421564822098,-0.752725058,-1.625075225,-1.382790661,0.9947765088962928,-1.740212247,-1.741841185,2.4026801659667107,-1.903410402,0.2874460820322205,-2.005700659,-0.438553863,-1.807505263,-1.575644095,-1.500062759,0.762291772199593,1.2208269096524274,0.6266600997751206,0.2109763569792785,0.4437677376817708,-1.923562754,-0.960560644,1.3236332658379202,2.2287796947425296,1.6674908261137245,21076.28,1
497779,0.3720198495581169,-0.025929221,0.4406411380654455,0.3418768990136978,1.068940564307257,0.6133553336450783,0.941995449409354,-0.183729238,-0.34252213,1.1458856365065868,-1.330850392,0.6074037989127831,0.5880804146626292,0.7262824968299564,-1.875188044,0.8379249399199552,0.1742636306511152,0.0682224054763411,-1.599558331,-0.38880214,-0.044584143,0.4364746729843692,-0.053699723,1.1176106140879996,-0.917925388,-0.365466899,-0.281442268,-0.127327463,2185.13,1
400364,0.1444461584429357,-2.053372704,-0.266895077,-0.52932155,-0.211968314,0.0198132693067672,1.061542876804365,-0.266719603,1.574069102885151,0.1842845830422652,-0.226916473,1.3886480261766194,-1.294575473,1.3115712685934755,-0.44167719,0.0056185642146131,0.4026954712381042,0.6681211171674448,0.3943139749736719,1.6036192375835334,0.1620144272395564,-0.207506845,-0.95953554,0.2679896415513373,-0.222159473,-3.013669205,-0.397574561,0.1874035741042409,2044,1
102875,0.0623258181857392,-0.213346703,1.167923416230592,-0.846466653,0.2206084390816527,-0.060148987,0.7062641617831658,-0.160578211,0.307906954462622,0.4971171496033403,-0.031220128,0.9114190088566964,-0.810751907,1.0070494350703794,-0.457467752,0.9277897765298364,0.1921332668854475,0.3885946332644815,-0.690028645,-0.42128398,-0.102083405,-0.185299067,0.258112712337004,1.0438175918592456,-2.193662912,-0.706385153,-0.181672095,0.444293614104152,13494.45,0
447601,-1.360736909,1.4944253875555986,-1.575721436,1.4577408795222078,-1.688032494,-1.898903212,-1.862358665,0.6285593761691052,-1.452864982,-1.996105911,1.7189022878811338,-1.850332529,0.0538141363790896,-1.416125637,-0.061767634,-2.025273982,-2.032125712,-2.011580031,2.175281949060893,0.4008717101964437,0.3494689194645868,0.8120899699313249,0.2239999351977487,1.1211451256806508,-0.392496759,-0.512955684,-1.075514807,0.0805012634863708,849.22,1
375574,-1.541132947,1.3379405955101826,-1.648812211,1.7932908305296806,-1.83219874,-1.960704567,-1.806171647,1.8883067381428813,-1.761304025,-1.931866722,1.5680721443749426,-1.749663157,0.8201552331131031,-1.58872362,-0.788860784,-1.842286894,-2.017309361,-2.025248162,1.3556432765432525,-0.746394949,0.8204375523965595,-0.289284246,-0.253875324,0.9986394080660695,-0.765182964,0.3075748425340626,-1.27293484,-1.008071209,10392.91,1
127456,-0.279754602,0.0011850135450613,0.7662810391947417,-0.731626721,0.0808954203186607,0.4417199973032005,0.3483496513169398,0.1278094041234885,0.1715243475675767,0.4802131534083238,-0.219563477,0.8019912835859846,-1.124438926,1.5461662964739875,0.547810563520562,0.8097323801582985,0.4131503386704655,0.3290325616176452,-0.182795999,-0.254472976,-0.157129459,-0.558170846,0.0546389610974018,-0.620595793,-0.405518712,0.2782344648400936,-0.068965864,-0.066512747,463.56,0
530851,-0.571633896,0.7539239812724658,-1.09589838,0.9443508120587996,-0.945504608,-1.943864519,-1.286833506,0.392336451368007,-0.848846794,-1.892803094,2.132604259177746,-1.946585128,-0.31951477,-1.790134621,0.5387118245762447,-2.101442561,-2.136696844,-1.974999548,1.72672655314842,1.2604847795229743,0.6543610527159042,0.47866531694957,-0.102587525,0.2716455453095733,-0.146228786,-0.358631564,2.9334352611993078,2.20324504387324,4380.34,1
228814,1.6173177175819842,-0.498748719,0.3522497711179973,-0.020111711,0.1416142494080942,0.44248238119183,0.3517664889334922,-0.144629395,1.2463731703948506,0.579589877011616,-1.254923793,1.5516130141142563,0.2485523967964284,0.5379221016626573,-1.228279402,0.1657117669795175,0.470664979519876,-0.262384053,-0.204861658,-0.396662346,-0.303817316,-1.029848456,0.5057928476024521,2.2523982853764823,-0.645972582,-3.169557635,-0.17609992,-0.140475766,13437.47,0
327683,-0.305261094,0.7061277991071226,-1.184136721,1.2264772897814145,-0.951039619,-1.053083893,-1.353754833,0.5163876976951137,-0.980390198,-1.73691356,2.271299539198506,-1.827657815,0.5250762535736981,-1.784766376,1.173525723309618,-2.034822023,-2.014801603,-1.952018283,2.171973476023579,1.250999943037315,0.5925396812557294,0.2574793410595513,0.4554557445523911,-1.019720268,-2.021064606,0.7575471755459757,2.8532005494571893,1.7645416519612065,16167.57,1
286296,-0.709440706,-0.230061181,-0.1761243,0.6174858909119458,0.1873832078512594,-0.292749374,-0.692784606,-0.017760065,-0.388421925,-0.479885107,1.0490995843977584,-0.870272825,-0.730660124,-0.854788698,1.0189800352197664,-1.336455442,-1.094895217,-1.345280809,1.4557256992363,-0.219221052,0.2915080696040155,0.0535808268434486,-0.760214062,-0.348398218,-0.845793918,-0.676847141,0.6389238708545999,-0.765653178,16955.73,1
479475,0.165965730381638,0.1056662944031594,-0.067978624,0.5338430650763337,-0.105114473,-0.13603279,-0.138702823,0.0032862010079779,-0.465167614,-0.252210531,0.441356970373321,-0.546060366,-0.35456669,-0.552260942,0.8030173397532393,-0.480421761,-0.548390749,-0.661854227,-0.576171718,0.0952913061989883,0.030912519767044,-0.439964415,0.0354997188203276,0.2374920332135904,0.3811235758632866,-0.379429639,0.4369322834578492,0.605499453861527,2061.21,1
87696,0.0807036161540702,-0.105434509,1.036180306978055,-0.689373138,0.4206573611935114,0.1713876830543282,0.6880919126036176,-0.151194343,0.3390772781500366,0.4065218000579194,-1.386266179,0.3053003445219632,-0.10392066,0.5134543104562597,1.1778903573681374,0.9393185567198836,0.3562991562600753,0.4469830353825513,-0.020911745,-0.049538907,-0.235643956,-0.808357066,-0.138891615,-0.87882977,-0.187025828,0.2954745090131133,0.0516559684157068,0.1144272164078903,9828.87,0
139615,1.0384317762858506,-0.342594229,0.6241514745435932,-0.329905727,0.099738993556881,-0.184560427,0.4481539929107644,-0.189948105,0.5742965046780968,0.4920302119193206,-0.720985694,0.5516981555489733,-0.341973994,0.6191702337111564,1.390856874494999,0.8256485554982583,0.450307672225825,0.1804280324023608,-0.381434601,-0.287581606,-0.223548809,-0.811051965,0.1153292933974244,0.6835488977314645,0.2365995722404883,0.2326937436875709,-0.268763612,-0.028946423,8871.88,0
192606,0.2543926027175914,-0.308699405,1.0682301780125114,-0.944264869,0.2014163167658579,0.2415321877079691,0.6429763080737811,-0.161256825,0.5811776589781272,0.3243296481449571,-0.918690683,1.2463848978309957,1.2339216841025236,0.5072053156481026,-0.084293374,0.6868154712256678,0.2694681970115134,-0.020462536,-0.57301461,-0.129323535,-0.158936111,-0.427483157,0.3685988589025175,2.591766671162208,-1.382955312,0.2295071083776705,-0.251101935,-0.04014596,16712.59,0
64369,-0.112338841,-0.197696027,0.3087339378938836,-1.474238688,1.6192083844139242,2.209663628819789,0.4612667576686135,0.0211312450240692,0.6775112597120483,0.542176031762053,-1.125032057,0.6116284549576667,-0.248660998,0.598387709675648,-0.807904904,0.5578212734461846,0.2129528905078486,0.1938136932043767,-0.223751558,-0.340666372,-0.124508315,-0.415018448,-0.070937637,2.2640125601116425,-0.956627585,-0.134166301,-0.791413595,0.305691727516154,5847.12,0
479264,0.0259015997120083,-0.331252438,0.1245560635683527,-0.644697542,0.2028198138493907,0.2482287463730665,0.6097861209926195,-0.154469148,0.4192280416734551,-0.045158905,-0.449060621,0.4112633259226613,1.1494773286998978,-0.132530096,-0.701952505,0.0824963141884018,0.0514190803123707,0.0883962889390934,0.0302187906949889,0.1696256763867344,-0.035607697,0.0315221141249114,0.3827085329911754,0.5864454558696606,-0.691533748,0.1033770586905295,-0.072374005,0.1430376240129431,22767.51,1
311829,-0.030580814,0.1108952563398115,-0.497628091,0.5474491005309142,-0.062807099,0.1873738416089342,-0.177917889,0.1098557013850605,-0.01113896,-0.472453472,0.6163265645960523,-0.543407832,-1.152450924,-0.905308361,-0.451650996,-0.608097866,-0.103716656,0.5884946853267463,1.4877091023882352,0.242713502916824,0.1750601217634276,0.8946555993657929,-0.0425408,0.3938002878879008,-0.627430189,0.0682344565569806,0.1236706614064609,0.1229682594346844,21726.29,1
165795,1.7920489858831747,-0.366188524,-0.057020501,-0.093113477,0.4616240541496301,-0.173851593,0.6682350994815163,-0.239684785,0.6504658731676708,0.7193022681230359,-1.487811825,0.7176843166182968,-0.400380081,1.0615991931720348,-0.550973554,0.1197433259470913,0.3865252734667766,-0.018259322,-0.353794831,-0.503016611,-0.090210337,0.2683587684021357,-0.035647483,-0.279922598,0.7060065023572417,-1.178859126,-0.25479311,-0.258450134,1050.94,0
46934,-0.28473887,-0.576208432,1.7173833662881053,-2.495075121,0.2872854150642088,-0.425811537,0.7515926120748229,-0.151523708,0.9931535883672729,-0.084785599,-0.587450526,0.749932777867798,-0.910611089,0.8884146918212507,1.0308925954838348,0.3724785803369458,0.3417173085148887,-0.135924757,-1.304909109,-0.073537766,-0.14327082,-0.679592267,0.2060380552832885,0.7246587767716671,0.4373002781980342,-1.231481482,-0.301547077,0.0661976972438877,9115.52,0
440125,-0.178765865,0.0853444713669719,-0.658644329,1.2751231815346862,-0.807509688,1.5065839280315,0.8719563054109496,-0.574927594,-0.953256756,-0.245267085,-0.020288449,-0.499848384,0.5330730604304375,-0.585887926,-0.451629593,-0.342484975,-0.194353484,-0.169291525,0.6439135011087328,1.1273489817359834,-0.330225753,0.702656112266485,1.5510852569739015,-0.530388679,-2.282181504,0.3713040452078492,0.8161004577283134,0.2345035437554778,15352.24,1
6819,-0.046120877,0.0549580189919492,0.3653367788464599,-0.616013144,0.742424830665002,0.1309038985091925,0.6535742991446213,-0.07984202,1.1138817700000565,-0.020155804,-1.242350516,-0.571968556,0.5781855843804549,0.9646606649182508,-0.44977289,1.7088090309352224,0.8103455041255312,1.7273839818723589,-1.330025634,-0.56962102,-0.162686412,-0.360456403,-0.312247336,-2.018958099,-0.218452555,-1.460524715,-0.22707947,0.1945402084981013,12365.23,0
270648,-0.376007737,0.0181671159067571,0.9460332773292852,-1.231859574,-0.0428281,0.2021483876687201,0.3032718491169923,0.0622926821142398,0.6984775777446408,0.3685956274412277,-0.372601159,1.1970319034472718,-0.730184899,1.103350547134804,-0.442212567,0.8665011974927829,0.3084943614593139,0.6656825715464592,-0.068044549,-0.490949781,-0.088522353,-0.328328464,0.0562148264726403,0.0812832260274932,-0.630575345,-0.817763422,-0.834766998,0.0197454924054294,22383.75,0
510180,-0.888972886,0.8058665222237794,-1.008321262,1.2579949588225554,-1.164071422,-1.53389032,-1.410109129,0.6861121091442343,-1.758729972,-1.788248683,1.7480521739068315,-1.722128249,0.4207692019944068,-1.812529091,0.7602645632679528,-2.02167461,-2.33041863,-2.212361565,1.6168017585374603,1.088856493978079,0.6883736478512023,0.1594621088397705,-0.044254504,0.9745897527301938,0.1685625158000398,0.6533778962756086,2.643928203971324,1.3372895533971243,1827.55,1
213009,1.695086471367436,-0.79059951,0.025311304430142,-0.791052122,0.0007904459232369,-0.28815196,0.4058435188322733,-0.253665377,0.1250947015568558,1.0559816644681637,-1.212890096,0.6768402418505115,0.9082487344547548,0.8062311274528247,0.5091248429502588,-0.165088944,0.3626723464768696,1.1963612520112823,-1.179511718,-0.515524572,-0.127219365,0.1189690287538829,-0.003160964,0.2264187324238231,-0.243472828,1.5904778609778285,-0.328096631,-0.202896978,16035.17,0
328288,-1.807127149,1.6445352559851305,-1.723202992,1.6222845036481692,-2.253113423,-1.294658077,-1.817010546,2.482965193848516,-2.276071772,-2.013875782,1.2625365556242143,-1.514503548,1.6482113652411725,-1.439265902,-0.04830562,-1.656866458,-2.053716813,-2.018365387,0.8139046099263115,-1.871369644,0.8690829391140411,-0.130526568,-0.479899622,1.0870077302811527,1.2016366883641716,0.1319210022850522,-1.675922258,-2.654652826,11625.9,1
113025,-0.278633974,-0.638577208,0.6399640297395458,-1.513570489,-0.068413337,0.1729529665808579,0.6979710441809973,-0.06957435,-0.38165948,0.6042162238307432,-0.337864779,0.817046359806161,0.387185212478894,1.0325595560939231,-0.575613951,0.0967750983473954,0.294105410426907,1.8931933017105291,-1.090595228,0.059130529984467,-0.125567403,-0.374786159,0.5542996242453426,0.0328572996580538,-0.549576725,1.6961970225686591,-0.135386108,0.0767590624689645,9058.64,0
548011,-2.454657335,3.9304729224647135,-2.267620534,2.2380325319162906,-2.736464579,2.631974048932367,-3.970040568,-5.142471166,-3.303981734,-3.055543179,0.8104165533117332,-1.39393543,-2.737923115,-0.237768608,-3.538040538,-1.259966093,-1.465684921,-1.661585207,-1.303081736,7.241708307659678,-9.410548094,6.970873515054592,4.495579551766652,0.130511907492506,-1.375125483,-0.455566255,-3.865366902,-1.184989857,133.36,1
81173,0.1016355183083573,-0.279884638,1.9162061461058773,-0.072181894,0.077081808652825,0.3008418819195678,0.4829547010511607,-0.130410444,0.7441541675152907,0.4238032211280993,-1.276233795,0.8373490781429522,-0.376709401,0.501538870953238,-0.860228314,-0.005030637,0.6387424958891961,0.1528319695386358,0.4318217023178855,-0.193958856,-0.094945434,0.2940577462487513,-0.098723836,1.5812922640098064,-0.299410743,-0.737220015,-0.082438783,0.0827069549746057,257.79,0
367243,-0.902260119,-0.740547403,-0.662470963,0.5688270644999519,0.0200976301823814,0.315814536398075,-0.415784802,0.3361715338771554,-0.543713359,-0.683935626,0.7240649227298064,-0.828300673,0.0294580614982959,-0.548971498,-0.026729423,-0.953064362,-0.809441682,-0.820199056,0.6105367074105801,0.298244632456598,0.3111646766771507,0.6340071822305314,-0.981458384,-1.999458516,-0.320179453,0.4554097828877224,0.9399782062381008,-1.033047926,2821.13,1
271626,2.0934879463288603,-0.819937861,-0.039212876,-1.646013664,0.0724187003142464,-0.067429262,0.2797245341460715,-0.24916053,-0.450508696,1.4882266669507949,-1.013947699,0.5269110995650592,1.97819741255266,0.5597701141334711,-0.011459766,0.1073702394335354,0.5707553833037229,-0.034166685,-0.31690164,-0.483389479,-0.224619638,-0.420816033,0.2836182315056984,1.2775306203991683,-0.264137999,-0.819939534,-0.256906092,-0.214585233,9034.27,0
468204,-0.110118069,-0.154631093,0.8349622608330535,-0.28077087,0.6101417646759565,0.30266321581449,0.6223526234826077,-0.128184808,0.1792833498496686,0.4651918069840933,0.0104270336703878,0.5637334365839918,-0.574927215,0.3389964332126052,1.1061407257213405,0.6228175505833828,0.7187344646226952,0.9214618547783916,-0.006925746,-0.309531318,-0.127296753,0.0454654690303803,0.0073629765980939,-0.559333885,0.3581271923432454,-0.366220244,-0.115689118,-0.082949246,16704.81,1
149562,1.7366629646340122,-0.374751628,-0.043516745,-0.307592788,0.3355652296401953,-0.38342281,0.4958679627450787,-0.248846306,1.959398163276684,0.2870056649503699,-0.290946391,-0.323961822,1.3654933015566717,1.22970430423449,0.2408784117477157,0.5513387009608975,0.932091958506626,0.8874234290302535,-0.853724638,-0.397232023,-0.078170537,0.4674086025725075,-0.044590454,-0.235749497,0.2331962733032873,-0.311440393,-0.275478821,-0.183159128,9860.05,0
179076,1.8763832455427285,-0.500114428,-0.0256178,-0.542451447,0.3606834118775794,0.0912502611032586,0.4631170020216993,-0.198141203,1.024317615116737,0.6452996822176525,-2.182065293,0.3446539016803241,-0.826940511,0.96940622009306,0.2276981452316269,0.6303958554700035,0.2642220955001002,0.0824156216870499,0.2392701050333734,-0.435287307,-0.254810041,-0.893615683,0.2074987538483637,-1.68540613,-0.401183817,0.5916497551092506,-0.327054315,-0.276477525,14262.77,0
8077,0.9834402856183448,-0.432939226,1.0864985008785983,-0.5137573,-0.014178721,0.114559812201287,0.2877243144136533,-0.181926184,1.4257657975453206,0.4474448567190652,0.51187327932523,0.1276174181015628,2.847007416879365,1.8309971659720157,-0.31753844,0.8767371985379232,0.4594888894745133,0.6472489641135895,-0.386882372,-0.17074883,-0.098731886,0.2468167955586642,-0.039767357,1.246572206481762,0.2211640218494563,1.979231387706686,-0.33408652,-0.100079601,17752.41,0
265227,0.1092907281946513,-0.122893765,0.5693289978327131,-0.961584016,0.4332835369342998,-0.168359851,0.837049505285898,-0.194627798,0.5600289214630221,0.5495297767459324,-1.189869718,0.8383954169293203,0.3590273621355527,0.6984133528911796,-0.434616179,0.3602923138411829,0.3257708778824129,-0.165750158,-0.376562202,-0.067867626,-0.219033806,-0.5292279,0.0568960469287686,0.0076145276895285,-0.78758927,0.3436500303948387,0.2089144393203878,0.2734363776362839,17677.97,0
95393,0.9526670816516726,-0.312000438,1.1250520932987491,0.2760864004465299,0.062466656951458,0.2956128435194834,0.3529641324892312,-0.149683607,0.2694649064542445,0.928737337381228,-1.073829667,0.4328563842029133,-0.158577746,0.7806976531263772,0.9182753750456611,1.2118538053840835,0.2284132367290819,0.4146623381023434,-1.332403979,-0.316993766,-0.04735809,0.3007470534297388,-0.082611067,0.8230848416609222,0.6171840016441349,0.2338679454997208,-0.227022289,-0.027243283,7339.51,0
413855,0.0354997576326558,0.4520092051513231,-0.356979394,1.1183448289740143,0.6512469741016574,0.1745855603592134,0.2917194335710985,-0.014480572,-0.939644796,-0.098431927,-0.203110633,-0.510390329,0.3224048011974099,-0.789916658,0.3440935395255731,-0.011371127,0.5508985087571293,0.6224992935556832,0.7828355272046851,0.3354680473934673,-0.062761836,-0.514930911,-0.240867738,-1.690419943,0.4361959551774867,1.1390112279717892,0.0437623552272839,0.1906344552534757,1900.74,1
27277,-0.319434096,-0.633785112,2.321223094296488,-0.750140061,0.2346465978618982,0.4405925883240039,0.3456189083217357,-0.049773433,0.7106101793325643,0.3647241540728659,-0.129802501,0.6127280053284003,-1.791579571,0.7539488382381704,-0.344239964,0.793204247874683,0.3089271493364577,0.5380268350503307,-1.154551248,-0.361549567,0.0057061058975492,0.5906275247668523,-0.107139555,0.4881317403553523,-0.239902866,0.6696754871695524,-0.314041827,0.3602425934820386,9315.87,0
393110,1.0308578623882838,-0.338105358,0.1116029822520884,0.6857572169059335,0.8447491613297777,0.9715905222857478,0.2733325988781446,-0.095022839,0.1502236473433685,0.9531636440666738,-0.262216916,0.5709040240544354,0.476805783751198,-0.199063453,-0.825639626,2.5922710923148307,0.6637769579503414,1.8618631953026887,-1.483295924,-0.457950057,-0.1129149,0.2672290948374834,0.0542148772531181,-0.349566966,-0.375536218,0.1697888827762156,-0.248288719,0.1092608575975195,8159.28,1
206390,0.128830183008294,-0.068766367,0.4228093273489721,-0.300126621,0.755678359962527,0.3205684805428626,1.029393967098698,-0.183545911,0.0037850854550879,0.662705485797357,-0.42357807,1.038192394533863,-0.056925964,1.1122181329830412,-1.057404653,0.0234262999741226,0.3791571044478416,0.4786093727312037,0.7316621761152062,-0.034072762,-0.041597366,0.6563563595295997,-0.327727976,-0.682180248,0.0068581418967867,-0.897363651,0.295045411336245,0.4570788767922589,3069.36,0
45308,0.0510447127895131,-0.737653617,1.2617241282556135,-1.51131133,-0.057539324,0.8964579066835112,0.6637228531198865,-0.156318581,-0.038734039,0.76451608331904,-0.593318964,0.015180567895784,-0.708699375,0.5454517637531902,0.3411055811511181,2.2792084504002843,0.2518833566376203,0.3805377462304073,0.8155595216685511,0.5502444230689492,-0.008571421,0.173638492459241,0.2740892668432601,-1.664403473,-0.063490169,-0.731269554,-0.46325266,-0.582509973,2420.33,0
78412,-0.86418464,-3.225233352,-0.210321949,-0.388210579,-1.185925666,2.0050966857989696,6.418030966578239,-0.315137386,-0.172678146,-0.225234146,-0.341285493,0.3872717179818457,-0.515788455,1.097610155592216,-1.060726131,0.9730439220417548,0.231607338344121,1.139897621969062,-0.606781959,4.520715745484492,0.4575215704235904,-0.091364086,6.530416286391264,-0.361439761,1.397630806471111,1.6531196934428072,-1.076856797,0.5698946306732626,19363.07,0
381557,0.8778063996146069,-0.253908802,0.6276442418781724,-0.135178578,0.4090129160726127,0.3598750082608257,0.5552879796686156,-0.195374415,0.2726512442792278,0.6906089886395206,-1.039806653,1.12265806013975,1.481758969926388,0.6838836186843745,0.3956753112653676,0.7885596003574862,0.1772420265375157,0.2978650061181654,-0.509248482,-0.212177593,-0.122084843,-0.072356878,-0.158320144,-0.35061616,0.7788984187502036,-0.83947845,-0.271976796,-0.162024826,6823.68,1
135313,0.8700829938991149,-0.483403355,1.1081553179699797,-0.044566935,0.0382106462764736,0.7437503838649349,0.2810229696946107,-0.080395938,0.9058264999306646,0.5629326087047084,-0.103109342,1.8895365061564,-0.428636458,0.6248006521305574,-1.413066852,0.1236184509522209,0.535739430214451,0.0566395230635711,-0.252146234,-0.362858366,-0.110440263,0.2036975326956242,-0.086301727,0.5190971070615837,0.8339203230942487,-0.681402155,-0.159808616,-0.063415166,7710.89,0
313556,-0.048914832,0.1046279439940899,-0.40076912,-0.24580265,0.2628981306813594,-0.271728839,0.0641481517648353,-0.055928218,-0.67576258,-0.255715638,0.1825069774216785,-0.401278633,1.0040427028491767,-0.691654537,-0.468159857,-0.589346113,-0.212376865,0.2013798717462233,-0.848223177,-0.249919638,-0.030500411,-0.346644055,-0.342831748,-0.040892545,0.972667479796614,1.302045364075291,-0.211080401,0.1970244347638831,8414.53,1
512319,0.0178461017940307,-0.062497734,-0.378440295,0.3670834807543047,-0.417345396,0.1223212081331255,0.2087203993522489,-0.023937264,-0.129370559,-0.342888556,0.2903107643784439,-0.359615199,0.6915996884113111,-0.583398951,2.276441205615925,-0.500804556,-0.145254405,-0.007467028,0.8158088270211251,0.527681375703698,0.1880977374554365,0.8587085524994187,0.7108821327862536,1.618680452545725,-0.640762963,0.1141065273686779,0.0772966778145658,-0.118639799,16577.83,1
99592,-0.211365424,0.179010417106943,0.6636688656467119,-1.40070704,-0.373754873,0.4145220409073212,1.0373852887480404,-0.012007848,0.2686603672630467,0.2230346253672993,-0.755997669,0.740829933680889,-0.284954995,1.14442788389809,0.5618208738761713,0.7196502804135735,0.4752652192149683,-0.245726157,-1.168292509,-0.807916017,-0.207039133,-0.276233074,0.2555378010340635,0.94005892648895,-0.558380384,1.4726788665333337,0.3432578679643503,-0.201734752,6827,0
473654,-0.223241619,0.5763534448029083,-0.902300798,1.2328803196433633,-0.314664217,-0.752468964,-0.76445859,0.2089668013718384,-0.910228028,-1.103579992,1.5875912076648262,-1.365187253,0.9373734627800658,-1.534423249,-1.955564544,-1.227908292,-1.28730625,-1.079341162,0.2011299839402481,0.6333570502715149,0.2831488231397313,-0.189385901,-0.195101365,-0.816285028,-0.07245884,1.1301993830993404,0.8162933484170659,0.2873987546324719,23540.66,1
401848,-0.528949079,0.4772906234551503,-0.393706689,0.9358044682980472,-0.11471496,0.5948590155933962,-0.023411585,-0.376965784,0.5498846365072122,0.0495626678328189,0.8635500968599321,-1.14657141,1.018109623305744,-0.889129901,-1.032222003,-0.656172613,-0.501017328,-0.256291228,0.2373192091069856,0.1492029120417547,0.3091236380363165,-0.382671301,0.2288012335824874,-0.106502644,-0.419360653,0.0166842865457186,-1.335175609,-0.494017257,16957.73,1
89943,0.2525680962020208,-0.239146798,0.3788095542029898,-0.848268557,0.3560289004194494,0.6717240399252161,0.1926264974376889,-0.670493826,0.4075943742567769,0.2940403853809639,-0.931321884,0.5004276504200621,-2.181757798,1.494424278372854,-1.085052426,1.0111578203082932,0.2196585659117929,0.6529100196059178,-0.321014918,0.1991617033537202,-0.66371257,0.1426893052302651,-0.172297504,-1.403783939,0.9072026092196792,0.9347762214176086,-0.182033611,0.4968394400839196,9072.27,0
396705,-0.308559845,0.1877112970542953,0.0111623679075938,0.4058198460871235,-0.395291615,0.4427476228501809,-0.068626004,-0.257507883,-0.185507789,-0.387082527,0.4521938662987055,-0.493388465,0.5698571621988417,-0.707913946,0.1981114769303069,-0.974484956,-0.575641299,-0.93320123,0.6827752022141464,0.0313160576495984,0.4373850340756032,0.210431135917134,-0.013272928,0.9217817539997564,-0.466243534,-0.53572513,0.4423397233066622,0.0541002259756249,21238.07,1
113448,-0.417352541,-0.461619815,2.293416150764099,0.9239048499471368,-0.031746481,1.3791730226982954,0.4060851644918856,0.0967169957812318,-0.364920093,1.0602477245221456,-0.189540537,1.078277433782836,0.1386974049584074,0.76226688105859,-0.59190942,0.3101824109963266,0.7604210247986781,0.3962003944476152,0.6860318907657083,0.8745059208937146,-0.028026677,-0.074659601,0.5862623219131308,0.4315077961076947,-0.140655397,0.6515665701143162,-0.003553502,-0.135018492,207.26,0
401165,0.8646337376330336,-0.464298665,0.0341558384193456,-0.231404819,-0.34104542,0.4793365806611904,-0.198852898,0.0485971963378243,1.186855849503704,0.0149967998292854,0.132502775284735,0.2063280562761831,-0.429554267,-0.021441955,-0.12593429,-0.500568088,-0.224765208,-0.090178958,1.517093891126452,-0.037346095,0.08609097655608,0.8558485154261352,0.2762773530224351,-0.329451166,-1.321806502,0.5526233867028434,0.0769188696484754,-0.174147076,2029.74,1
359605,-0.47471836,0.3369543233002145,-0.311946415,0.7022076942976434,-0.494468893,0.2295667204545657,-0.401667716,-0.11033587,-0.540769183,-0.441837353,0.548444462384684,-0.933002213,-1.145717925,-0.790502756,1.5786970124173063,-1.085787151,-0.880346781,-1.056440471,1.0066517080675028,-0.015384882,0.5365220081529176,0.1831331443239784,0.3513124553499715,0.1702585583658669,-0.641861929,1.0519533328791937,0.5960758341289707,0.3226209114785485,19380.49,1
201365,1.7991155106793768,-1.161244819,0.3421156631178312,-1.465765372,-0.328524559,0.2712291963075189,-0.001588102,-0.144043689,-0.032960755,1.5408647152779693,-0.261183954,0.438639996882555,0.0635977572512129,0.5048547459906876,-0.563010434,0.3839807762857095,0.5136587156184479,0.9972634542308744,-0.446957689,-0.48291842,-0.02237213,0.8850171508996268,0.0709215445565798,0.0830777752660838,-0.568634547,0.0472102217113762,-0.20667334,-0.196562234,10458.9,0
67839,0.8709612530720445,-0.424444685,0.7403715386655774,-0.038895561,0.1202478896786389,0.2649544944935809,0.4797282642873522,-0.162623351,0.6692596442735601,0.5387974115023124,-0.774427946,1.078844437177752,-0.19947199,0.7653573442135505,-0.15668517,0.0676357417456053,0.5796870918198176,-0.245859053,-0.662418306,-0.277287789,-0.124389137,-0.068228654,-0.087066516,0.8657295496721241,0.9202272431000786,-0.807764755,-0.202347102,-0.034226255,22971.85,0
484963,-0.110173709,-0.095624612,0.5191556405156182,0.4238377597538839,0.5214147658122479,0.7772852043712345,0.2689039541426593,-0.180349583,0.1068176574932759,0.3371878506424963,-0.192460117,0.0368892426593565,-0.975308326,-0.191199077,-0.267975795,-0.063022075,0.6130041265505707,0.367121045501673,0.4002561110321078,-0.268443059,0.1130168631952929,0.2728300466560443,-0.314407102,-0.969263166,-0.453616409,0.2661219468422172,-0.108928531,-0.50038114,14344.09,1
99318,-0.259438162,-0.087524179,1.2372302902956391,-0.623504207,0.3039529426488213,0.0068936566422235,0.6789468707814379,-0.223654056,0.7957390392973674,0.879148549813567,-0.442800515,0.3345871490493393,-0.979532477,0.4132304864075347,1.6503054174175644,0.4101995201669891,0.5503602234684993,-0.06036115,-0.706432115,-0.215389084,-0.218625268,-0.585021459,-0.08879764,0.7025273456437374,-0.662529206,0.0182581946053002,-0.686953018,-0.159503462,12483.36,0
417058,-0.185813255,0.8719428399797925,-1.014955777,1.504753840869909,0.2856505626902814,-1.170750011,-0.29360343,0.2070010695779456,-1.362881326,-0.788707677,1.0107898764282977,-0.952981844,0.7458961168346636,-1.518552349,1.0241717624464683,-0.381339337,0.0111655063165423,0.5381887121199792,0.3126181323363129,0.4926045789135881,0.1077245471693725,-0.490183579,0.0627080804282664,-1.319749214,-0.079622516,1.1127043912928778,0.3408263367780598,0.0127263451366947,6138.73,1
124371,-0.356078102,-0.347775487,1.4970697938196873,-0.573344758,0.4004667143404799,1.0674390838187768,0.4101341208323962,0.0780598114446139,0.3512924976302788,0.2235483797279705,-0.514763159,0.7713813564724248,-1.086562015,0.9696002490338465,0.9558088699621448,-0.213466364,1.1452093993878565,-0.765775752,-1.253249437,-0.537166812,-0.107973124,0.024416269958189,0.2669058941257756,-1.040564951,-0.011122856,1.1064579582012195,-0.384269285,-0.252020552,4891.69,0
298365,-0.209161938,0.3323331832824013,-0.769117952,0.4684755699901687,-0.653532755,-0.704703108,-0.454606919,0.2049002464813539,-0.665105927,-0.630085738,0.4164292089519608,-0.853201397,0.4161138943571018,-0.589833235,1.2629921079917337,-1.299595262,-1.087654925,-1.203299978,2.3339166552446944,0.1513593438406032,0.3220103449009306,0.6843867800388773,0.21421454443812,0.1800600382063154,-0.196646236,0.9647919716284262,0.0155810496358454,-0.14271859,12657.55,1
201606,2.142526279804851,-0.829596372,-0.028123781,-1.66198369,0.0626179779755982,0.0237972367438729,0.2309217944739514,-0.249229622,-0.405057219,1.5016621791027207,-1.21051978,0.568321775499827,2.5123596117019478,0.4572190432970085,-0.003857144,0.1590406517771301,0.4962215630146611,0.2833877015462799,-0.406887447,-0.464024415,-0.077872046,0.6711738941810105,0.025034472779443,1.1541750317765649,0.2741244644329232,0.1225125422781113,-0.244092716,-0.229957736,18550.81,0
253452,0.2924869995384518,-0.13826278,0.2236216296846821,-0.094588081,0.3995258776192977,0.2870118026062615,0.4030514284280253,-0.753353619,0.1025696296593793,0.3728789241233272,-1.475200633,0.6582339013005116,-0.924044581,1.5537529243073462,-0.253821295,0.0349048260413986,0.5571195656687403,0.0751027744071649,0.0930574613095885,0.4623264723844311,-0.594368404,0.6427626048968335,-0.271915472,0.0174639541710406,1.4201831963089446,-0.716714263,-0.076472634,0.6118657335367247,2334.04,0
470974,0.3156183837506544,-0.80393786,-0.174998543,0.826714163596878,0.059486023525793,0.2773106242557911,0.8403887651712406,-0.193662293,-0.087547959,0.4056081680402854,-0.481896923,0.3232002939632009,0.6558102664647442,-0.190998155,-0.495988777,1.378237273889081,0.6539348902655581,0.4559368278544278,-2.259364026,0.9917165211284964,0.0356930998100268,-0.517647002,-0.277987831,0.397043073603644,-1.034530208,-0.498237363,-0.246918093,0.306980949957914,23508.63,1
154259,1.5949174093774814,-0.663672637,0.6213352418888959,-0.408565413,-0.102376913,0.4091710207711945,0.114944687078197,-0.120244104,2.490191044444556,0.5086034477679463,0.2003497365481764,-0.114546374,1.1283785195842333,1.8245511032968915,-0.617983521,1.0560091718111446,0.4328428624390733,0.9168734974582288,-0.50737804,-0.373323784,-0.120739607,0.0954682933035705,0.305677111028216,-0.026458558,-1.197887504,0.913976490853206,-0.293781848,-0.221924752,5880.98,0
556873,-1.437617712,1.3657519578199315,-1.428151956,1.5617009504286097,-1.62253623,-1.429312475,-1.746243482,0.9312393510398894,-1.841611778,-2.007042441,1.6282428515896523,-1.736040573,0.4535270539396835,-1.691810262,0.0034244614431429,-1.947546353,-2.05550418,-1.949519752,1.9790211417160657,0.3904491633576467,0.5021556912485687,0.9206576808681132,-0.287208951,0.9635280199727276,-0.425984361,0.2867367697987637,0.5339369208314417,0.4607581997467802,4441.54,1
256798,-0.065708259,-0.1299404,1.099947818498164,-0.824120546,0.1919391325936342,0.4932461063140742,0.3998400902413017,-0.022568062,0.6964979169745595,0.2723303507500695,-1.564736657,1.0933371487940986,1.0675018295116123,0.6212568328214887,0.2614143516852142,0.444052258941182,0.3421927762215273,0.6109686355567793,-0.063074288,-0.133066268,0.0030467932064728,0.912360306366516,-0.2251281,1.6512695118554894,-0.29315601,-0.426114477,0.1573001853681072,0.3261133502174031,10819.58,0
330263,-0.718034887,-0.013164496,-0.652831602,-0.082350575,-0.059953545,-0.607112283,-0.182676305,-0.473588489,0.0384474906183522,-0.658799043,0.4166992211589993,-0.774392829,-0.52040082,-0.755148707,-0.234832749,-0.43052986,-0.404088412,-0.201284599,-0.143654768,-0.710726541,0.8607664738870352,-0.859959723,-0.068575028,-0.29103253,-0.243882411,0.6916625153390306,0.959927224280262,-0.194034524,11021.51,1
14610,1.0172242716427915,-0.410135416,0.8112168994340379,-0.321651653,-0.027859291,-0.276069036,0.4105968421677242,-0.17739941,0.7060485515809898,0.5952123071365504,-0.784019498,0.2961951527717971,-1.766837636,1.1345666707198634,1.4832905502709548,0.6683348998865589,0.3815126317759271,0.07966262513589,-0.414139906,-0.400702757,-0.208140734,-0.7862632,0.1804559185778701,1.400497526035142,0.0851759284141505,0.1973329396110761,-0.285910243,-0.055607048,1105.34,0
294408,-0.043144929,0.8935385346198661,-1.023268962,1.4609256327658315,0.3762285575479759,-0.831811352,-0.29912265,0.2161156852783309,-1.376635125,-0.733881067,1.3023395070048682,-0.883994862,0.8232402813264005,-1.520316525,0.3862421272656824,-0.340443919,-0.053947286,0.8243422467153935,0.4629312818320883,0.6354864339921482,0.1068943791873548,-0.457604069,-0.020462595,-1.843235163,-0.070709094,1.1235811259830326,0.4633437710697375,0.2044116920666609,2762.98,1
366876,-0.008219803,0.8734829051698614,-1.014106903,1.462287920830137,0.4045116937774889,-0.827044789,-0.285701123,0.1948458118995842,-1.377488486,-0.73738868,1.3044562555572403,-0.889291368,0.8107549280181411,-1.524824255,0.3992112385342911,-0.346336999,-0.059167572,0.8169659394539401,0.4658331657517663,0.630402602230739,0.1059832288262419,-0.452951023,-0.031353733,-1.835782954,-0.093941044,1.1206931032693137,0.4662470261794513,0.2014144818606087,22590.7,1
249181,-0.683811645,0.5169404600003217,-0.621252736,-2.116127881,1.1028365728015832,1.691395437943242,0.2023829752719252,0.5590806224714794,0.5348284389435047,0.9853592752052936,-1.099353147,1.2070653190725242,-0.088306512,2.2903521154662503,0.1489536293528705,0.2881940937689615,0.5305624180485374,0.0556250257745269,-0.64782177,0.207893006842104,-0.03104401,0.5660356015440584,0.1169205430907797,1.5628925972956116,0.2163499188644168,0.2397012036550152,-0.140957658,-0.474061893,18983.67,0
241427,0.1082911634867879,-1.027972217,0.1106842726473592,-2.938181491,0.8679541180086641,2.394637169900597,0.348602119555237,-0.002654361,-0.290223058,1.318022360939164,-0.806581726,0.0751948284833855,0.3214242079949679,0.3720546816287515,-0.101413007,0.1782979156007678,0.4768864631280695,0.2788328081570633,-0.689628494,-0.367971167,-0.196428374,0.0787415167056646,0.6016983040307877,1.4347328457076969,-0.505812843,-0.537380948,-0.047045524,-0.727330948,2716.92,0
429263,-0.193465443,-0.523095284,2.1420778418540345,-0.15149959,0.4209203376304533,1.1338984670002512,0.2429855357544891,-0.279940263,1.1650794423284057,0.7154032158760675,-0.155209692,0.7112854882944281,-1.822975468,0.4396189028971674,-0.647587929,-0.117622832,0.6073970153474764,0.1956703281468216,0.144828887593994,-0.672551342,0.2269314070661397,0.854796662296205,-0.359435877,-0.417636018,-1.007430811,-0.413074603,-0.19560095,-0.948034227,17930.71,1
138673,-0.142928936,-0.069370082,1.282652125219538,-0.447620003,0.3067371725957538,0.5666746298667826,0.4693173918702528,-0.003856314,-0.136904619,0.3435308383960906,0.0425917106582617,1.1100018117548025,0.2796487454533636,0.8250191459045056,1.2317096437087731,0.5322339728241572,0.6204165533183753,0.4551089947116455,0.6324834870875347,-0.094848148,-0.149669047,-0.514481396,-0.134385833,-0.576837887,-0.141568296,0.683652200441776,-0.315433714,-0.117147271,1557.97,0
429464,-1.885151125,1.575603279212664,-1.734280449,1.7173628325932464,-2.224087485,-1.166356342,-2.09876472,1.4747257250295471,-2.478643072,-2.050778967,1.2106346681448683,-1.472031911,1.5742724537699206,-1.202140253,0.6724055954790842,-1.832932174,-2.097024142,-2.181937534,2.345807259464765,-0.560282197,0.3363784339738019,0.1890466992608512,-0.423064959,1.3874394820372646,-0.391869373,0.278168248953595,-1.981475073,-2.119153608,13078.51,1
45281,-0.139343782,0.0680595974279891,0.5039936452741218,-0.157257244,0.1545533793922611,0.3160106148689968,0.4286434287722324,0.0490525327011076,0.0108327698738048,0.5776054182350615,-0.411185065,1.3692362604425283,0.038572971873011,1.3869748612977733,-0.603706194,0.2755863743969575,0.4993206805872136,0.7123435010851269,0.8394064142146952,-0.2669161,-0.020859974,0.5065546518074192,-0.089013559,0.0653314779422111,-0.670203932,-0.628911179,-0.150797288,0.1900517387868446,16010.7,0
78063,-0.119009361,-0.17945583,2.802015450363021,-0.065950953,0.1611386867709917,0.7657323027693268,0.532516031608937,-0.058355764,0.1200376896992969,0.5494283941051228,-0.378626898,0.8311758910773923,-0.576766573,0.5659144624796751,-1.639388029,1.3028064820827074,0.1810690341622828,0.6411286094494691,-1.323800029,-0.299688231,-0.080119667,0.0540957575903395,-0.15761641,0.6149356010094214,-0.103295539,-0.508337339,-0.14819887,0.1463773456520463,4239.53,0
152161,0.1815128635392396,0.0974680786326063,0.4760809304565615,0.3966143441914233,1.0419159184851687,0.0212860411883575,1.1286034183594555,-0.250434616,0.042713377221364,0.927353619152014,-0.909978078,-0.511729951,1.0646237901257334,2.533380395484644,-1.791784264,0.796771177454804,0.4094740763065697,0.2185715894182361,-1.983850237,-0.532267904,-0.071771803,0.2641814619774539,-0.269355834,-0.170710187,0.0387833707863722,0.0606879744685344,-0.437931018,-0.034883239,3476.49,0
413577,-0.619330038,-0.220054142,-0.517090013,0.2046021502981482,0.2453725506072776,-0.416421948,-0.577723557,-0.217055709,-0.540054008,-0.498630129,0.526129226622398,-0.437568537,0.8058839659182403,-0.419983064,-0.486225571,-0.63192639,-0.942572497,-0.643251469,0.2779115818135344,-0.263652427,-0.169415717,0.3907352174129623,-0.796130466,-0.213203756,0.6856367473020963,-1.208055247,0.5086811789881646,-0.083733534,21223.39,1
48406,-0.960358165,-3.058172583,1.4299883823668214,-1.080148589,1.0431195595015843,-1.004102156,-0.349680411,-0.001413136,-0.38534488,0.9550125115981696,-0.681070409,0.3074730250578996,0.3673408943903385,0.6784913251194826,1.4330862988969078,0.3503700729679927,0.8599232115780073,-0.066760061,-1.766085028,-0.899553134,-0.14711606,-0.415388059,-1.717694815,0.5603874144973611,-0.814888894,-0.822261471,0.8878987932432258,-3.649778974,18512.74,0
61954,-0.229322245,-2.35824987,-0.223681445,-0.631359722,0.4375187372202281,2.3409096223942143,0.8277243006239491,-0.034520817,0.5101549312751583,0.3299555405676924,-0.581358832,0.7004193660345347,0.4383849100311823,1.0639551553491364,1.980329181373443,1.2557536777290936,0.1983719937983203,0.4510447272854782,-0.253414294,2.4368511348277817,0.0943746740147532,-1.498327165,-1.008878419,2.458099271172322,-0.604495265,1.2921277631335109,-0.576997486,0.4746240834125657,5070.32,0
370718,-0.199019608,0.2205067641907719,-0.132362768,-0.109262387,-0.035363723,-0.530812185,-0.010931962,0.0377269840297251,-0.445751708,-0.467042213,0.4051518979582272,-0.438040234,0.0272783873373043,-0.511203959,0.4821101742117063,-0.578700081,-0.414706986,-0.657761364,-0.234356157,0.0353377237492339,0.1042133860686325,0.1175053866009702,-0.09103163,0.8606973280648129,-0.298525679,0.7777487818990177,0.283412686713119,0.4552121847935744,8987.44,1
365839,-1.069012494,0.0152637325442416,-0.891331489,0.9845433368726108,-0.590008995,-0.627637844,-0.897478028,0.5016697084712711,-1.069844541,-1.216229409,1.3729385154425684,-1.290513045,-1.511017302,-1.316675619,0.2902125684027343,-1.468462311,-1.458174154,-1.332395093,1.823448179539899,-0.467796811,0.2938419568546068,0.0780873013979734,0.5822791973225128,-0.955335857,0.8792265066570946,-0.065245452,1.0046375835750296,0.2676100712901337,4676.14,1
323755,-1.70210846,1.4259529102551731,-1.583706567,1.5726385614565228,-2.008277752,-1.325610686,-1.96239731,1.3054175826052654,-2.164731237,-1.960786952,1.3054504948780623,-1.605859512,1.0543501548550476,-1.146788624,-0.162011352,-1.951726926,-2.185393359,-2.293218422,2.260244560054099,-0.501758227,0.4213950251449574,0.102513381116514,-0.227275002,1.541363761713898,0.1448205172985205,-0.195144118,-1.548796881,-1.66822478,17286.18,1
305835,0.2642316751768279,0.0029283906822022,-0.03966796,0.6482765891020189,-0.147337042,0.3195689670299341,-0.219407337,0.0483424375026082,-0.319644495,-0.176876033,0.4533199151001407,-0.517804009,-0.989569043,-0.566725177,-1.137465483,-0.436014862,-0.603064793,-0.334458282,0.1931711706692206,0.1238740276823703,0.0566514028224084,-0.164794231,-0.195990929,-0.37994266,0.8644529814804814,0.340096137490988,0.4715477999319648,0.5640792866201977,22327.14,1
387941,-0.524692304,0.2269807407120112,-0.712268737,0.4120009785912646,-0.406964415,-0.463954683,-0.324793241,0.2217878202721573,-0.669394004,-0.859390479,0.7328096625863161,-0.904369372,-0.392329745,-1.013535274,-0.211378474,-0.901117695,-0.904577354,-0.644245614,0.9475479070685524,0.4558118850937545,0.2040992253442169,-0.112975235,-0.177012465,-0.955107846,-0.102258044,0.3271114559311425,1.1291566853391013,0.2388099654222276,9713.49,1
368066,0.1630204550479523,-0.226588883,0.6063192237280706,0.0561837824023378,0.6570374514584972,0.06037076497405,0.6370052519599064,-0.203609398,0.0365581979082413,0.7780106535823732,-0.757652246,0.2656215906231571,-0.285274814,0.3871768964965388,0.865972782104951,0.3563406101303495,0.7957241183722555,0.30016968368746,0.0472426703127043,-0.075197202,-0.013816726,0.6905130036272401,-0.011247933,1.3622312887323358,-0.996368235,2.266015007034738,-0.461617508,-0.054939807,5874.99,1
358983,-0.675469092,0.6112229735098323,-0.871118388,0.1618353503518217,-0.154215398,-1.624446951,-0.496249575,0.3523875777368339,-0.854554231,-1.068639053,0.676138189525997,-0.917664648,-0.050392918,-1.095028057,-0.079319034,-0.908720869,-0.793009151,-0.645175992,0.479718583607472,-0.040404684,0.2829968216593903,0.1282622632357942,-0.521043897,-0.707530024,-0.249241563,0.1514298462675368,0.4484484280065496,0.4963693905291588,2524.71,1
158496,1.5465505149292158,-0.655400486,0.0399046127214933,-0.578830096,0.4915781155579463,1.066182235034007,0.2992328213607355,-0.082103196,2.3265277823914987,0.3938994830603666,0.1195620023398295,-0.127993279,0.3978773598584945,2.4153150652335222,-0.834281035,0.0032951082368444,0.8584886167652741,-0.15582522,-0.56528122,-0.491189929,-0.186851155,-0.219400578,0.1677419928650908,-2.638680935,-0.576623471,-0.024527792,-0.265416131,-0.299908787,1986.75,0
253679,0.3193141991958996,-0.124121624,-0.029622736,-0.822694615,0.5664963137637576,-0.100001927,0.7017629193754793,-0.094419289,0.4323841700459966,0.1905516685110038,-1.53479183,0.3020287246154245,-0.87792666,0.4290336230593249,-0.369846094,0.8481313695827772,0.6878902083611358,0.4093865597159774,-0.43593254,-0.461249539,-0.159023512,-0.521829745,0.2403612062184574,0.7240979707525509,-1.309875381,0.3382695538991095,-0.386544542,-0.167121718,21731.78,0
188430,1.671664563133055,-0.419014769,-0.052725681,-0.149115223,0.3865817354956776,-0.186981007,0.6342900157162732,-0.206083879,0.4355328664853257,0.8584332390623938,-0.185167248,0.6712025014233519,-1.760778214,1.6532145999865693,-0.272705877,0.4055505956006857,0.2770529687793706,0.4134805712067726,-0.383918231,-0.492862203,-0.061990087,0.1584402581707749,0.0381592917234754,-0.04380227,0.255575051890512,-1.543906988,-0.283427441,-0.259193272,7281.79,0
361703,0.0772758572960298,0.1176641917577808,-0.177684661,0.3383482016504937,-0.135791828,-0.370079797,-0.160557361,0.0214464106687223,-0.320059583,-0.395019553,0.5664964850211107,-0.68265651,-1.826369119,-0.631436657,0.5887203452088313,-0.405733285,-0.554838979,-0.14360069,-0.115972397,0.0835689930298625,0.0975101279481607,-0.121671602,-0.242783342,0.0350642163882525,0.940397801541191,-0.318378422,0.4185935253168963,0.6240589668719825,19116.01,1
361313,-0.294279353,0.2314374966711669,-0.034212426,0.1416414773006145,-0.083453193,-0.148548884,-0.112738192,-0.168339797,-0.303970115,-0.24646629,0.7043937840862059,-0.522710894,-0.92605588,-0.518276426,0.5440084449102143,-0.57022183,-0.584342799,-0.171311779,0.7384412239104213,0.0219575816771032,0.3533575642390261,0.0668090618874096,-0.048515148,0.2252151118914665,-0.219937397,-0.855898986,-0.185431213,-0.437775938,21324.7,1
104789,0.2303818460795744,-0.583042474,0.6054304396474167,-1.979634174,0.2691771839849581,0.159613024092522,0.4517903119875846,-0.198968301,-0.680657961,1.1651127231097405,-2.301585192,-0.174135805,0.0289905319185472,0.6483200559358077,0.2213755538401186,0.2355189561181308,0.5109413218869252,0.6486302383961634,0.235279183827676,-0.386307088,-0.175249556,-0.256776902,-0.318415606,-1.683947124,0.5978360721108767,-0.073796693,-0.231757032,-0.103182198,593.77,0
556554,-0.923200577,0.9653680642000289,-1.114876331,1.684534621715597,-0.663064847,-0.653922854,-0.959767099,0.7164376210803087,-1.175978905,-1.024134991,1.621949320249383,-1.397256997,2.816891129784552,-1.303466992,-0.319090894,-1.061911797,-1.018585896,-0.62120482,1.055695478501656,-0.050787369,0.3517328609167135,0.2051044596999084,0.2412720963613697,-0.923271613,-0.364652999,0.8928627415757392,-0.636360314,-2.158962856,23219.08,1
337530,-1.996166076,2.0732396994728632,-2.188362259,2.3373722400851507,-1.846953754,-1.192248339,-2.222767181,0.4372961741345983,-1.900407008,-1.872028154,2.0624849372485308,-1.668813538,1.066028768873805,-1.590054022,-0.500175876,-1.447340517,-1.320832244,-1.418966402,0.2367193426165473,0.8223390188689502,-1.120220675,0.8666600706786463,1.3960449652953535,-1.71751357,0.1280330506440765,1.4118759734311608,2.953523686567377,-3.587726327,11274.29,1
12703,-0.273464328,-0.106052113,2.8498641388415136,0.0212485134583722,0.4135182504419026,0.9547362726394024,0.4397606009532763,-0.109678005,1.1112422605226575,0.463574481567438,-0.743869526,-0.29109599,2.125124346293984,1.150486092048287,-1.327387451,0.8074889943579648,0.5187906161822152,0.1651456522448698,-1.775858151,-0.50167621,-0.168001304,-0.195944688,-0.373266055,-0.564054316,0.2688988617847196,-0.318239796,-0.566788993,0.0738008526233078,22342.26,0
311340,-0.151208682,0.3963562760812604,-0.839737964,0.4308793673044979,-0.574233933,-0.790391938,-0.393401129,0.2150754486268146,-0.678352693,-0.620736687,0.3571531991357088,-0.828386654,0.2107649318972344,-0.57302187,1.2892833518980282,-1.215105099,-0.96403361,-1.050973296,2.148725798894069,0.1253939867962633,0.3246329161339579,0.780160006741909,0.1575221635404446,0.1757642198738864,-0.252714357,0.9617065661734694,0.0123270074908693,-0.286698683,16564.26,1
344364,1.753964277057093,-0.70202705,0.0697314583560572,-0.9904878,0.036674785307435,0.3038248242552406,0.1194984755715253,-0.126445009,0.4074014872890072,0.7094133216640272,0.046663018150346,0.4082777230971725,-0.304206422,0.0232577487418242,-0.297897915,2.054597407361726,0.8769509658530051,0.3066067026913066,0.1461515316020741,-0.116877134,0.0110378796063008,0.7567194551515543,0.116651252507402,1.2311600221236465,-0.407668555,-0.25120877,-0.237635868,-0.156204595,14357.5,1
550008,1.5986133476219822,-0.039327631,-0.195100832,0.8323235638182842,0.7792965418933855,0.064526452104245,0.5302796627075651,-0.155926321,0.127461833073914,0.4247118643739715,-0.527739832,0.0496816856518348,-1.344004151,-0.530295896,-1.368022399,2.225061602848004,2.0213992023938925,1.8336739244507123,-2.031855795,-0.424392732,-0.165596334,-0.236736956,-0.032912913,-0.769506373,0.1585574282334764,0.3467473143120214,-0.207472632,0.0030971016928196,9406.5,1
363619,0.0276811523625364,-0.53088448,0.0448639331436501,-0.577333196,1.0400820497891612,-0.166607303,0.4627452535086234,-0.298675671,0.7060750292245582,0.5998334669967387,-0.286746575,0.5641687894924395,-1.801562943,1.0411928029262998,-0.368714415,0.1559511179112894,0.4682953657913031,0.9617200787080948,0.1377250277836813,-0.959942032,0.2851770789069563,1.571084371628929,0.0656558770653086,0.9238205652803336,-0.969244094,-0.474994851,0.04572122864943,-0.037059538,23513.71,1
406609,-2.107062938,2.2296734422570013,-1.920481585,1.651410923848039,-2.414031106,-0.441657594,-2.637550815,-0.472818783,-2.586239776,-2.423587784,1.1632030467563617,-1.490904357,0.5643163071993005,-1.016058665,-0.745831712,-1.606820147,-1.903805108,-2.023233355,1.023918423200134,1.0831813931068628,-1.53816421,0.7181061586238314,0.4531525525581118,0.968521215134848,-0.608864677,-0.055151038,-2.943969577,-2.11115722,4963.05,1
132435,0.286503288316241,-1.233359123,0.8661197115923635,-0.428634699,-0.248756522,0.685268889753261,0.3536901371649315,-0.104339226,1.051225081643068,0.4122116640600577,0.0564825643502008,1.602179925840442,-0.330868383,0.6919181671856659,-0.111359614,0.5217584388341925,0.4626959429343186,0.1567804964401349,-0.272979769,0.7074582908489184,0.0026488080750222,-0.201480163,-0.346727759,0.6658613829129113,-0.424676061,1.8771287243894303,-0.367788065,0.1160779587339673,2018.26,0
82136,1.03859900458489,-0.66100672,0.5850175301244903,-1.746267758,-0.109891246,-0.216490547,0.3323270066767926,-0.163534392,2.171142248809569,0.1041509121963143,-0.009655532,1.8627864090239905,-1.300569028,0.9283977497839424,-0.023176515,-0.142867966,0.5458997284039977,0.5836281848329054,1.1156491528031556,-0.36148604,-0.097483328,0.3029020489449345,-0.188878765,1.2116427250871218,1.307030642113713,-1.778318526,-0.161525238,-0.083781149,20152.65,0
14829,0.9477773293510948,-0.415201636,0.4149226942487626,-0.483082022,0.314259390057259,0.3211504009822774,0.5279330693961569,-0.154122563,0.2780975519086957,0.6249709896841386,0.044496639241901,1.2532062242652966,-0.27308463,1.206900893018566,0.3906161543575238,0.494746639487816,0.3416680282485533,-0.066421139,-0.083464044,-0.220614259,-0.228365145,-0.926433764,0.0720595632741503,-0.53472933,0.2474429570929159,0.3870613948043224,-0.306714075,-0.10348674,15651.83,0
30561,1.358247071937235,-0.804057209,0.4135818481623239,-1.593943128,-0.036179803,0.348993590945751,0.1595736382501355,-0.190580331,-0.372147176,1.3760411843518046,-2.014105887,0.053292568031482,1.006655832032561,0.4989652336604296,0.725337308237958,0.4649045822036158,0.4373767114367622,0.6018663506425399,0.0232569444936752,-0.442206678,-0.227061732,-0.45956681,-0.165320018,-1.667401416,0.887279982402974,-0.268575986,-0.204590168,-0.081971526,21643.02,0
110790,-0.250714334,-0.283975586,1.365331459632005,-0.710137433,0.7695220931514035,0.990385366804118,0.5351842625584265,-0.056494272,0.3071799144677739,0.4932382501183211,-0.264033795,1.0836995056729992,0.5872301762814741,0.7522833102694905,2.4262555279903117,-0.049659083,0.7251016701931424,-0.739899072,-1.56725625,-0.371442845,-0.146290217,0.0110330609830497,0.4063242334222043,-1.588268177,-1.067758302,0.3756774882848224,0.0233457789768224,0.2580375638009216,19843.42,0
537326,-0.404746951,-1.356916037,1.0725767684832563,-0.046634102,0.2189958102150636,0.4131539665906263,0.8139673710728749,-0.156354175,0.3804853423729341,0.4210996158684104,-0.349621434,0.2727234902540411,-0.833903433,0.4971595813366211,2.091924946899857,0.668223244862343,0.5094990554587706,1.3575992336146183,0.1135431181884436,1.3978040769014284,0.143125448263705,0.5889838408876911,1.3467635644785163,-0.235880097,-0.153462806,0.7154025107454595,-0.560063979,-0.300578332,321.7,1
326354,-0.161702701,0.4677093369821929,-0.662552161,1.024254347244729,-0.489909873,-0.642650566,-0.737230516,0.1556068324756674,-1.163753545,-1.051670573,1.0536362795845169,-1.223916402,1.2853360373819809,-1.39920731,0.4385022277890486,-1.295333694,-1.51268928,-1.367218455,0.2544456354626996,0.8809401815488207,0.3565169679533209,0.060850139364544,-0.347554531,-0.343480513,1.627869510431184,0.5713863741464078,1.642411506274654,1.5398445677842492,22767.95,1
210751,1.9211227572426863,-1.079699172,0.465128362456955,-1.589443901,-0.287718506,0.5767355310877107,-0.068786677,-0.110384758,-0.017250968,1.512826592908808,-0.221318276,0.7052392138002198,0.9962258345016816,0.3747182252435251,-0.475007105,0.5798504598831846,0.4313467281868069,0.9341472660907338,-0.311592447,-0.508914432,-0.132407364,0.1792900066206122,0.3564690838561646,1.6035087369837535,-0.984360243,-0.747871943,-0.174757629,-0.17081897,2921.97,0
460702,0.164408905530358,-0.045036968,0.6561567794341914,0.1398821339305209,0.7117405216711481,0.1574073267249482,0.6786304962354739,-0.141316394,-0.132540678,0.4383912178737912,-0.183732293,0.3590266886752538,-0.612587368,0.0958704120908197,0.1846906677942824,1.3773938537260442,0.8685435151944249,0.5114939463993254,-1.939262521,-0.387162294,-0.150421391,-0.415175398,-0.099623041,-0.146458392,-0.18508966,-0.4828078,-0.207099676,0.1901123951531985,23131.09,1
55695,0.9768422844287796,-0.384155893,0.7050433937795811,-0.197075409,0.1736115459034118,0.3612057314973295,0.4212715764276136,-0.145443154,0.5302246605164237,0.6251073665717664,-0.184586036,1.4624008788971508,-0.033937909,0.8786095256618867,-0.52056609,0.5515655827627777,0.2746892622879787,0.4151203688506072,0.0715198220872903,-0.285901075,-0.174456202,-0.429705323,-0.063087484,0.0244285080780659,0.8244809850537432,-1.267994742,-0.21038196,-0.068204969,16015.55,0
446869,-1.287235096,1.169902996738512,-1.468354323,1.7516004404029368,-1.628167362,-1.564480712,-1.521635106,1.2333323541773002,-1.545162618,-1.840856731,1.7193606627424154,-1.907694698,0.1496438817044922,-1.522022498,-1.040430455,-2.009815902,-2.094258192,-2.124449913,1.851009977385035,-0.539779514,0.717551029380981,0.0059227183260453,-0.200292694,1.2687112832957097,-0.61526412,0.1255266589893469,-0.03903627,-0.260252759,10032.82,1
89215,-0.106551792,-0.529875152,2.5564806725253475,-0.627490214,0.0283557819328346,0.7093239462779402,0.5250866490093584,-0.12623693,0.9265643009905524,0.3324700869168142,-1.135522631,0.3933945024879769,-1.077130296,0.4424806593214305,0.342809846347526,0.0660593563631659,0.6963794859164464,-0.065853447,0.5899678793762126,0.204858992710263,-0.157039168,-0.259487209,0.0735380177216403,0.2804799841111723,-0.274619541,2.116228687127167,-0.429172117,-0.459740532,14904.61,0
256010,-0.48171095,0.3181461075956476,-0.185595061,-1.082250161,0.2775965589645686,0.5214592589835909,0.1235763250169177,-0.385105721,0.4179430274106847,0.4156011259843599,-0.607929969,1.3200450135356876,-0.206220817,0.7620197403639006,-1.063226444,1.267694156051265,0.6648524048034276,0.8028570184682449,-0.03557268,-0.951501869,0.6874148889923747,-1.390089436,0.5145295212839152,-0.088724246,-0.898671933,0.1995223875654798,-0.524112201,-0.002150961,1070.29,0
445410,1.0250478252925286,0.4001514714135613,-0.742568497,1.049055882257136,0.97383650009419,-0.635590427,0.1784656315016267,-0.128466606,-0.787081185,-0.396876536,0.4539639623364709,-0.638758452,0.4163797544290664,-1.204560044,-0.5403998,0.2810222353787728,0.2449424768871896,0.4952968455940394,-1.855013346,0.162304001985386,-0.036804853,-0.560473437,-0.131949077,0.3267209067741906,0.8181947822626975,0.329233760668669,0.3573250154709413,0.6315486070987757,20120.01,1
253438,0.197833604443724,-0.046191161,0.0858505462216233,-0.741503578,0.5938043693243719,-0.152414365,0.7047272990178169,-0.126094637,0.3129376403271088,0.1647589779720469,-1.519806947,0.5607361435699978,0.7264661075242071,0.3767626119365126,0.717411471248247,0.7132538498454396,0.5868924865597019,1.0844290477073204,-0.154316408,-0.327069585,0.0187227756192475,0.8534572845664731,-0.261403866,-1.192557082,-0.491210682,-0.256022021,-0.211390321,0.047235587713291,18358.08,0
437545,0.4056324101212418,-0.495003202,0.5777127815955299,-0.727760401,0.2195841844033251,0.9032912391718338,0.139750877673357,-0.350984774,0.3813739155445594,0.5389423956550002,-0.548370079,0.9366893898423112,0.3954282691476113,0.4335329025742526,-0.587345203,0.7604543629640341,0.5734734832392301,0.3740336465149712,1.1808692823946054,0.2405614376013828,-0.289469617,0.5372609582010743,-0.240973545,-1.601342807,0.4072474069114425,1.6514622260446852,-0.284404131,0.05283316307412,21110.68,1
132986,-0.059163941,-0.077783855,1.437985681086493,-0.662003886,0.2022579778830946,-0.073166047,0.7113587714047215,-0.165913592,0.3777095734014719,0.5949813367747604,-0.858787333,0.5820981839463474,0.0855619682085521,0.7440647720585323,1.002289672256435,0.5828336850411456,0.3188086595477062,0.0979404380064188,-0.22900064,0.0692749168850427,-0.208091249,-0.589853587,-0.022405023,0.7669378370914343,-0.309805209,0.1864474809441307,0.217488308406708,0.3503614089754248,22103.33,0
358113,-0.616371765,-0.214054473,-0.028788114,-0.145842693,-0.130582509,0.3234665448803507,0.0040263849394266,-0.179360173,0.4582327370970939,-0.161626496,0.2137938267573957,-0.557470331,0.7746074453669559,-0.82250783,1.3310045840329052,-0.614308724,-0.552588567,-0.639250145,0.5918800677545512,-0.403874863,0.0273277731958668,0.4688205183528958,0.0067875736859444,-0.848999008,-0.264692451,2.134960757527758,-1.435336115,1.7924549385431268,21634,1
339798,0.4524180907437341,-0.183589676,-0.213028481,-0.581235162,0.3136516982925795,0.1289245884692278,0.1794837039726848,-0.119553388,0.0429155914757397,-0.078728905,-0.119278752,-0.031464837,0.952337911973294,-0.525703996,-0.466150624,-0.2119756,0.059120221532884,0.8154759507407835,-0.429946939,-0.229506409,-0.140723514,-0.530255547,-0.082505887,0.03630886848061,-0.117823767,0.3198297237117006,-0.072627806,0.220709176073032,8029.43,1
427290,0.5167248631916678,-0.559164392,0.1555234894972665,-0.197193926,0.2527780863396762,0.2759678932381313,0.8368785281950017,-0.220508273,0.7245580470122631,0.2934609096947235,-1.039037958,0.5115706809141598,0.0833930696011612,0.2234986778297112,1.1206126367037894,0.3164888503629452,0.817587985537376,0.747217729686617,0.217569059491626,0.4196710161497028,-0.038470784,0.1644987077172296,-0.0027868,-0.851674853,0.0811895648936162,-0.703249643,-0.278888894,-0.111703744,12294.91,1
379378,-0.209744721,0.3382413677168111,-0.453387257,0.8347156358977547,-0.252570751,0.1049871755277821,-0.571497041,0.0300543956660962,-0.765862945,-0.788903153,0.937272280376647,-1.030050609,-0.56665647,-1.202494461,-1.162107361,-1.060522634,-1.159959121,-1.047321929,0.1852146849805803,0.3994934895805017,0.348678698001594,-0.380822777,-0.307193623,-1.061366953,1.1152680416522107,0.3296998250818182,1.123021832531343,1.1086651114268071,22206.83,1
98143,0.8397413459147763,-0.605388435,1.1848374435957851,-0.264021212,-0.083032873,0.5777315188018581,0.2348730994832253,-0.101781617,1.1800618776784872,0.4778285671764887,-1.015760157,0.8161353782784483,-0.358874586,0.5668849323688868,0.5518284628222329,0.4071424776515406,0.4855321172494488,-0.03420655,-0.581927223,-0.190976476,-0.115031341,-0.069253476,-0.015209397,0.2571794053292667,0.1481078528128701,0.7492489230985918,-0.217359907,-0.016864174,16004.64,0
470111,-0.705980535,-0.818243182,-0.426777528,0.7152431369800012,2.1875512733087974,-1.58941667,-0.597483328,0.0557627543979528,-0.75206496,-0.503010755,0.828328527372453,-0.698211656,1.006511978069754,-0.871804372,1.233617061470135,-1.011363056,-0.764934735,-0.377830371,2.250970151988118,1.606597838246294,0.2750959084131852,0.0395692830756516,0.3523578644039616,-0.260585954,0.4517121526477523,-0.41740185,0.847587512497344,1.2001273133531791,13191.95,1
397481,-0.441740839,-0.014448803,0.2329613966522457,-0.199083593,-0.126675396,0.0141740538885032,-0.094375567,-0.018637735,-0.021109291,-0.164661989,0.4658305326360981,-0.517115108,-0.955718251,-0.347282702,-0.109142387,-0.4737324,-0.838394753,-0.338014691,-0.207026425,-0.135208803,0.1673946516920897,0.6727899290533906,-0.177748192,-0.061595689,0.3551145573911866,-1.146623606,-0.664782103,-0.467663247,14068.52,1
372114,-0.46889759,0.8796573813898391,-0.863239184,1.0815211250668018,0.873033010839115,-1.314411426,-0.242190386,-0.174029286,-1.442876545,-0.990563871,1.074271025096905,-1.010252094,-1.334092542,-1.476851251,-0.785340239,-0.180922746,-0.095534393,0.3754472813211933,-2.166168735,0.4606852907171557,-0.079284143,-0.202237162,-0.837564796,-1.022939022,0.1905958871523194,0.4726576332982112,0.628925638841447,0.9956143592107628,12654.98,1
109398,1.09539341753036,-0.365060624,0.4964736744304692,-0.472621467,0.2587287757608769,0.1424133629362544,0.4826536504344619,-0.199627176,0.5027795046602194,0.5624282284803903,-1.274463883,0.8410821252940729,0.9717687299474992,0.7695619749774195,1.1026077522340505,0.7641063987099052,0.2402556000469342,0.108723446631581,-0.013180145,-0.190408918,-0.206614225,-0.657571872,-0.052144771,-0.728040632,0.6207425439917075,0.7254288812211876,-0.284829216,-0.083476872,20728.66,0
444097,-0.346391785,0.068842066788585,-0.067373867,-0.26008105,0.1943786101347202,0.8460668070123253,-0.278711606,-0.627228474,1.0015756353446887,-0.471205961,0.2760968840598298,-0.721386826,0.6423559164567035,-0.288195507,-1.878903937,-0.440562712,-0.336822936,0.2032935127184393,0.2739510020958488,0.3177748312267248,-0.104057748,0.8424454525861134,-0.25177361,-0.594643135,0.0214273681185487,-0.327349539,0.2792077364641507,0.2242992284523575,17203.31,1
490399,-1.065575816,1.3990093069338314,-1.471620286,1.6039757282328768,-1.483204661,-2.17080549,-1.62658695,1.1623686664072816,-1.280891033,-1.891834295,1.927060712241229,-1.926860974,0.1476338671811562,-1.695106141,1.119544518801201,-2.033688568,-1.986222152,-1.838153676,2.435105040578663,0.3214261639890687,0.8161151936495776,0.414854702088442,0.4778152891494244,0.7635201783666141,-0.551833784,-0.45964589,-0.461315665,0.8610498102725523,12602.72,1
528409,-0.58245793,0.2223888406847434,-0.58806088,-0.248401065,-0.338794262,-0.305169937,-0.369719832,-0.069318083,0.2889539508867774,-0.752401002,0.7689675099450893,-1.027929382,0.2796142741456808,-0.760732248,-0.394417168,-0.899953274,-0.950995728,-0.693096742,0.4663100828418861,-0.254998463,0.4107571591409101,-0.061050784,-0.001022674,-0.156164077,-0.30024397,-0.425888406,-0.584753689,-1.334899766,4421.94,1
174604,-0.204295905,-0.395539109,1.834504454802738,-0.818490757,0.6907946971132932,-0.722015937,0.7888071062709157,-0.242310477,0.2576284504576608,0.3510847164218817,-0.639091786,0.6838288221794824,-0.38383782,0.7515806238484973,-0.288139731,0.2050369885505789,0.4233910788529007,-0.209394412,-0.382250118,-0.0003786,-0.191902917,-0.66463048,-0.117447727,2.0453217522257057,0.5492467173727696,0.5298995261270006,-0.496581564,-0.482319653,16945.29,0
434617,0.5961139397754802,0.3192852094073651,-0.6124736,1.1250611946610507,0.030990332468023,-0.528201357,-0.266928259,-0.020968403,-0.860507044,-0.489719692,0.5421216475715441,-0.840631718,0.6070003086416349,-1.106401534,-0.887398724,-0.620872551,-0.786610337,-0.816474204,-0.902541991,0.3073429189118895,0.0428431732843942,-0.784997168,0.1049689330131516,-0.595431906,0.1676180218049593,-0.32704344,0.8233566337655375,0.8556009717085827,4821.97,1
100785,-0.206652988,-0.537656452,0.2105250166530242,-2.166804335,1.4821173214507448,1.9187701895381104,0.1813372449623944,0.171491188620749,-0.240117193,0.3284520691144502,-0.824038651,0.1841763045086893,0.0037186166227109,0.2823829191132017,-0.486880064,2.029835211658632,0.7206017677123139,-0.051194315,0.18672692903759,0.1249322048338697,-0.07896595,-0.400959519,-0.174685309,2.027708477164012,0.2868252126883881,-1.115777851,-0.258240025,-0.195098166,6346.24,0
374149,-0.474733531,0.1355450840674947,-0.014580728,0.3781851158022702,0.3919291661500215,-0.175385789,-0.644283601,-0.631476717,-0.047653189,-0.419482752,0.112242577917632,-0.334281035,-0.124498121,-0.619483862,-0.284328198,-0.712913829,-0.298041376,-0.530908189,0.2862778848431213,0.4704511595067777,-0.190139665,0.5798047613507632,-2.288617742,1.2995644760431222,-1.261685989,-0.667661531,0.526796819358487,0.31257868988899,22382.28,1
118703,1.0313248319562311,-1.011163418,0.3966857030074057,-1.384748153,-0.124299833,0.4466322447735172,0.1926086228414815,-0.144806747,-0.416344208,1.414689957466549,-0.236767003,0.2354859290371585,-0.878182932,0.7672750453811428,-0.728060453,0.0272877364611824,0.7726666717202196,0.3195800896102053,-0.146483931,-0.380016332,-0.142416574,-0.1138823,-0.217440199,-0.532812928,0.8120380404844784,-0.076878397,-0.238928632,-0.077010009,16824.22,0
403564,0.9928115113254272,0.4775138990881774,-0.790926421,1.0954352847436977,1.0293622133720777,-0.938986877,0.1910373794361873,-0.126972172,-0.851486688,-0.501613426,0.7870309186372915,-0.685552512,-0.063380656,-1.339343857,-0.116373903,0.6382421318819315,0.5828773871985553,1.0974005892498626,-2.246160597,0.1772709123649309,-0.06203616,-0.776648346,-0.06449606,0.7370851741049219,0.5609125940132856,0.1435575881135076,0.3754218025263047,0.715101716620548,6848.92,1
13455,0.0406072768771722,-0.120394534,1.366361606747449,-0.518047256,0.2863629797206969,0.1690878766903883,0.5776191646960404,-0.126678136,1.369067955230436,0.2842989750742905,-0.298807729,-0.550250109,-0.46713583,1.847104427629657,0.7332998106100452,0.5728536748299916,0.904673941307965,0.2935486957770885,-0.783636942,-0.269951826,-0.272139777,-0.863917974,0.0337847530474519,-0.15133658,-0.61370011,0.1742556742820471,0.0245915784647464,0.1021016090493591,17241.58,0
143539,0.9760281464894446,-0.457945562,0.8294593299100146,-0.238883151,-0.028794104,-0.079663335,0.4082638291753135,-0.173928632,0.9005629758391585,0.5297844927962518,-0.998214726,0.5992682729049786,-1.195339525,0.8048908579548765,-0.161253671,0.2877208680199817,0.5153735986748728,-0.065223073,-0.129828585,-0.343640752,-0.190594949,-0.510166126,0.0318563492767421,1.572150406395817,0.5238034810262585,0.563886379049685,-0.274205283,-0.060726119,13419.54,0
273255,1.1511079388611531,-1.16093273,0.6346178687630648,-0.343739422,-0.072489977,1.81386972090106,-0.026549115,0.0703599325904385,2.420820171995021,0.4554659111918247,-0.68274857,1.6790594766673104,-0.679664666,0.3129335989943339,-1.326831532,0.1590642294335573,0.6172719707119642,-0.026208294,-0.565996029,-0.098156395,0.0052822641211559,0.9050430006633656,-0.020088425,-2.426128403,-1.059814544,1.4816748168669436,-0.174012488,-0.171947664,16781.44,0
89602,-0.096731518,-0.317944531,2.402694512530108,0.2392964059473551,0.2622057711907998,0.9286373681123142,0.7601466421803547,-0.195225468,-0.054169535,1.1515609156292106,0.1605303718837736,0.7497324971964135,0.0422172965409951,0.6117986252729071,0.8762306195985838,0.6478757556534589,0.2793511756905486,0.4172251156397672,-0.333886948,-0.022133149,-0.093832867,0.3040558132981704,0.0145435432985512,0.4396945139718475,-1.321958422,-0.314822831,-0.444975401,-0.88935661,15559.17,0
411247,0.5983807306792039,0.4002595427880044,-0.726121452,1.1522764918978494,0.2471512136632728,-0.462646316,-0.242245461,-0.002627594,-0.967730399,-0.591076019,0.9622890031486612,-0.811022475,0.6221923221963296,-1.281304374,-1.20218651,-0.447229364,-0.62972783,-0.424387733,-0.952612598,0.3674277006891336,0.0301908626500727,-0.841614808,0.0119628640036667,-1.301936489,0.2577465772712458,-0.200808984,0.8330321258117235,0.9033822716406312,1731.54,1
413370,-0.202855731,0.8816079537271376,-1.047830806,1.5235224875159024,0.2068258223393603,-1.270231677,-0.327420519,0.2395281905220987,-1.324954949,-0.782814623,0.9472942073440892,-0.953653714,0.763479307275412,-1.513094969,1.1295817147375826,-0.369861765,0.0298628424115159,0.4802021902457722,0.2267970679629008,0.4487934449495747,0.1048413281370649,-0.529058039,0.1560943242319936,-1.227711697,-0.047599997,1.0978565679699677,0.2456849050208003,-0.192393349,14829.66,1
500694,0.3764283961537472,0.1450142993520258,-0.268537133,0.6441577841075281,0.0549846159694155,-0.17500223,-0.111617424,-0.018082196,-0.56232922,-0.297974882,0.7534765050783134,-0.575060123,-0.771922984,-0.768364903,-0.302688668,-0.209301919,-0.466725774,-0.061528268,-0.396134324,0.1683499370318561,0.0207123834327491,-0.491574068,-0.212794615,-0.455729934,1.148992829260672,0.1780056329489538,0.4694137625925279,0.66882369950065,14662.83,1
210614,0.1151570327616031,-0.557095967,0.3967414807649307,-0.554125022,0.9328382561026748,1.0229820155696645,0.4074212930779947,-0.089090953,-0.479767701,1.1177561004600332,-0.276855222,0.615905681999502,-0.148430557,1.202612573472654,0.8935211937877321,-0.77000897,1.113110367079964,0.6454152171739129,1.0934761263871071,-0.290852388,-0.153694343,0.2010255362415353,-0.101603541,-2.470831669,-0.880945147,2.206690661617224,-0.029839564,0.242846559308006,13369.6,0
387441,0.048967948940666,0.4418284113930756,-0.361339583,1.1016930314181947,0.6372494046222793,0.1559363865203132,0.2837815909428423,-0.016314756,-0.922121426,-0.104880389,-0.173279578,-0.508166478,0.3015460449168479,-0.7895081,0.3396021979823777,-0.015473693,0.5220408004794429,0.6189128482796177,0.7556090555992042,0.3306390179715187,-0.058524586,-0.49552814,-0.239132111,-1.663840714,0.4380415566714061,1.0964668708070526,0.0515984848999682,0.1975032752977032,14121.32,1
61897,1.1124900272407496,-1.055806523,-0.049351117,-2.034272551,0.7456161407172018,2.112533076232442,0.1168530564806888,0.0006157369242359,-0.44945271,1.3460243823560152,-0.937208669,0.1659855622762198,0.3994124598667004,0.6045707849835588,-0.244878214,0.1392113343582047,0.5758702618822085,0.416035490622039,0.108138744057078,-0.13311486,-0.178742743,-0.446738515,-0.25516293,2.268598303922114,1.255568042354892,-0.129383991,-0.243580339,-0.040971301,3507.75,0
200372,-0.273495685,-0.244165528,0.6353157902834418,-1.098494268,1.2714864021111374,-0.161102317,1.8499779659405056,-0.657858344,1.865933315372128,1.9688427886839608,-0.897663213,0.3930795280443301,0.1116730381724343,0.0598585472425641,-0.537501304,-0.197013198,0.1254453006412823,-0.124020492,0.0295864586605255,-0.427843417,-0.201266652,0.789537471681536,-0.225507066,-0.092866948,-0.945964949,-1.91579131,-2.706843731,-3.85915784,24033.15,0
285995,-0.381898223,-0.151649943,-0.479897307,0.6061690440375871,-0.580882625,0.1744190430918042,-0.218822505,0.1197826619999677,-0.668024077,-0.790326136,0.9498462895710305,-0.859788598,-0.515393876,-1.015595706,-0.366596896,-0.907807632,-0.860071978,-0.558024569,1.3664539090596175,1.5177593669553364,0.293257444628688,-0.108968133,0.307009145255102,-0.387117505,0.4008941539904803,1.867010607789121,0.6344357939292223,1.0062968457252657,12339.02,1
203044,1.7207769724773987,-0.926734245,0.4987802565716977,-0.858225789,-0.179235643,0.8407531772970579,-0.022580288,-0.061658569,0.890307060603196,0.9921149561803648,-0.59446817,0.7712052522273107,-0.245230011,0.5859403536769999,0.3688596303957589,0.1726045852365599,0.1988568308962511,3.07545017080161,-0.934063363,-0.739447389,-0.138629198,0.1973741915809178,0.2240691214619184,0.6265353042979146,-0.829758151,-0.709177664,-0.14640557,-0.15086909,5686.28,0
107414,0.976592082884388,-0.895548335,1.598773745936246,-0.658197241,-0.366940978,0.6833147430841209,0.0166218030110307,-0.066988336,0.8414888728504081,0.7951323978505049,-0.458518258,1.3937694534068978,-0.59545814,0.3197524101417854,-2.252208282,-0.304212196,0.6864952735233018,1.235864235466868,-0.07403895,-0.699039209,-0.322580766,-0.653424594,0.0785504931447608,1.2376380686432853,-0.001900635,1.9856198453726897,-0.225891397,-0.066651989,11515.88,0
551764,-0.753002319,-0.689043591,-0.161498318,0.6705088053169306,-0.638387012,0.7438404095443608,0.3230595129956028,0.076495341563444,-0.584386449,-0.421085514,0.1945839802519215,-0.630276923,-0.698876504,-0.414694497,-0.613393269,-0.653054102,-0.738214087,-0.945555604,-0.846735115,0.8082811641632109,0.1840990035325196,-0.175226112,0.7028080577609045,0.4032815343964755,-0.20808315,-0.384621969,0.4066270229706631,-0.378305051,9148.45,1
16507,0.4737839041653673,-1.033634179,0.910368693260662,-0.466878103,-0.175436844,0.7564003566651986,0.29458332023607,-0.086207879,1.1855975029528043,0.4188643034028758,-0.09315365,1.5338946822811037,-0.623506149,0.6323968447334084,-0.709611823,0.3817381396163415,0.5154978329883263,0.0508346340981206,0.0356862296490407,0.3675815769775435,-0.088200338,-0.407943959,-0.209296737,0.2153065108693667,-0.258044027,1.8473608069515075,-0.335381882,0.036622871553842,19118.9,0
175132,0.2263730200305843,-0.165909636,0.6289465508611265,-0.92931766,0.4217085169285217,-0.212827044,0.8424358116958625,-0.19905659,0.467332066115284,0.4374845644361528,-1.282602019,0.7132899521985263,0.092805400148008,0.7635169372256778,-0.472324411,0.4087801065156193,0.3176129654460564,-0.102380049,-0.289434985,-0.206525886,-0.20942581,-0.54613118,0.0443016040047747,0.1132671949932536,-0.859021596,0.3223593719213944,0.0591333102233397,0.1350605058545356,8214.66,0
198791,2.006735117916031,-0.705017086,-0.047168841,-1.202457959,0.1631009768898675,-0.03713241,0.3102012820258735,-0.219825089,0.2268226294310758,1.03991312931456,-1.325475493,0.1710347997888454,0.0599292335720188,0.7313571141453228,0.4468787916274251,1.2702346353120824,0.4503089323202384,-0.274826667,0.245336756730827,-0.1735884,0.0555336349259995,1.0753982877342878,-0.036955173,1.1213168318889415,0.3342496218381279,0.1336506853733159,-0.290354905,-0.250401672,1495.39,0
312619,-1.181403697,1.0152651384869216,-1.157171459,1.6545298768498045,-1.379194841,-1.281859715,-1.527163527,1.0521613300784751,-2.037511822,-1.759615829,1.6504180148217749,-1.70311889,0.794731144640917,-1.740304827,1.1853572851416587,-1.999461554,-2.249258543,-2.114469943,2.158930164785384,0.620559480988403,0.7770651011958506,0.6900814275497912,-0.249871488,1.0847532771891015,-0.070311002,0.9121119605434695,2.0906110305088745,0.6585212107710787,4193.07,1
175714,1.8127836895547524,-0.450804159,-0.18521666,-0.691072527,0.5305339391876477,-0.211477907,0.6686983696197415,-0.227296038,0.5293847021464725,0.6885845652528144,-0.128041839,0.9633428460341718,-0.976809772,1.552724414552648,-0.252298772,0.2535775656554407,0.3014996188845556,0.3683034473034225,0.1163902441116704,-0.407081421,-0.026341196,0.4962612523991749,-0.038158341,1.7434429978094503,0.5624641932873193,0.4268035273070876,-0.352391349,-0.297033495,20097.47,0
65616,-0.260609967,-0.716961783,1.0504693935459868,-0.797537103,-0.055394935,1.0651553494274186,1.303913284438636,-0.147624359,-0.228157598,0.4178348217316938,-2.192561903,0.1704905163403082,-0.499725879,0.6584958118918605,-0.716755458,-0.251455807,0.4445309056872198,1.1367498994809475,-1.513359635,0.1754536162111054,-0.193970895,-0.772470911,0.6448821191224465,-1.462930971,1.315651601948888,-0.850928871,-0.322003727,0.0996072065202999,3653.09,0
266615,0.2202986358145114,-0.593380264,0.318069978513338,-2.621306471,0.5721854958728773,0.8324896392976494,0.4329758366977675,-0.120926305,-0.712861936,1.1941224204528518,-0.209601398,0.4112534557585553,0.5479195080417278,0.7636656985885061,-0.458630008,-0.075817104,0.6771012997440403,-0.187307705,-0.967217801,-0.699847886,-0.124701029,0.2200139896108242,0.1445229916548508,-2.59240167,-1.959933572,-0.962526315,-0.070873564,0.4178945031273333,18793.07,0
486009,0.9040471958545692,-0.152209505,0.6079027627358834,0.4487784212520657,0.3581804670763533,0.3457621650841765,0.4366265785647204,-0.151948595,0.93570681447909,0.3807876466055047,-0.041854233,-0.259430861,1.093268486886283,0.460215617371396,-0.949469189,0.7770494570568877,1.476353539484407,0.295337026800454,-1.615101132,-0.379862261,-0.266385857,-0.719420808,0.0360486210408913,0.2162641349101926,0.5243937572064976,-0.226045548,-0.222757685,0.0332540983068895,753.61,1
45719,-0.023012134,-0.560284934,0.3189242446513834,-3.019885268,0.8903774577919996,2.051682522234354,0.1184370600870501,0.1493911024929282,-0.727615304,0.8928652357885845,-1.076240837,0.0800874830818203,0.4729443967879593,0.7116826902890293,-0.007302565,0.5959710601091306,0.4128302564611381,0.7204347298397014,-0.60080352,-0.504675126,-0.14980217,-0.325753435,-0.112948999,2.1428348319414154,-0.105524631,-0.922172551,-0.231541689,0.0030897868679185,16752.34,0
251014,0.039259806108294,-0.039655623,0.3908459424941433,-0.583779721,0.4943937443093342,-0.193125274,0.8673729894457148,-0.222063072,0.4464415290117612,0.400114562780398,-0.912519361,0.3303331013431729,-0.287446647,0.3632160454520869,1.44782522618311,0.2839419329001452,0.7377575649585294,0.88537266502015,0.1887380469271121,-0.09292516,0.0102156987045091,0.960327587365683,-0.315287087,-0.099718011,-0.450960941,-0.002575542,-0.004077922,0.554623757704302,892.94,0
29052,-0.246784999,-0.553301431,1.2636535854392523,-0.448644229,0.596070144158417,0.5441046365171448,0.7227983531921293,-0.083606255,0.3103334727401056,0.3507022468970389,-0.381629963,0.7734140492537656,-1.34229674,0.9309365753279588,-1.298773567,0.3408989708257913,0.3501397254814338,0.2802937558257599,-0.661644429,0.068779180651327,-0.039936337,0.0283939785874623,0.2059439920236091,-0.596904913,0.1854937085343282,-1.219231637,-0.185357795,0.2164112189642119,15784.62,0
453929,0.8118609825951931,0.3728763935733019,-0.487485,0.8570986803245125,1.9157530242264829,-0.688734476,1.1744229625645468,-0.219897914,-0.767186675,-0.017421043,0.800216440304133,-0.036250012,-1.312693325,-0.934742022,-0.340917993,3.019410594863948,4.30673842152564,3.4549178223324697,-2.832511542,-0.1982209,-0.145338871,-0.266465854,-0.516251206,-0.728227352,2.1019234871167134,1.0858228991735774,-0.23688419,0.2756748700824296,10342.49,1
125402,0.530247053758491,-0.750709159,0.3762144813379914,-0.313354269,0.0308191584140499,-0.096600391,0.7077192829419473,-0.202773452,0.2868245686163445,0.5911895432451744,0.1078186848634896,1.068724611869886,-0.864380456,1.3532896647050467,0.1643169384088587,0.6296971683374271,0.3288790375978281,0.1481653878969492,-0.027388915,0.3639330852288648,-0.154114204,-1.104426698,-0.148925437,1.1279911396906763,0.0397261309541926,0.1845525015967457,-0.389487644,0.0398276782204973,7669.61,0
267938,1.6185690856902863,-0.410922914,0.0333587303280619,-0.158397871,0.6425288864869676,0.7347635884139967,0.509804867462347,-0.13823971,0.6086045777575771,0.6351099235731299,-0.673822793,1.4754619193711025,0.6237347137739222,0.9431779611308728,0.6950253271034282,-0.102393937,0.6087968955405395,-0.648981803,-1.464235833,-0.516520709,-0.124744197,0.0882850821532735,0.259844659029292,-1.719689427,-0.249503522,-1.7316448,-0.169858709,-0.242210822,12521.32,0
242573,-0.722576409,0.1224960088516808,0.1792227353139025,-1.378776732,0.2032090076581997,0.9364364895741328,0.3518229937333421,-0.318271339,2.6467527816759846,2.1175974232438133,-0.807797243,0.7083299236756931,-0.596280239,0.3369208921377594,-0.419483398,0.6957750517055028,0.0943631555298059,1.2717728058563589,-0.108765958,-0.515813177,0.2727660979836914,0.8882504371914842,0.0719995687125482,-0.274908631,-1.171038915,-1.487632004,-2.238490722,-1.037290439,17276.05,0
147233,1.7768877843369382,-0.93562961,0.3848657749243567,-1.445212961,-0.185556034,0.3940822668390046,0.0731851473951193,-0.150515911,0.919663136531214,0.7291505419576745,-1.198371099,1.2465685795043475,1.7086730614452776,0.3950603214661036,1.035433794049844,-0.08211953,0.3483284656006037,1.356955655251414,-0.827187955,-0.553361844,-0.222023318,-0.274625005,0.3618612939461393,1.530940591180017,-1.125704143,1.067442406413818,-0.228240638,-0.149107664,9149.23,0
73433,-0.112288704,-0.164908568,0.6219129581765852,-0.182820267,0.1066693563599765,0.4449107863447358,0.8618397795382317,-0.071160838,0.165960129815013,0.4202895453360372,-1.071200108,0.8962731828140663,0.2883443193860742,1.0098349106672613,0.2608351116622789,0.0136152924295921,0.6349204294849116,0.0004952947982191,-0.003957886,0.1759646193081089,-0.003958091,0.5792843647580582,0.3493723160541743,0.2115627755357077,-0.622842315,-0.71305958,0.1144344702304977,0.3934878764918962,19818.99,0
305501,-0.92206007,0.2469972909850176,-0.542617741,0.3835636113981388,-0.854726488,0.295116560092631,-0.359316181,0.1691019607182317,-0.199461102,-0.517861668,0.6018394020082455,-0.992098167,-0.507188115,-0.9133647,2.8782637524623325,-1.040535144,-1.041490405,-1.017509706,1.0906154356301725,-0.667120527,0.192098409947345,0.7184037450487839,0.2276678835475308,-0.282843056,0.083891869969171,1.117289148894491,-1.506745759,0.4692853821890975,16116.7,1
491106,-0.462852457,0.3707935113074634,-0.492912776,0.4917960572282291,-0.443488001,0.1851939011009682,-0.181691905,0.1243945055923436,-0.545769622,-0.670665903,0.7895931389027999,-0.979497673,0.0398582744977707,-0.830908311,-0.507761267,-0.925845308,-0.952485848,-0.784190423,0.7791390915129615,0.2742558328146651,0.1135780224641348,-0.272248773,0.0480866969009314,-0.97858818,0.0407267645422499,-0.607394026,0.7709226078403861,0.4197128121542511,8856.22,1
187411,0.8800590800663807,-1.070792771,0.2247489675742129,-0.010911009,-0.100864868,0.4352349339690265,0.4072371719206439,-0.142733793,0.9889504415626448,0.6927727335200129,-0.220767166,0.9822452859456056,-0.826892333,1.0137161706977968,0.2720486327525608,0.9629473244419772,0.1921525555759338,1.0681552066318951,-0.849193721,0.4082560709739664,0.1074554838682542,0.5811088417642347,-0.251061125,0.0332198113698651,-0.621175565,-1.578612307,-0.273898832,-0.018341758,21973.78,0
1861,-0.422500752,0.0461241977820067,1.0729124964204766,-1.089857676,0.1382028749404105,-0.026344216,0.6054656557730617,-0.093827404,0.818628799931951,1.0193496098501953,0.011710085737108,1.7159858958948802,0.2811411926666533,0.5973465989428595,-1.029820159,0.5101590458118416,0.2972484342238831,0.1484375953169022,-0.30166496,0.1943378445424136,-0.221080802,-0.258968698,0.1068729799949743,1.1781984222323585,-0.123915602,0.5696629188790688,0.2177414221671293,0.1125143342668964,15299.36,0
120232,-0.146011239,-0.224419373,1.811393960429367,-0.909792613,0.4237102405959368,-0.113327857,1.0304712994012728,-0.236859518,0.1654691559937245,0.2348327669040174,-0.673981605,0.7357008990265282,0.8260185873829674,0.3585862896927942,0.322990135623769,0.9242200748469844,0.3002651220811728,0.1280857444365963,-1.106778479,0.0899518874105236,-0.19088246,-0.694422824,-0.034167034,0.719859902371992,0.4097866082908312,-0.1398884,-0.468250992,-0.443810718,21053.47,0
383998,-0.287746686,0.1827681679583941,0.0482819338507164,-0.144449738,0.1281207413014566,-0.337107812,0.0090025417735423,-0.270532941,-0.142223421,-0.28736763,0.7452248152159154,-0.548813403,-1.135602512,-0.645528871,-0.302937307,-0.447245387,-0.644759614,-0.208219895,-0.465195733,0.1151426941052062,0.3333329614322183,-0.078854469,-0.265746049,0.2082474101075171,0.0233846980272681,-1.409613163,0.3703343854074239,-0.162237905,16786.39,1
16978,-0.230274697,-3.026660614,0.2644062186659263,-0.894056822,-0.591314161,1.1571278472204658,0.3881210026963478,-0.145039214,-0.258309706,1.0423546312404617,-0.317062241,0.2823412479185853,0.5237008010725641,0.6064791999079805,1.1626535943563547,0.8540443790276129,0.4442299422908428,1.506654733826987,-0.982663963,2.1894137245393908,0.2548483536199581,-0.092273809,-1.256336014,-1.253135397,-0.585444464,-0.272876705,-0.425088991,0.517980962640833,2635.01,0
465238,0.7850485416406695,-0.031089464,-0.621139953,0.1792122664142361,-0.047789596,-0.855512448,-0.166707114,-0.066571878,0.0720679728841685,-0.603070937,0.5246760278167392,-0.685997363,-0.946584448,-0.91843373,0.3513487466140214,-0.589826239,-0.476537425,-0.358349904,0.131541869042711,0.2683481471743421,0.0455030466166025,-0.474549712,-0.012508372,-0.199665072,0.1809430320097152,-0.328989627,0.5706175880533811,0.6635930892385707,23564.39,1
305054,-0.942538998,0.1678301217507523,-0.574379627,0.95654332871491,-0.946113033,0.7134793554076287,-0.457824389,0.3012688429406812,-1.156329822,-0.851503013,1.219723316623355,-1.139088108,-0.025668806,-1.0491828,0.7553136237916344,-1.276171429,-1.497301535,-1.486098967,0.5282793644936156,-0.852263745,0.2318433306339966,0.6919188594741928,0.8369402798042495,-0.188020049,0.1066327483754708,0.2532891843529852,0.8940362182215362,-1.606756308,21232.06,1
224946,1.8049448367631848,-0.466154258,0.0883235270824815,-0.448113721,0.2051102965893606,-0.246735624,0.4944108031245006,-0.22401645,0.8686189430690477,0.6320054716107498,-1.20235208,0.8597087247744085,-0.00075616,0.8796177042732589,0.0234620863851626,0.4180579079486295,0.3473617262369794,-0.139584387,-0.069452042,-0.403364848,-0.223506228,-0.676905757,0.3221189647945674,-0.016858084,-0.554834704,0.456959454157794,-0.318538438,-0.247463393,13248.12,0
567016,-0.288612925,-0.53052417,0.0960618271758343,0.3881103759430215,-0.164546371,1.912224874680799,3.521643956375293,-0.513633426,-0.089672757,1.4781817590138462,-0.211112584,0.046089907415729,-0.069733453,0.1758696831271339,-1.506178735,1.0869073983661306,-0.149628065,0.1088466161302199,-0.979664688,-1.753005316,-0.458613256,-0.071089956,0.5886349136149092,0.4150717255674637,0.0811781467470433,-0.757743168,-0.699382523,-3.663396188,6132.54,1
522334,0.0982531575452957,-0.075764487,1.0791917203466088,-0.275455298,0.4328933580972774,0.0149359185148478,0.752384265847301,-0.197630154,0.358695452361569,0.2943548306929838,-0.354148613,0.2677696431374795,-0.888912831,0.1070871118103585,1.564578225984686,0.552083099443523,0.9527278442160249,0.6021838093401283,-1.17175852,-0.245179022,-0.063923443,0.3746993416802057,-0.278218108,0.5894040833687321,0.0943021933940245,-0.758421574,-0.414817244,-0.350557243,6790.4,1
433366,-0.785714787,0.2636440832216138,-0.537879872,0.5989052897938485,-0.378898334,0.0626856942514139,-0.37067026,-0.083494189,-0.370589025,-0.122904905,0.4641857265089482,-0.790938895,0.5264838542088444,-0.737235102,-0.765200832,-0.949021912,-1.165761027,-1.122203299,0.0419424551692331,-0.84426642,0.4317502519025517,0.6791134459305781,0.1526522205500022,1.159662846221536,-0.912788731,-0.503328428,-1.305942897,1.8022599530086,226.91,1
493232,-0.084448034,0.184590566657226,-0.332024146,-0.412916819,0.5704944356917242,-0.30671413,0.2343729082879116,-0.023099638,-0.386695067,-0.400033027,0.4161401640188686,-0.242074593,0.0488757913266213,-0.531743446,-1.055211616,-0.153245737,-0.207896466,0.1702953609700033,-0.024392872,-0.001267053,0.0570051065911134,0.0968034590602258,-0.369255628,-0.051295925,0.5009258816799542,0.784112861254513,0.0933260885249842,0.2926133556807429,12929.93,1
346976,0.0478251183583662,0.0286138744606091,-0.453699968,0.1789784918981186,1.6892448331836674,-1.183063355,-0.573262727,-0.451166267,-0.086936369,-0.308375838,0.1300124509776606,-0.442989409,-1.24632145,-0.55080526,-0.367964796,-0.523985324,-0.230254729,-0.298747441,0.1663904679506506,0.2844775947454451,-0.283129534,-0.217986804,-3.654389001,0.983893500670118,-1.523080641,-0.462578749,0.6460986654615977,0.8566594550566274,21895.46,1
182509,0.0213539969845206,0.0435986854604358,-0.02323215,-0.233624779,0.924172738978372,-0.107283936,0.959845577918886,-0.14362543,-0.25871084,0.4260225043305028,-0.183120284,0.9865070053629664,0.3256611711483947,0.7027481013845503,-0.392072209,0.3414381361770112,0.6822664918425627,1.069312005874322,0.3887010972214295,-0.327023304,0.036369443761976,0.9379498901398748,-0.172186247,-0.79092248,-0.632450781,-0.981871493,-0.224540027,0.2947194953664084,18916.6,0
52302,-0.268870499,-0.384938146,0.801381051785944,-0.050087404,-0.023645934,0.9899884647459904,1.135675876504161,-0.069248991,0.0163845305518131,0.2580126603432738,-1.407191114,0.98885699593831,1.0274187766021083,0.8157866617378324,0.1656152001963682,0.0271137941104144,0.6487691885475267,0.0631632212118629,0.497811323896101,0.6551814634041299,-0.008785975,0.0874759492840445,0.6483296348175263,-0.734559718,0.575387603396418,-0.396016493,-0.350713093,0.0439135556729564,12520.32,0
397288,-2.459141149,3.326970220195924,-2.476250874,1.7858636066810814,-2.82898223,-0.276047953,-3.424997662,-2.207019732,-2.787200935,-2.926960643,0.9936592720641512,-1.424400036,-0.644954887,-0.435814301,-2.259985593,-1.325535755,-1.422966663,-1.608957157,-0.719431495,2.477712383634667,-4.328204022,3.653956365194997,0.930769460064368,0.542945988898742,-1.236160934,-2.571823792,-4.947034458,-3.337477789,18120.42,1
565899,-0.492645848,-0.583645367,-0.342937654,1.0142829798096866,-0.216791799,0.6304243390728611,0.3908163744334596,-0.171124697,-0.201004569,-0.015829164,0.5392703064846028,-0.841199274,0.9263971571989402,-0.325460977,-0.113564879,-0.684410751,-0.512666908,-0.612014426,0.9531172923315118,-0.41208382,-0.09680454,0.0121120636641928,0.6990414241967512,0.9862523614636178,-0.518218949,0.1123277105211871,0.9711234513497268,-1.266903117,16453.91,1
527387,-0.387195071,-0.056112003,-0.651216525,0.7588799752238555,-0.560643086,-0.183352612,-0.385146141,0.1260832868365482,-0.915775526,-0.964178298,1.2120837956510444,-1.041748339,-0.384618558,-1.239277115,-0.280556171,-1.036941177,-1.08726278,-0.794686247,1.054200711410799,1.6574603791468476,0.3383584377680639,-0.339760906,-0.096080391,-0.48104182,0.6587469723139987,1.9785238510150536,0.9486075953442348,1.3157504189334948,278.86,1
127465,0.8809520055025445,-0.503089908,0.3285669330232987,-0.53739836,0.1554986583011448,-0.35396306,0.686695474109199,-0.255768503,0.3427955837871708,0.5310821392623322,-0.687379825,1.0110485930121829,0.7959972130506809,0.9281046156307272,0.7911744174178287,0.4041392739075805,0.3792259001999874,-0.098211415,-0.151205217,0.0804260438044275,-0.086840827,-0.162666075,-0.236103789,1.065186257575112,0.792292854634221,2.076261232386772,-0.387485505,-0.061708383,18616.63,0
58422,-0.571343343,-0.99990769,1.1073689722505344,0.0943951948358609,0.2190659070246923,0.1902739174356145,0.7388303009064344,-0.229728738,0.8974757286351738,0.6992208975185518,-1.41027687,0.2224437828073312,-1.546510466,0.636135276899784,0.3779685651368357,0.1408675670227135,0.556037687406681,0.3457012383454719,0.90930516281465,-1.649630834,-0.264072942,0.3741592194784099,0.7996104249806415,0.8878860353730573,0.3187388983329348,-0.362037748,-0.167871508,0.76024043210904,5718.24,1
171453,1.642458259487862,-1.334981793,0.2808168475003876,-1.59527289,-0.27225501,0.740937993646097,-0.022263296,-0.12140118,0.0409818495751557,1.4701798290335593,-0.785375442,0.4489672394191971,1.0389998232034503,0.3756887278736225,-0.339353068,0.8530820265602791,0.3140953074280239,1.3637972384105106,-0.040668488,-0.147290162,-0.104921727,0.0315048599032414,0.0075718384713236,-1.803011479,-0.886209888,-0.469231418,-0.206986785,-0.141877958,22880.29,0
467513,0.7729792598984122,0.1920344518562719,-0.643057908,0.6856504148995802,-0.234315346,-0.803966422,-0.357435138,0.0602955437261535,0.6405184511071839,-0.551738368,0.8618659625411851,-1.103967869,0.3836896379630234,-0.738865841,1.9304837021868668,-0.606372164,-0.067746112,-0.025940689,0.7962659621069167,0.1125426079132271,0.0572892158598874,-0.079948494,0.729262092422568,-0.162826974,-3.08440311,0.7722913759003691,0.3338008897900799,0.031531774103907,3331.16,1
285624,-1.704516521,2.599199263414968,-1.205390552,0.5035268915774673,-0.94967396,3.226002264832025,-2.323094936,-6.027711908,0.2733890173381638,-0.698893089,0.9902737999824864,-0.707780298,-1.89197721,-1.183117215,-0.287686755,-1.230970688,-0.722382799,-0.990629654,-0.169995932,-4.118596471,8.087080028016498,-6.450353018,6.343132317756874,-1.0750483,0.3498809024854172,-0.240261075,1.534445136055664,2.1541018884187397,23719.31,1
187202,0.0037521143885541,0.0105419241280245,1.0530178046613643,0.283398238312219,1.3707273628962509,0.5787402557064489,1.2835396320178634,-0.280840137,-0.388690768,1.1839437166341629,-1.760388196,0.2578778888136429,0.1924828721963019,0.5791006106917951,-1.630660897,0.5632008780867019,0.1914420533004989,-0.051955048,-1.323231596,-0.200055721,-0.130815253,0.0412473256558643,-0.480376527,1.226807459742511,0.5438471942829436,-0.118048057,-0.664373946,-0.893308137,14460.43,0
121199,0.9153881618799092,-0.725627279,1.3090927464640016,-0.329234652,-0.256678377,0.4529412267791915,0.1276383499156189,-0.094581251,0.2497444586662648,1.0517964251661047,-0.221090227,0.6563042412433648,-1.133848018,0.7715812826807403,-0.18787014,-0.005220537,0.3630552608666372,2.216291037097209,-1.083333262,-0.698339463,-0.227097263,-0.486979839,0.0456791977260066,0.97515333328343,0.1516349387282816,-1.04488323,-0.15837566,0.0016296908969231,5413.5,0
456158,-0.54428323,-0.026652276,0.0925280683594616,0.0542107320246995,0.0168558128683193,0.0312271007687737,-0.207496075,0.0938396447990725,-0.118649153,-0.458263234,0.4732065460956379,-0.244866582,0.6515720387924242,-0.671677545,-1.689052343,-0.478089948,-0.565234734,-0.295092183,0.0604865701190487,-0.131712751,0.0993345886447243,0.1629286128153688,-0.723271842,-0.208692175,0.3313904699670824,-0.992793883,0.1941756471012765,0.385127078973289,14856.45,1
339074,-0.918223346,0.322690907021272,-0.632685491,0.2860071791380439,-0.715935246,-0.072241047,-0.299213232,0.2367960585977471,-0.751594499,-0.184969604,0.3878633187489206,-0.580676044,-1.414157751,-0.119293314,-0.883548662,-0.213567084,-0.712270888,-0.739900263,-0.014987289,-1.59871844,0.3173676943820439,-0.789183598,0.5557778541001889,0.2407681578451336,-0.634204183,2.8051740691988405,-1.375484144,-0.320858993,544.76,1
217798,-0.686471684,0.1793710585012929,-0.013864582,-1.644311262,0.3408076993303101,-0.483653599,0.8297573549238014,-0.184198774,2.5744678205114737,2.7250077271625868,-0.134077403,0.787819697515299,-1.265593403,0.6221696006047363,-0.259564991,0.3245387264387614,0.139687552518154,0.6878068193257811,-0.75436244,0.3652946355370197,-0.18740033,1.2233355511330664,0.3687467699501883,0.1259388371163327,-0.1028882,-1.475583574,1.6666156910262726,0.8224735142480439,5256.47,0
341144,-0.527126357,0.8235720831772358,-1.049885411,1.5497005919579274,0.0252398409706903,-1.084631167,-0.407168592,0.0849929116514116,-0.8617942,-0.539785781,0.9933679236724584,-1.174102728,-0.571445632,-1.614786743,1.3700033002383014,-0.728768729,-0.430978352,-0.067684054,0.484383256174007,0.1826157246265957,0.1197759605004519,-0.049124006,0.2301443033557713,-1.161526805,-0.317127184,0.983939592825439,-1.144215607,0.6153172719906111,12575.94,1
557446,-0.036261824,-0.067136829,0.2974278041420556,-0.524567728,0.4476318873393216,-0.416927525,0.6335800213458324,-0.160661653,-0.046484287,0.0775330364215381,-0.603749987,0.0408531405097589,-0.438359012,0.0193970225962844,0.0708544468838433,0.1944265226006086,0.3102456435223393,0.4887622501135544,-1.117336952,-0.315145826,-0.098455753,-0.299400851,-0.226870981,0.6118202211438903,0.7194229258051567,-0.45552248,-0.310825478,-0.067954463,3721.36,1
411978,-0.461052466,-0.420362552,-0.272688025,0.0997056800148152,-0.830693818,0.7599869436580033,0.6594826427955851,-0.012321136,-0.278997024,-0.637869151,0.8303051998220161,-0.285059303,0.6782028017581486,-0.620266325,0.1332653718338642,-0.738250981,-0.419300136,-0.278090163,1.5507375595876751,1.498146045110651,0.1936321619320844,0.0725897777433761,1.425387555396519,0.5362899606494769,0.3895715641645227,0.1453292343113246,0.1444897907521913,0.1151758467595152,16309.96,1
362316,-0.007593645,0.4345277407567892,-0.642436915,0.6714128960297119,0.0665592262347959,-0.322654233,-0.343158918,0.1300656772605498,-0.261484219,-0.773861428,1.1642478549829658,-1.147538318,1.157810169686584,-0.932674705,-1.315107611,-0.499977603,-0.55818926,-0.095279364,-0.281324555,0.1950679755945323,0.0548341708913994,-0.655185677,-0.104318139,-0.895778763,0.3702350887485234,0.4510114014600799,0.3746393984311311,0.4979902326845744,23349.68,1
364087,-0.143586533,0.9298855962244962,-1.005165615,1.4454740894595477,0.3846324981092214,-0.812992312,-0.292057757,0.23138482188706,-1.416631083,-0.74612705,1.2939780027627985,-0.887255261,0.8152904388716663,-1.514375431,0.3916366220445519,-0.34969997,-0.044923155,0.8474308129994061,0.5190150333710745,0.6651943529499706,0.1130734839137459,-0.430736886,-0.081627291,-1.836708072,-0.04961362,1.1465716566481194,0.5444524584443726,0.4125313268728582,22667.92,1
19808,0.9732057620233568,-0.203825956,0.5964954265338386,0.2448714537224703,0.3356375559822226,0.1008961405745835,0.6190144433872913,-0.19165946,-0.210079719,1.0468045436118416,0.0693669648940988,1.359851171200031,0.3783645424299068,1.112509516639656,-0.627543499,0.7734470522559539,0.2439364363286905,0.2344497899670057,-0.819741448,-0.305326609,-0.081703661,0.0742662307042023,-0.119334719,1.1676760564871689,1.0757545841138996,0.0999579000827022,-0.282804775,-0.094238159,19047.1,0
563751,0.2466243268162584,0.0699642502442715,-0.030384587,0.6194959081507672,-0.087323603,-0.137831816,-0.14019997,-0.019112304,-0.453295809,-0.225508725,0.3510012320072115,-0.557873144,-0.27267305,-0.581655426,0.6226310578254014,-0.474507795,-0.5470462,-0.784167569,-1.003081625,0.079371212314745,0.005143744566064,-0.566447418,0.0279130668039155,0.4154518737268391,0.5069836242877824,-0.276137965,0.4840778396943982,0.6260855029225884,7845.78,1
263613,1.4589375868737375,-0.727220329,-0.094269723,-0.585348463,0.3173385182561984,0.2628241342972712,0.5167962137545941,-0.186762419,0.6407368208802136,0.7180671080886295,-0.301744064,0.890311712746147,-0.410798187,1.190632017054939,0.0498865524190684,0.755766325510518,0.2020478329319963,0.6651597403212843,-0.079750635,0.0268897807620618,0.0292684367244755,0.5033605505638233,-0.155366945,0.8892813114918525,-0.070194707,1.5180816848251522,-0.390916216,-0.212245125,564.6,0
120956,0.6949071217111141,-0.791135893,1.416807684241003,-0.225217839,-0.100544719,1.2829712161750235,0.1196002034604612,0.0031663863325178,1.5643956875694656,0.4246495653168803,-0.218642033,2.02575778210973,-0.666650911,0.3950703689550598,-1.739293602,0.0163589568943425,0.7522965550566026,-0.200423567,-0.143962211,-0.173459556,-0.125151314,0.0628558004771738,-0.069030455,-0.345999138,0.1367368955125953,1.116564900354636,-0.186798888,-0.043846504,5080.19,0
561696,0.8943098228063562,-0.158440786,0.3508184042220006,0.3442864654438874,0.3925930805640636,0.2761925024680921,0.4272058599810527,-0.100847376,0.0475842043416041,0.52906049104255,0.2770659492790062,0.2443179906581958,-2.039308391,0.0639369346116049,0.529640885518632,1.6789632515276254,1.1118558847012985,1.262698801490756,-1.674822154,-0.398845127,-0.110783907,-0.159096619,-0.067563566,-0.057362438,0.53145888679258,0.1857933924754796,-0.213270368,0.0482615875828835,20027.02,1
35470,-0.032456333,-0.280180644,1.9613515232231609,-0.894721171,0.1930138739068684,0.3888808273182537,0.4892211816130616,-0.071873812,0.3880431757185009,0.3876541931604144,0.0104650483118554,0.6729890720139163,-1.389989553,0.9648658333949108,0.2757775629494199,0.9299968010711522,0.2533459855068539,0.3931522472885855,-1.162492407,-0.398957022,-0.056843073,0.135652329647791,0.0360868662241729,0.3926912323246368,-1.282416688,0.003078041413409,-0.105407214,0.2442802588157119,12429.04,0
193550,1.4835316259654228,-0.698546604,-0.103787875,-0.608473206,0.3821850643110867,0.3256541444949147,0.5318104872142749,-0.193920119,0.5728641139152523,0.708965435005421,-0.305302886,1.21746939511553,0.4107290770474444,1.0660440646758804,-0.033716589,0.7620608274199716,0.1771784732086318,0.6281814211042102,-0.032778361,0.0672823816960084,0.0270567583147961,0.541686616208638,-0.177554514,0.6021752159369922,0.011035539913684,1.5324928356187395,-0.384165478,-0.215075297,8111.75,0
207671,-0.279132246,-0.752980227,0.4800707581713968,-0.904864503,0.565671293208328,0.2062578478128186,0.9135524275436808,-0.19183722,0.7586332791110167,0.3062913058497395,-1.368940756,1.0539807055409451,0.7648902072292565,0.5696264128765397,-0.605450255,0.2387911464778094,0.349209332206303,-0.02483969,-0.129357928,0.1023955484696873,-0.158304716,-0.325847764,0.2441084385618634,1.3613533436460137,0.5894145332666748,-0.213957758,-0.155029086,0.4428734111432632,14638.05,0
100780,-0.067658963,-0.081763641,1.2815619340470987,-0.673852241,0.3004436331285613,0.2828591958070733,0.6290459765527858,-0.10280193,0.2385522913500792,0.5666584595810049,0.2398842562462683,1.1701486424248928,-0.101478869,0.5854792701344477,0.4958326739433518,0.6058688131769467,0.4774739779675282,0.2191267029863579,-0.446216375,0.0473864343976996,-0.185553474,-0.452904037,0.0290231977275126,0.3597513590642241,-0.46960708,0.1885343790889373,0.2071320743304325,0.2657306276066641,20688.36,0
22611,-0.070847478,-0.026639128,1.0210912190950912,-0.574735024,0.1366896931792866,-0.139916882,0.5829715959388121,-0.072588704,0.1754230002940814,0.3205102308410892,-0.835863647,0.6931541924288902,0.3342115844519404,0.6364874032733888,0.9753165583124108,0.8207310417504068,0.4994825277547916,0.2502656965799609,-0.300706578,-0.122040049,-0.189348162,-0.653773197,0.0506340513071474,0.7070505345562207,-0.290393011,0.1811224103570381,-0.10244192,-0.011797229,19984.05,0
488013,-0.537196,0.1890575928651785,-0.373767341,-0.629387324,0.1126322620486736,0.3486320897817382,-0.231781614,-0.57778289,0.2812021585439174,-0.563715508,0.2906371766643309,-0.376497321,-0.941181735,-0.593961851,-0.255884583,-0.531083848,-0.347906673,0.0530750734704362,0.7324928998274808,0.1064607942922837,-0.079536198,0.3623892070286295,-0.317479411,-0.486891884,0.3685871195330047,-1.553254642,-0.328937531,-0.048725326,13746.53,1
252237,0.0446817245912274,-0.111129093,0.7385169274794542,-0.643449628,0.4507257503355694,0.0214159287933987,0.8037889336875755,-0.230673798,0.3340497364124979,0.5716924817517567,-1.185615518,0.7350060135617129,0.4899006328938417,0.7554641427877522,0.2685804368019596,0.1286026866043254,0.4498153857802563,-0.075631108,0.6932869980205537,-0.21224733,-0.152540685,-0.359350867,0.0342831933093724,-0.077241299,-1.363879718,0.5885025469002347,-0.525257574,0.3668900480105994,19751.57,0
440897,-1.516697669,1.54094243274437,-1.519245982,0.7642329760444573,-1.534732222,-1.815737653,-1.195470252,1.890693175757605,-0.603956867,-0.864483662,0.4604976092135592,-0.90072512,-0.374018216,-0.878916137,1.0491254071816405,-0.811438372,-0.793653902,-0.788513236,0.1992739974713733,0.6784625724741841,0.2577948012249976,-0.868392477,-0.274760331,-0.019663916,0.9415097022234268,-0.619621953,1.2645462006133716,0.422069298344333,8465.79,1
447362,-2.459141149,3.326970220195924,-2.476250874,1.7858636066810814,-2.82898223,-0.276047953,-3.424997662,-2.207019732,-2.787200935,-2.926960643,0.9936592720641512,-1.424400036,-0.644954887,-0.435814301,-2.259985593,-1.325535755,-1.422966663,-1.608957157,-0.719431495,2.477712383634667,-4.328204022,3.653956365194997,0.930769460064368,0.542945988898742,-1.236160934,-2.571823792,-4.947034458,-3.337477789,20665.11,1
211344,2.042019833569316,-0.664504631,-0.083102099,-1.276927374,0.3006071544301569,0.1432881732867832,0.3411721689271333,-0.233974642,0.1155669170875116,1.013033404028853,-1.425374503,0.5024963583085744,1.7976976320201286,0.5545721470494069,0.2708460535191534,1.3205846634715543,0.3701043337980146,-0.299574437,0.3695552205356505,-0.051915877,0.0516397048784695,1.130809948275318,-0.111534176,0.2887691590964119,0.5263907749387483,0.1824701353240962,-0.278966571,-0.252685288,23834.6,0
68685,-0.294946923,-0.585155033,1.4140583840636969,-0.861916817,0.8638072531035733,-0.277127202,0.5941757043616622,-0.153161509,-0.063279665,0.4018774488798164,-0.031413478,1.261454288596627,0.4898118965921537,0.9941329162108776,-0.01423966,0.6224674993000874,0.2866164407842678,0.1827157979581921,0.5501661888039443,0.3725928951482266,-0.192026903,-1.090773087,0.2274939526998928,0.0427271266183202,0.1129113257947525,1.362908864782118,-0.381708316,0.0622031840477961,2746.05,0
18025,-0.470293946,-0.663069092,1.3868114076249245,-2.384692446,0.4572527583434958,0.4067762336243488,0.3152602448487243,-0.112513749,1.6655838179627886,0.2796792939942638,-0.375293156,0.4711935680914868,-1.693283626,0.8008699663844903,1.8061197858652145,0.6875881974818068,0.1979215124916344,0.9765511508780672,0.1626997252831127,-0.706068162,-0.082773322,0.0316791438602595,-0.393037292,-1.682166377,0.3780545686517579,-0.315335514,-1.235394138,1.85736017816308,1504.49,0
67113,0.9751120733132594,-0.345747331,0.7057529410121391,-0.083798711,0.2311879547135006,0.382872052708779,0.4753253053307082,-0.167179145,0.5893409187384402,0.537284888517675,-0.859941965,1.5100223241916677,0.8728603490344645,0.6403319969151479,-0.255451115,0.0846943326299633,0.5133941370025157,-0.257873306,-0.54113047,-0.314182635,-0.141834702,-0.022267138,-0.090746726,0.2694491438787545,1.0899237388807808,-0.751045707,-0.18335568,-0.059680452,138.13,0
348339,-0.807080556,0.3923789968828802,-0.771411922,1.359105559428685,-0.673996635,-0.229382528,-1.057516784,0.5705462817009141,-0.669682602,-0.715628607,1.2152448894166177,-1.2971752,2.8730174580900747,-0.799127603,-1.997917288,-1.242146149,-1.529685437,-1.287698651,0.2443082672076855,-0.387823584,0.5055505256037744,1.517168516447576,-0.581501334,-0.072639663,-2.798454947,-0.155559848,-0.072037543,-1.524100726,11306.34,1
374492,-1.746122835,1.313273882723938,-1.5447187,1.4756684312222932,-2.092035718,-1.484018109,-1.931492289,2.3061318023485,-2.123446599,-1.967773807,1.1999280173343947,-1.498380682,1.6864646016975444,-1.250329967,0.7283419792159358,-1.984115213,-2.186625966,-2.208583434,2.922603716492778,-1.162969447,0.9929028606806202,0.613041747154224,-0.413198466,1.617740896207244,0.2366233809271251,-0.043283228,-1.575909359,-1.738235238,9470.39,1
331387,-0.710545062,0.6730826478933079,-0.470615603,0.0386590117514591,-0.640878553,1.1543947917857345,-1.288386512,-2.21548742,0.2919989174826577,-0.950628455,0.3220493349425866,-0.661016219,2.00436519033814,0.3410994252993711,1.619370488996436,-0.867520117,-0.559401964,-0.349418381,1.714582540899929,3.0871990315872084,-2.553058895,2.8935407403269,0.6244686921251705,-0.356109138,-0.476031339,-1.474381655,-0.526288484,-0.273403191,2913.34,1
398235,-0.527627957,0.5489314418245321,-0.723752963,1.1520611936663576,1.4891842729804552,-1.141691981,0.0498701831229458,-0.427904451,-1.153003905,-0.580475242,0.9449904793188646,-0.781023232,-0.910224297,-1.341510274,0.0863777285699652,0.1653855384853642,0.721034013569029,1.0844076490162975,-1.408972875,0.0135508120708546,-0.369716005,0.1876469491538469,0.2248640056890209,-0.715571207,0.1452199803394711,0.7958588694256428,0.5810153354419744,-0.115163375,13628.74,1
179492,-0.079391842,-0.320456063,0.1137162730678752,-2.374864799,0.6296842357570172,-0.021155739,0.6994500939475141,-0.061964224,0.5657018446078933,0.2004645013048171,-0.527308636,1.0333861634571666,-0.364469454,1.2659374724543366,-0.95562467,0.9018368954749124,0.1322860340218956,0.6466340979139887,-0.941956738,-0.252835434,0.0671300592126965,0.981292012384305,-0.022603412,0.6004799390105927,-1.186527505,0.9568571920942316,0.0533750971291068,0.3288583642027587,21899.8,0
10354,1.1105134374069257,-0.879382562,1.1197992019066807,-1.261674678,-0.319729881,0.1425785019133553,0.0506601379892057,-0.169339925,0.180514721908769,1.222770139920122,0.3840280107658014,-0.362569996,1.8419540800206848,1.627963388238756,-0.652733834,0.4750451598831812,0.8190989986924624,0.9751016294998526,-0.501164152,-0.450952721,-0.240611646,-0.503966474,0.1040435717860668,0.8949515688231421,-0.024567303,-0.985748636,-0.226816922,-0.039436011,5664.28,0
85277,-0.563079313,-1.350724763,0.1939063272630799,-0.757703679,0.6568443793178625,-0.063991681,0.676444555988546,-0.012025672,0.1292038755594503,0.3350985907454121,0.0156576718978735,1.1178366557232469,-0.728047779,1.6026525619801075,-0.115363643,0.3966941853734204,0.4620437712986036,-0.058812817,-1.186260837,0.9768884611843872,0.143730169017403,0.3644198618058956,0.9847080004306508,-0.45054397,-1.56006542,1.546837888239259,-0.044334201,-0.412053578,9206.26,0
489519,-1.002008082,1.092854690164184,-0.968160592,1.2474519029271367,-0.922906652,-0.59208167,-0.946408651,0.8454804091258419,-1.59995285,-1.101490942,0.957911386008956,-1.172050205,1.9876318602752916,-1.125595469,0.5191426805533015,-1.273306646,-1.320025347,-1.329920024,1.6664649913450758,0.0739816773415187,0.3276253985745579,-0.699328997,-0.063175631,-0.406713711,-0.232389393,0.094141294506027,-0.005582211,-0.074824776,17125.91,1
397164,-1.066600154,0.789072813227611,-1.052932106,1.37650120752434,-0.64379552,-0.859174346,-0.896194894,0.6988386556730216,-1.381560711,-1.163733177,1.5526061721300666,-1.349050644,1.7172372784096233,-1.372050673,-0.326149265,-1.108433171,-1.170403691,-0.822573057,0.9899894303165226,0.1985498840614582,0.3483300509411529,-0.01859521,-0.068175114,-0.7678031,-0.014315399,1.4501287491535606,0.3889641803631533,-1.055941258,263.39,1
63332,0.8647153936051983,-0.416253203,1.3096894376463726,0.2461929425465461,0.0903302131124199,1.0163558046842278,0.2082682753919817,-0.038693828,0.4142119573510359,0.935419822043446,-0.266195006,0.7783627662931419,-0.857983819,0.7669959067314677,-0.249793387,1.1163298888910682,0.2640433323678373,0.4412162797910099,-1.048127342,-0.365453862,-0.099315499,-0.007676345,0.0011492094623189,-0.605005998,0.1998523602639572,-0.016726573,-0.190648568,-0.051984353,19013.92,0
507477,-1.861978482,2.1643822613592545,-1.927606065,1.6856219686052971,-2.227213835,-0.584914564,-2.602071844,-0.913612082,-1.913006148,-2.365085474,1.3105363487417063,-1.668256565,-0.344218524,-1.024161725,-1.965346755,-1.788432662,-1.875492558,-1.98598934,1.076627547295736,1.4635513176496682,-1.710834357,1.822419434059016,1.890272588300057,0.8705221646067417,-2.178267825,-2.406062856,-2.516635041,-1.324147211,4610.38,1
530243,-1.704516521,2.599199263414968,-1.205390552,0.5035268915774673,-0.94967396,3.226002264832025,-2.323094936,-6.027711908,0.2733890173381638,-0.698893089,0.9902737999824864,-0.707780298,-1.89197721,-1.183117215,-0.287686755,-1.230970688,-0.722382799,-0.990629654,-0.169995932,-4.118596471,8.087080028016498,-6.450353018,6.343132317756874,-1.0750483,0.3498809024854172,-0.240261075,1.534445136055664,2.1541018884187397,5807.12,1
446957,0.9099807022208204,-0.299203151,0.81134977416234,0.1761221752861638,0.2705610205111001,0.6480218881693668,0.4139944093589335,-0.11295901,0.1508908594069701,0.7880170044127497,0.0363687011840658,1.6343818789360414,0.2986391521714165,0.6158748040408586,-0.925629725,0.558020518562582,0.4541702140257371,0.0178733979623465,-0.774426635,-0.321213821,-0.160169502,-0.287626761,0.0124751847710694,0.0953982153306799,0.5583718737419919,-0.021326977,-0.222358698,-0.065076181,15700.62,1
490355,1.0430621137097136,0.349574562779478,-0.713899193,1.0152402730991383,0.9521466272914624,-0.415372309,0.1667730921685123,-0.124416087,-0.754873464,-0.325494093,0.2763590698189784,-0.601227626,0.6633699637427637,-1.1131995,-0.855432043,0.1274709164084957,0.0787020864359525,0.2499908089621831,-1.57250234,0.1529268836681362,-0.020259378,-0.423068766,-0.178529767,0.0012139758926333,0.977773965785922,0.4413125732518322,0.3452477463674778,0.5763815591988026,16681.25,1
400446,-1.020509397,-0.539674447,-0.366832207,0.2911027727451026,1.4364602256935215,0.9788392973172144,-0.693968119,-2.315637004,0.5230233128613873,0.6257086651783192,-0.294183929,1.0937475206938614,-1.031628097,0.2624056499732369,0.5426449946441435,0.8615421079754009,1.5233816828851596,1.2966534230472442,1.6336487431215747,-0.493805228,-2.370269862,1.9790102201591009,1.4682944061531895,0.6180144108989352,-0.306893789,2.8772132337241527,1.0275652791678842,0.1726003101572421,23088.46,1
88842,-0.050457526,-0.197467109,1.4493418935520217,-0.807890809,0.5973712754670669,1.2499517724228462,0.522830313321898,0.010746640239153,0.1468575092790927,0.4681838948019697,0.3524908952877528,1.3644345217873315,-0.305100302,1.0183665289358843,1.5253010647234169,0.0470659607384914,0.6523423396060626,-0.531531403,-1.357196599,-0.209089847,-0.127255865,-0.049217729,0.073334651705518,-1.700215787,-0.945355638,0.4207359304560868,0.1652997818027116,0.130593061741415,21383.53,0
318676,-1.936696075,2.143026722671152,-1.937096708,1.1719902919915433,-2.228007552,-2.284418035,-1.842385974,3.0485539773969137,-1.230967266,-1.382088468,1.444338191614861,-1.263679015,-0.060724891,-1.267505513,0.0187429408272997,-1.433931281,-1.594642591,-1.497510199,0.929446016838059,1.3217377601848348,0.5435521106404019,-1.034046425,-0.687744047,0.2473140219104156,1.745770705230716,-0.545252329,2.267185243688528,1.1300264175918329,7485.47,1
321643,-0.390570978,-1.615652208,-0.805116435,0.5524399079967954,-0.460169509,0.1882446584343407,0.8837128636785889,-0.229798611,0.0940998939917884,-0.505022263,0.6662958637711954,-0.657754302,-1.508518724,-0.739921247,-0.557873894,-0.226819357,-0.159917374,0.4152709672086547,0.0661489363927911,1.9330590360751465,0.2194608106489804,-0.726523471,-1.493822075,-0.845385318,-0.421766332,0.8369244191331666,0.3113440863831638,0.5266242554737827,10936.59,1
38701,0.0133653834768668,-1.511885784,0.8238708384756884,0.0387256441749547,-0.345340396,0.5776969251474647,0.5107440517381366,-0.144390249,0.7433759879772521,0.4925481151377656,0.041907356668567,1.3045822949509895,0.0407232457771838,0.8652291602513635,1.150971298810885,1.2724621770627855,0.1888238444457396,1.3604180605290732,-0.960978359,1.31557042187539,0.2074044620407165,0.4265412248964323,-0.767513621,1.265417526061214,-0.073762978,-0.891488611,-0.32907448,0.324426958322679,21274.15,0
229746,-0.468564221,0.3007282135134294,-0.095164196,-1.113381241,0.2208241253173346,0.0537283875423305,0.4675189514654406,0.0754855611428689,1.036056009657662,1.1423700586593963,-0.135178397,1.0830789295177743,-0.638203696,0.4313500853943836,-0.834193264,0.8491660758564856,0.6201430476971374,0.4507326637992635,-0.419965931,0.358994223536091,-0.280625452,-0.786458744,0.2473377967622365,1.190251504788919,-0.387095469,0.1482948494452018,-0.236513496,-0.500239718,12820.83,0
340451,-1.03029831,0.9974959026913368,-0.90891943,1.097931313271356,-0.95357717,-0.617796401,-0.938235067,0.8332875226625014,-1.582827387,-1.091571372,0.7449820245440415,-1.096755206,1.6302650612278182,-1.042743222,0.6426691265109191,-1.317039912,-1.375038968,-1.453622366,1.7882866628741727,0.009059019467116,0.3367173074495758,-0.765739421,-0.242100697,-0.147340087,-0.445897017,-0.289979478,-0.059383125,0.4941912272509852,10966.18,1
320814,-1.99124918,1.6903256904767243,-1.770319149,1.84217783952366,-2.355590395,-0.807596719,-2.19876231,1.4177322900061782,-2.686030244,-2.064816908,1.0408289373863686,-1.429567146,1.6878725950949334,-0.993015516,0.2645334223510254,-1.811814568,-2.119863236,-2.230318299,2.260219050703643,-0.728266958,0.2353421805689456,0.4584358057467263,-0.546950739,1.5682320798414844,-0.385588322,-0.021974816,-2.477391176,-2.427499114,15647.73,1
318254,-1.440004133,1.1649621654271365,-1.446376691,1.5529014925910392,-1.595431118,-2.010671774,-1.586129474,1.392417074818104,-1.763875801,-1.817472441,1.5810814904530823,-1.852412718,0.3518541792548182,-1.171949756,-0.223429167,-2.209476926,-2.155669718,-2.243530687,3.309892657411184,-0.199571676,0.9131875606913924,1.02606492813213,-0.548515874,1.8158700756880173,0.7761261128598976,0.2766617949781874,-0.465537851,0.0843450530004374,14820.13,1
567550,-0.288620869,-0.013575977,0.2128700616865866,0.4918276945066366,0.0731517220552917,-0.274228546,-0.162488589,0.0102342190948196,-0.254287324,-0.271756057,-0.119761844,-0.684872093,-1.668200833,-0.583303224,-1.030043824,-0.485824804,-0.593554359,-0.633640464,-0.788904785,-0.124512771,0.0412769241594368,-0.286186776,-0.301679131,0.4929368007465744,0.3484163242556343,-0.115011008,0.414626165205854,0.4615581502146996,13549.15,1
562757,0.906334372655048,-0.158212873,0.6716164208540562,0.4597076831392938,0.3306255097912176,0.347290326546793,0.4268603429267758,-0.156376815,1.0827866916838116,0.3740586275326421,-0.0980344,-0.31150824,1.3548611875124972,0.5368663794743916,-1.082337009,0.7165071650107528,1.4840653692595276,0.2415774910360915,-1.594938319,-0.383003137,-0.279104615,-0.755719579,0.0463883620059041,0.3000202336097542,0.5166717169025334,-0.261184031,-0.224185461,0.0303352157305248,11954.89,1
538469,-0.053766488,0.3529206176698786,-0.407416537,0.7896226639441347,2.343616613354648,-1.090353744,1.2221111982591013,-0.295252219,-0.707932413,-0.074640514,0.3567951471297495,-0.263784034,-1.671893496,-0.967821378,-0.101726539,2.9943614705166617,4.370369489920948,3.2749582670800157,-3.135071072,-0.31620129,-0.010006556,-0.330366021,-0.097473555,-0.549585501,0.6692978222253563,0.7166386614175362,-0.316327485,0.3226599125826054,3963.71,1
399030,-1.897376901,1.7996204854748732,-2.116039687,2.347783203557538,-1.68990397,-1.064293158,-2.114998878,0.1112476760450542,-1.91983673,-1.903664347,2.1278630522090816,-1.705992439,0.8874726260804539,-1.655337785,-0.428723561,-1.489157724,-1.367567303,-1.433207033,0.3156802124876267,0.814492479038941,-1.130202699,0.9609564402619472,1.2210001182181898,-1.700851187,-0.217809227,1.3718710611185665,3.029266152288076,-3.55531734,11734.98,1
413571,-0.139067545,0.0079801101564218,-0.142486446,-0.062328343,-0.072157852,0.1656684428211769,0.2492253407306508,-0.015097866,-0.021106208,-0.237379119,-0.473091097,-0.285522712,0.1646743297062762,-0.31108615,0.7416647834805796,-0.238246732,-0.15954977,0.0194274858461163,0.6546515674662365,0.1452076172693913,0.0317159880297014,-0.056241815,0.1553307824400386,-0.163488998,-0.459140935,-0.322164207,-0.019982829,0.1975905872011263,4580.47,1
351101,0.929584031777808,0.1824359137723591,-0.491197025,1.0391013793456787,0.3032646326452965,-0.153653477,-0.044279318,-0.034484967,-0.488332938,-0.22343049,0.6675205267386997,-0.52198796,-0.834907267,-1.000941552,-1.699516412,0.1374051145483399,-0.069108475,0.434906311180772,-1.303000189,0.0088175526989645,0.0101012732613435,-0.208499108,-0.051082491,-0.616789533,0.2607013542493422,0.2773361694937898,0.387794154688448,0.5279046996089222,13629.5,1
368871,-0.224105848,0.0497791819771219,-0.259172822,-0.656161176,0.0774969909273898,0.1441742784070024,-0.108696478,-0.29771567,-0.261662778,-0.409724917,0.1073973399655169,-0.426986351,0.6028597569342652,-0.755749513,-0.326014387,-0.610765117,-0.30359495,0.4013769080098011,-0.32602084,-0.05564012,-0.122620001,-0.33311476,-0.080520921,0.2264577234848941,-0.209010817,0.3484845491165688,0.0192204294113035,0.3284265335183641,8427.09,1
334819,-1.463745408,1.4851385852262993,-1.480598965,0.7572517692039323,-1.471123922,-1.789584679,-1.159654213,1.7744726591506477,-0.613067364,-0.875581572,0.495049224601106,-0.922652557,-0.446780014,-0.910824283,1.0588044348078731,-0.834920801,-0.811947052,-0.79430808,0.2307424723410542,0.6658171772470984,0.2559705734952328,-0.825217393,-0.235572589,-0.026700265,0.8577791383584091,-0.620608843,1.300644285088459,0.437592625260476,20802.87,1
283403,1.6982881561158245,-0.617079433,0.3618322937965395,-0.415073803,-0.017644557,0.1739736571781005,0.2451328404678496,-0.169132784,1.366574011670847,0.594470520628611,-1.405530976,0.978637718775892,0.5727581882395708,0.5412460754815167,0.3274381715328286,0.6993254342931127,0.2775272698540693,0.3200041309273355,-0.40658562,-0.298365546,-0.037080909,0.6124604723859416,0.1058809781639131,-0.043193998,-0.495962686,1.2067668648390844,-0.261198935,-0.207447806,23899.75,0
200585,-0.047588529,-0.712218726,0.4519078416554012,-0.477908766,0.8585364898017979,-0.027843507,0.6137437951360555,-0.204582014,-0.285646077,1.3236395402745431,-0.522968456,0.3916331785610744,-0.716003438,1.0885467734568743,-0.439952823,-0.368640598,0.3653724777596903,2.1917775991626662,-0.106914198,-0.039836629,-0.124425118,0.1848933003352278,0.2192318479906911,-0.801087302,-0.934411789,-1.21100562,0.1017667863715179,0.1018009353404107,11169.64,0
339055,-1.714664607,1.6147617521822624,-1.718167485,1.2300632661123216,-1.980051778,-1.514741214,-2.183162369,-0.027876427,-1.730115554,-2.144338893,1.3764857273037066,-1.711160918,0.0029016118977746,-0.931466111,-1.370955644,-2.003822345,-2.101615757,-2.25483523,1.8092619873267664,0.4735643056810696,-0.38782341,1.3242966173113626,-0.172829108,1.6649015403488483,-0.142664004,-0.476307715,-1.790827918,-1.17363044,20450.22,1
191127,0.0283869858789024,-0.534942513,1.7151674981597804,-1.636252938,0.080401009783984,0.8738119603917441,0.3150738552871556,-0.069543117,0.0204988674534769,0.62060153771785,-0.58635469,0.7243824563975564,0.5091083391773649,0.5052043750528751,-0.465388717,0.1943571917451213,0.1926845535615629,2.480148952186537,-0.890382579,-0.503823456,-0.184696034,-0.231193826,0.0273550859478131,0.7023926026879072,-1.013999255,0.9555163325130714,-0.106749878,0.2632923774086391,242.77,0
320357,1.0094596319220386,0.443783287048402,-0.76702167,1.078275059719253,0.9928364541395271,-0.830602942,0.1887429710802503,-0.131986729,-0.81491479,-0.457118925,0.5976870432959255,-0.670461421,0.200703697157207,-1.280483188,-0.251727018,0.4370977483456025,0.4186718818784816,0.7434899812216174,-2.104489625,0.1704637813070589,-0.051270248,-0.678329291,-0.091159452,0.6239859526861252,0.6802364883829571,0.2299467969619593,0.3678672919272611,0.6795712853343926,2823.24,1
435476,-0.578722858,-0.486742806,-0.322834546,0.4112545831728417,-0.559798115,0.7998616677795728,0.368240988942067,0.1215066477229849,-0.517950386,-0.603045491,0.2912413982109342,-0.656927658,-0.885980993,-0.562344577,-0.652607771,-0.695456387,-0.661995008,-0.801101283,-0.976290504,1.5735766552123451,0.3036438612576181,0.0706487622568907,1.768201134893594,-0.857827289,0.3616557902976527,-0.277135361,0.2338219595967517,0.5008834187678246,14136.43,1
374109,-0.902464488,0.806405944901505,-1.022176358,1.26141961077244,-1.166200358,-1.569295802,-1.415126742,0.6963686396033881,-1.761294638,-1.797551017,1.756640582195038,-1.721748593,0.4332923995996511,-1.818891513,0.8666172538751492,-2.022722458,-2.317368756,-2.201660361,1.710551745938336,1.0811640403009213,0.6846664904103141,0.1278485890187077,-0.038089046,0.9605817007388666,0.135251763919961,0.7020113616320252,2.6240416345119195,1.2901204420503367,12216.02,1
391362,-0.49111025,0.3207300213803229,-0.917508829,0.5081100189321771,-0.98409496,0.4359852587893962,0.161550134072405,0.2067947517453263,-0.520870571,-0.853720613,0.9193019832172216,-0.706022505,-0.74870049,-0.900125891,0.5581197184592066,-0.89433977,-0.429170414,-0.15500929,2.269727191602102,-0.483977483,0.1210142260247774,0.361557808089975,0.0385613473900979,-0.294395633,0.5148359403939895,-0.03493778,0.4138492583146269,-1.166786302,7283.26,1
214597,1.4802829011757577,-0.500144862,0.4229543328419161,0.6333372740140868,0.2833106352621906,1.2971520508296852,0.2147044908087835,-0.047208382,0.476096175702837,1.3495062374819826,-1.112917525,0.7465885352086811,-0.539484699,0.5356900970164667,-2.285455445,1.2412468531463312,0.190128048875132,0.7990051929992339,-1.043624512,-0.339691231,-0.00088439,0.7834297410820019,-0.064160612,0.4395022837781104,0.0199249825978975,0.4745159910944078,-0.237240115,-0.193582744,8963.97,0
493522,1.1519233720873072,-0.045406737,-0.204502098,0.1574382156684872,0.7503560062675882,-0.312177595,0.562133719218223,-0.159833723,0.7475587820715514,-0.082975201,0.4750302881917675,-0.036992584,-1.500309982,-0.545555937,-0.642038598,1.832679114655941,2.832729092264741,3.065094962015706,-0.815763728,-0.306836882,-0.267025124,-0.839058247,-0.150683513,-0.118195479,0.8796582622991524,-1.020553433,-0.170954853,0.1511889147096592,14339.38,1
79965,-0.259985684,-0.433677794,1.6803853502168309,-0.407945998,0.707952434636564,-0.178117869,0.6924628124041666,-0.167758541,0.2761730487337449,0.2894865735698082,-1.248978277,1.1344135825610389,0.7360561974353684,0.5803427249323035,-1.153808983,0.3095359297912541,0.3358088045337017,0.0209806461675785,-0.816015553,0.057249837692864,-0.078960122,-0.066421616,-0.057292494,0.8231469276570138,0.8430808046114668,-1.2492926,-0.202458553,0.1813654621824304,12203.45,0
144811,-0.246639896,-0.505253511,0.8960723089276292,0.9303142085196224,1.1062238475212307,0.8733165370730471,0.6359702980438946,-0.158126737,-0.35368012,1.3530861984796538,-1.796965275,0.8015830714759942,1.6379559746050911,0.4950012188026132,-1.17313719,-0.056709658,0.6820114614421244,0.0880234317422088,1.1368384303830064,0.0592317718252118,-0.041513564,0.9058962220262684,0.6241623894936985,1.4881239279950094,-0.041619534,1.2093348483909432,-0.029026348,0.4319608250057726,22582.94,0
220099,-0.393961036,-0.118994109,0.0766792645795574,-1.155216959,1.2770107108176012,0.0484159573547779,1.1632106879465034,-0.402539098,0.7095616927557064,1.045207349069813,-1.335756878,0.777813535008836,1.3160153284958231,0.5489167447451647,0.2334715035518253,0.1560623714406104,0.1830257304122119,0.0218850212750831,-0.057663293,-1.052086807,-0.08307535,0.4063222059751822,-0.668316012,0.2849870841573637,0.6808800623971206,-0.794948892,-1.712226314,-0.178673509,18861.21,0
355067,-0.156523243,0.8555209785122304,-0.983604839,1.3459306439670369,0.5062914179466815,-1.078283917,-0.24159773,0.1736820012743873,-1.366974952,-0.819875927,1.1606717658605317,-0.920953935,0.6530302528172159,-1.530331691,-0.001725467,-0.273194864,-0.103540145,0.6161136491924042,-0.333256384,0.4803269097907444,0.1144055589570307,-0.475557045,-0.147933219,-1.626554133,-0.107574894,0.7977405943466692,0.4751935354709642,0.3396891229603415,9657.86,1
568398,-0.244335456,0.0007163178028868,-0.091821193,-0.514222791,0.085284869280578,0.5177917910025325,-0.210965324,-0.409923306,0.2615285328732524,-0.420471597,0.1955844039840051,-0.636409789,1.0528724131912452,-0.589700705,-1.232252634,-0.568351066,-0.345112159,0.3504060990540611,-0.369945463,0.0483686252518461,-0.129344013,0.0248348639249144,-0.19282397,0.0463826885907823,-0.166349608,0.4702281009236909,0.1340747185620438,0.297746577315624,852.03,1
169862,1.7544141891317877,-0.424878964,-0.049172938,-0.469197399,0.3837886669571249,0.069390314815426,0.4456058532687831,-0.16583553,0.707204300431475,0.5215685009356114,-0.032112051,0.9971845544958404,-0.740554204,0.4725703232534859,-0.49489254,0.8122222161163865,0.5584140853904076,0.4679067974397224,0.0193960285401714,-0.367888211,-0.229291546,-0.790763354,0.3483410042332736,1.3981164126356735,-0.622473939,0.3382214979609049,-0.317844304,-0.197597231,20773.79,0
352884,0.2183957074239949,-0.210130366,-0.499980238,0.3457031840003728,-0.274617751,-0.081545829,0.2095528226926567,-0.034856053,-0.048243672,-0.321181017,0.2717242646698125,-0.330906398,0.5127373012113555,-0.56589223,1.96739880005396,-0.489267447,-0.06776207,0.2022463782879651,1.0610134434636085,0.8959671109101103,0.2211879461707074,0.852539924907119,1.024487338415805,1.7604688952596017,-0.685680573,0.2293434005039673,-0.067838342,-0.152165057,9316.65,1
403510,-0.129019525,0.3005415827683836,-0.707182449,0.5575616183783431,0.4372846417340071,-1.026971329,-0.10532163,-0.061846065,-0.253113615,-0.819393743,0.6815553741417838,-0.860108852,-0.649256213,-1.373308463,0.3068115968856856,-0.575000192,-0.164114995,-0.009862563,-0.096785261,0.0721761572219531,-0.026024753,-0.51045912,0.112030961391331,-1.331942468,0.5790458319099242,-0.948548227,0.1947676390978714,-0.06471169,2058.41,1
218882,-1.119233423,-2.68722681,0.827615264775775,0.1119175789800249,5.358767172794284,-2.736336227,-0.206812652,-0.43410955,1.208642826148285,1.5757785393612231,-1.005084845,0.7870333746583512,0.0259631322764882,0.507545608536018,0.0106660580262254,0.1739737134547831,0.2927455790102288,-0.288616684,0.1355476629673828,-5.101117915,-0.689084365,-0.033257789,-3.470008092,0.929202256344131,1.0798770396955033,-0.855388367,0.5423435579193521,-0.547018926,12523.06,0
215806,0.1234892550977684,0.0037499690459851,1.3983947164642143,0.529221228288292,0.4755551297208061,0.2095589157730717,0.8640559749400557,-0.188319324,-0.334843882,0.983269701252424,-1.132860017,0.879163469045976,0.810089684207371,0.598970685166545,-1.87852623,0.4125348437825585,0.384159743222669,-0.086283269,-1.449090295,-0.328541598,0.0095537416803508,0.958829685292198,-0.077300775,2.131977284911156,-1.157772579,-0.038981728,0.0207853686611686,0.4686219751519481,13774.67,0
523020,-0.279971519,0.1922834630187252,-0.07930463,0.2112901986619569,0.3210472075729415,-0.142318516,0.0694178058444192,0.0632972874137215,-0.184206394,-0.465641402,0.2706981633528648,-0.432372264,-1.241897242,-0.804150928,-1.110363617,0.028035290853885,0.0646827457620365,0.2789277908721458,-1.036982476,-0.107928623,-0.03804908,-0.452601883,-0.14596275,-0.744402002,0.1389923052316092,-0.744601072,0.0468125492862763,0.1027741097625684,10323.48,1
435586,0.2146171307989983,-0.284105239,0.4595946610005577,0.1549227597187043,0.7329066707021358,0.0896438713277904,0.5896815257623186,-0.203185171,-0.047794277,0.9831047351518338,-0.946185067,0.2623867850928332,-0.096083388,0.503199083282907,0.6703146938418788,0.3137468867645525,0.7393040435013423,0.2219630793923741,0.4007746468588469,-0.02697553,-0.000910782,0.7676057919700713,0.0763949410919334,1.496562581762252,-1.283964364,3.017930314286996,-0.4666542,0.0516908688141041,1810.2,1
477829,1.5730015600741156,-0.171115062,-0.322480569,-0.226118051,0.8860062199837375,-0.452019315,0.7887251602438684,-0.244142423,0.571238544847633,0.1406446724103434,-0.526137859,0.4102597784063059,-0.49490087,-0.123820336,0.3531348012201004,0.4559244789387873,1.5814071354292802,0.9324143568274188,-0.640754219,-0.337180943,-0.101825637,0.2010085859200054,-0.235126347,0.4829227038038189,1.3478990986861494,-0.57113268,-0.225075938,-0.054593513,15595.86,1
94513,-0.208362714,-0.026807122,1.046837004374719,-0.568252017,-0.049087422,0.2060664949420097,0.4015666759153796,0.033133775105575,0.1146726415907542,0.2761007041377967,-0.74685039,1.2507096468112822,1.010255062006697,1.036320934796186,1.1352411436455283,0.5119652396660553,0.5058268661826871,0.0864624277572983,-0.865902241,-0.444957404,0.0646116887736662,0.9690123556457628,0.0051348323821247,0.9985067190172212,-0.867043857,0.8110540959775572,-0.476356807,-0.048193528,6009.53,0
35005,0.7836568657676103,-0.517391958,0.9190107520494658,-0.180295531,0.1150535072764516,0.833957597942507,0.2857812534166254,-0.064033135,0.558437196394827,0.6422920744255192,0.1326689191631999,1.149253797088167,-0.628072738,1.027427055660388,1.3170766489971566,0.5301652715672497,0.3597733021435297,0.2412849217348001,-1.195646632,-0.251096016,-0.001292102,0.5649803065311845,-0.094219926,-0.515280162,0.3664794583182668,-0.62026028,-0.173270319,-0.037523884,2715.61,0
15925,-0.459165944,-0.339498119,1.6206446662479146,-0.099256906,-0.266263614,0.7134331679601362,0.4306835087790972,0.0834864903165788,0.2974729474367418,0.2222028325109132,-0.977324696,0.8280841532520798,-0.035567094,0.9471041103543076,1.3354286466051009,0.3899673987446388,0.6650867942543963,0.272280374067966,-0.168964346,-0.391795957,-0.03714106,0.3376311525355051,0.332331141937299,0.8733879875868836,0.2905215357550021,-0.589040989,-0.277229041,-0.947176834,14406.71,0
404319,-0.614375951,-0.328227094,-0.924796653,1.5332461539810651,2.253752934992104,-1.950323578,-0.124344622,-0.037622854,-0.972949026,-0.356034905,1.311974577916829,-0.744084648,-0.841583072,-1.367932964,0.579778868887467,-0.056918763,0.7603356316259579,1.2160866279756133,-0.346824904,-0.653974233,-0.031843032,0.4120270919960835,1.9076771600078624,-0.805988245,-0.09405338,1.279266981147233,0.3852914690780634,1.5437667396464645,13988.76,1
74426,0.949486537397874,-0.429407894,0.8375047683455038,-0.299113204,0.0594580739278054,0.187362159654206,0.4158270741646125,-0.163546177,0.5421133117494513,0.5760663036399521,0.0375134895577203,2.261584954904624,0.6664191968004881,0.6996995427935291,-1.054189238,0.362630872032592,0.3819947934231243,0.0928500117812101,0.1384394914015062,-0.204713588,-0.163896195,-0.296423799,-0.019361935,1.260502723234329,0.6076999906312557,0.5312097486261825,-0.264637595,-0.079016668,23690.46,0
20385,-1.086137893,-2.402487438,0.635853983678799,-0.74712097,0.3309666651405268,-0.61165921,0.0402764818333637,-0.263126368,0.4405150364125566,3.542053413627992,-0.389369195,0.1475423165122742,0.8898751991878948,0.1499267413161263,2.754472464681053,0.1199097621310414,0.7455087258433498,0.1297999726061352,0.2349456491060433,-2.881696141,-0.60707181,0.6862107535953536,0.6442942979178443,1.1003391414197414,0.3705651992189708,0.1587103603557675,-0.529923607,9.262316875797383,19829.71,0
468404,-1.668611793,1.432671357070131,-1.804559093,2.0631805879033256,-2.010207982,-1.946291298,-1.901343559,2.227972241925768,-1.674384146,-1.923734355,1.4740616118692162,-1.804193643,0.7607360636200694,-1.467180929,-2.031358375,-1.760642768,-1.955577272,-2.001008188,0.5088271039602549,-1.475624584,0.8891774215134987,-0.284181287,-0.397921933,1.087785409718618,-1.15523305,-0.246223875,-2.149280877,-1.674962364,3015.2,1
117758,1.234698655487012,-0.554246945,0.3090641326816752,-1.03510136,0.1062468649015008,-0.210143946,0.4180409297219489,-0.235003686,-0.076326636,0.9338367848865232,-1.099404148,0.1986576582677175,0.1588792796102159,0.7631786714311105,0.5052680635655561,1.1432425002808428,0.5217739358929857,-0.39680243,0.4609554810060706,-0.086073393,-0.040738106,0.3180603787812869,-0.24905197,-0.104875733,1.365330077921486,-0.109407849,-0.272437502,-0.107838858,23242.76,0
314750,0.6766605822849677,0.0204505526013349,0.1105643451114878,0.4708299028840768,0.6809061010019326,0.0701649600278531,0.5554664004571208,-0.163711411,0.2267751702757331,0.104052099066317,-0.115033714,0.5293572612024104,0.4905072643924799,-0.610067132,0.0786322538189818,0.9452908738877625,2.627991526962829,1.2821567498503377,-0.80533481,-0.110459795,-0.203121727,-0.382581527,-0.147873032,0.5765938362799945,0.5197162160655696,-0.144920972,-0.21624222,0.159528155602173,16340.44,1
45006,0.0890332758334307,-0.025617119,2.007594248733869,0.3396031096889965,0.2885387894597379,0.38136929637639,0.7068301586236223,-0.182649752,-0.098134995,1.1613206774836722,-0.995154943,0.1176987253296141,-0.852525364,0.8524212252450111,1.7440157064033237,0.4556616341468139,0.4185786543894561,0.3121759338205844,0.4928431645962907,0.1138323811381566,-0.208677198,-0.517725398,-0.05333148,0.6548547931982163,-0.831930519,-0.135747468,0.012916064143697,-0.154767049,17026.63,0
488176,-1.743025078,1.478135026748112,-1.878689583,1.6297664349680523,-2.129130552,-2.404968115,-1.920786168,2.368505590013484,-1.745546796,-2.091105887,1.4900783286394688,-1.693927411,1.1747459468775443,-1.441012527,-0.342609533,-1.815763135,-1.92391867,-1.909451895,1.4984236699741464,-1.788474194,0.999279078296088,0.4419570160598383,-0.904589575,1.2245226518474184,-0.30865695,0.1290727447420962,-2.282321236,-2.299138975,18295.64,1
50811,-0.143423294,-0.160049757,1.9909428723770524,-0.924354184,0.250790291066067,0.0071203588143712,0.6892597425727599,-0.135202202,0.1607039507663268,0.3973909020148577,-0.02274089,0.6038536031265453,-1.437080423,1.0628575739985122,-0.141097781,0.9374779874492613,0.2300876577751532,0.4258641843834099,-0.553127069,-0.349034541,-0.159204815,-0.644091883,-0.171299353,1.0163646098581895,0.087999378980983,-0.050808708,-0.425766895,0.0510828123220232,9779.65,0
252674,-0.324161288,-1.307933562,0.6594307046336716,-0.039295883,0.4477417858315691,0.4165951919629672,0.6065603845521305,-0.109844607,0.4169241198151248,0.5422489815686039,-0.439708572,0.9374850315962756,0.1833173106180106,0.9012787598373798,0.3020797397087179,0.6583475822944154,0.2026019302294767,1.5352275833967397,0.1255361050661873,1.0703755110274145,0.2162556802856262,1.257231246295489,1.4034696598450564,-0.77830969,-1.848160442,-1.557348941,-0.040289403,0.7566776225552295,19770.22,0
100467,0.1910120615183494,-1.637385403,0.09281813528566,-0.694672955,-0.14979099,0.4647279360033684,0.6640547643643188,-0.209174393,-0.025732659,0.8153675146961554,-0.535635279,0.6593167326507507,-0.239046099,0.9894774303367012,-0.586287001,-0.093278028,0.3845518976980153,1.7482200423372458,-0.298026363,0.8371522446036845,-0.105633613,-1.0496064,-0.771208874,-0.730146538,0.2724581993124089,2.066908795705032,-0.477432198,0.1613442836056178,23289.96,0
343325,-0.686986606,0.8923266874674659,-1.119335189,1.2628626754025396,-0.999932418,-2.116336752,-1.318386606,0.451252011606436,-1.099904587,-1.863150247,2.029189312512467,-1.98950921,-0.497245412,-1.795410901,0.2735592738703651,-2.09195149,-2.163691087,-1.979106342,1.6099962097626714,1.1867834931665897,0.6936421718474359,0.5116375000832556,-0.111680204,0.8999177707363929,0.0930923655442332,-0.290867218,2.568929694234899,2.202597535231136,14467.45,1
24689,-0.383976705,-0.236574738,0.4981605028714759,-0.607352556,0.1690953702277759,-0.290424834,0.7921214382662602,-0.18472053,0.1574747150247523,0.6164598967539082,-0.832721671,0.7744713818511619,0.6854973427493539,0.9926365190754703,1.0954910897584926,0.2902909296229333,0.5034178986094904,0.0211775984180752,0.5536486227634535,-0.33699152,-0.094494559,0.0860165071828633,-0.423917998,1.1012075483299018,-0.320747674,2.106416007327124,-0.579804319,0.380218579906552,9358.9,0
230047,1.9117236424563449,-0.403503718,-0.231705464,-0.50993085,0.5224908882291934,-0.671444252,0.8099499723841531,-0.290852144,0.5182985665591017,0.7166745774659813,-1.405228586,0.3775110716342529,-1.084300437,1.408244742396048,-0.187471899,0.1107970855196178,0.419519981378664,-0.024200864,-0.080648229,-0.477249888,-0.010431002,0.7611002061282003,-0.198397534,0.0047773643599454,0.9335097785265792,2.0331081429258777,-0.406432783,-0.345271633,23273.41,0
352546,0.6494091919512275,0.2355696784474328,-0.677049882,0.639576418304773,0.2305806773522574,-0.330945827,-0.060137887,0.0419895440231914,-0.294232821,-0.331379083,0.7170548262347064,-0.488033575,-1.183638145,-0.78800693,0.2893816481271908,-0.511014712,0.0904301097687752,0.5989551594611605,1.6173389002123968,0.135575686434915,0.0477434051303911,0.0001808117736144,0.1666699030359539,0.7686764191488293,-0.847773011,-0.609494786,0.1214856888941157,-0.213444142,18478.03,1
296288,-1.172117324,1.001646953045251,-1.153406898,1.6553524607837684,-1.367824056,-1.291905627,-1.524992725,1.0368904859143822,-2.030456248,-1.756592548,1.6539962942200226,-1.704268086,0.7864759834419948,-1.743537859,1.1843084146059508,-2.001103915,-2.251109996,-2.115576068,2.154813734208402,0.6361610302062791,0.7761419640162421,0.6948269118841846,-0.267141199,1.0862040312362635,-0.12328292,0.9033716965733568,2.1404405381827383,0.6784278746091064,4426.18,1
151743,1.7813591866988077,-0.521638506,0.0835193615125564,-0.499876541,0.2741764716603513,0.2329060023285503,0.3670665573289947,-0.193468915,2.241015135143973,0.4443423338194732,-0.050974917,-0.044119751,1.3975803813128216,2.0583792971642803,-1.777229224,0.2793254473207164,0.5371066362666296,0.692452034239682,0.2351023437102915,-0.454690387,-0.12489807,0.321378136393844,-0.04486344,-0.842894327,0.2508874867309523,0.3851827138784326,-0.303699293,-0.304688469,18905.88,0
147915,1.633366966061068,-0.510184447,0.2459194746440634,-0.021551672,0.1695463603768474,0.4098044762029476,0.3776741406969544,-0.136406755,1.1279018418380489,0.6734524232369158,-0.443434751,1.7592088575092826,-0.801201995,0.731945593435713,-2.232615633,0.1084606532598331,0.4502933649305243,0.0419076509641761,0.1907177832135277,-0.515942375,-0.217664498,-0.449018829,0.2288471578130128,-0.014562935,-0.104534874,-2.187532602,-0.196503626,-0.231611635,97.03,0
64150,1.069458348763825,-0.327457801,0.4574024088563722,-0.409346292,0.2937120536632412,0.1389409857072562,0.4833154398522437,-0.197485658,0.4708627271210188,0.4738429966605713,-1.080705755,0.9188776737736468,1.3176319397734166,0.4661108892273474,1.2570671431005265,0.9712072360279194,0.330958335386989,0.2359465908226556,-0.121703548,-0.136672233,-0.236181278,-0.842810195,-0.019121297,-0.800881065,0.4997430751155761,0.3323238258987101,-0.261590653,-0.036627623,4870.45,0
94361,-0.142562907,-0.417066001,2.261545039297392,-0.711287697,0.4324154617704634,0.0930740053636198,0.7127019032662568,-0.220410823,0.8847148077382759,0.4443037589004723,-0.850474434,0.4134622388149563,-1.538346865,0.4756997839130233,-0.753714702,0.0975904309995427,0.4828784028683204,-0.223424126,-1.12951514,-0.271504308,-0.114326906,0.2361351744629897,-0.214949735,1.3349560838635024,-0.097226579,0.4452609747788238,-0.699918526,-0.760374847,11170.73,0
479839,-2.387249974,2.876810141819972,-2.302698788,1.243213127628444,-2.892575565,-2.649832648,-2.230582,4.749797583081244,-1.123807758,-1.250354003,1.10028418202716,-1.018166503,0.8962404851304884,-0.881664744,-0.108372562,-1.200379661,-1.406760241,-1.44016674,0.534041497661915,1.430994196545241,0.5623403542649124,-1.572949385,-1.132282214,0.3388109478919615,2.966414482989256,-0.511653325,1.7867418964349582,0.9084367178363534,11655.14,1
59154,-0.325768329,-0.078782984,1.1052690584404594,-1.497261911,0.0833831163694507,0.2244738106604859,0.5911108021664739,-0.101636142,0.993509267831626,1.000155674766841,0.1609896281895988,1.07675657770261,-0.563954372,0.6603199563740157,0.1789018583329775,0.7812196074613847,0.2593328070497812,0.0746108536582648,-1.126789744,0.1681563160846362,-0.172061061,-0.141031033,0.1353087207914777,0.5114415241879364,-0.367241578,1.5149769803808246,0.406076691042183,0.6701141971188481,16861.6,0
557670,-0.368648438,0.7061465678210488,-0.891376659,0.9833863425692771,0.7251308014317998,-1.567958463,-0.113464439,0.0738667853886895,-1.108272257,-0.937328966,0.8019053378624383,-0.9648012,-0.032989341,-1.513033095,-0.48787809,-0.207438999,-0.139054395,0.2924220179939488,-1.669112961,0.0989070506936952,0.0903202270325644,-0.492165157,-0.211683794,-1.196641942,-0.085695706,-0.191416859,0.3256912207263612,0.308118719135904,23179.84,1
231321,1.5453219607461497,-0.700764876,0.2909377480969022,-0.538784571,0.2122107779406911,1.212671557622046,0.1321394265029008,-0.008565661,1.497907608683256,0.553792311441751,-0.124417176,1.2347232765669705,-1.039983212,0.8736515696586364,0.8311609559724563,0.1865931619558592,0.4747034789864814,0.0127732383837382,-1.101748558,-0.549864339,0.0161765017712508,1.0914912633250284,0.1552258499244726,-2.143822899,-0.653803622,-0.250150268,-0.141013697,-0.252197441,6841.83,0
129000,0.9187374452462896,-0.592249414,1.039150119928916,-0.294270293,-0.068986279,0.4781746215396723,0.2418008904980035,-0.119817835,1.2616115991476735,0.5013824113333994,-1.682657329,0.4968271065945241,-0.671512296,0.5761119974853856,0.3488305135331661,0.71577125480358,0.3427028327450041,0.355762026311988,-0.086491442,-0.18878439,-0.144871071,-0.287021758,-0.097986323,-0.197324364,0.3711263419991418,0.7616349185380623,-0.237996479,-0.028158066,2338.18,0
246990,1.7216199656421518,-0.513243199,0.210065581373404,-0.448639515,0.1919057798357091,0.2900353336343687,0.3569909595423199,-0.151780357,0.8619556960440723,0.6782021357298523,-0.250548396,1.6812100722110412,0.1672629395739088,0.841686899981144,-0.670116099,0.6833849822269816,0.2488838273141048,0.0823846076312764,0.201386932226051,-0.377448717,-0.291543093,-1.093722859,0.4670027483255773,-0.758594765,-1.025104603,-0.551704092,-0.27565386,-0.240331874,19513.13,0
136980,1.0855118090480762,-0.419229631,0.0337448829358132,-0.87293068,1.362090349850759,2.0769698650905672,0.2749195369821808,0.0377589630737097,0.4508130325540357,0.5100069158464634,-0.529063645,0.5982494486433508,0.0883632463582668,0.6430407218889683,1.5741979009547686,1.0839254588765073,0.292749814573931,0.4307671364219594,-0.065389219,-0.129549088,-0.243254887,-1.029213356,0.0733041483237161,2.090702825320832,0.5289444397744304,0.2630334744273259,-0.262623293,-0.042961522,4148.65,0
443797,-0.48148014,0.0250262120841744,-0.24338195,0.0705149902805457,-0.606915864,0.2127303841787164,-0.217705192,0.100395450667466,-0.235138784,-0.480528656,0.5696227092088982,-0.527750694,0.8474582937280146,-0.628161501,-0.313629848,-0.774394764,-0.907578474,-0.751767156,0.894409085975868,-0.080270049,0.1776062780970181,0.4317154632952144,0.0111529806585503,0.2553239496458401,-0.318888803,0.8987878114547715,0.0594432280909221,0.3415374303672979,965.08,1
63705,1.023578805295309,-0.19464905,0.3379831435715109,-0.095363784,0.3145015623289668,-0.275077192,0.5664176721281287,-0.216620837,0.3751329854695845,0.3355253097301783,-0.460759916,0.8200869721117516,0.7869025056934115,0.1274478728613247,1.1812458614645094,0.8666796380982964,0.769637598723143,0.6865860751293171,-0.777116786,-0.2137229,-0.126949037,-0.097785349,-0.156888343,0.5803151416506922,1.124364490704685,-0.789175911,-0.191556278,0.042810462172768,4101.65,0
478752,-0.26253748,-0.000216726,-0.134799283,0.6672776918244427,-0.262765876,0.6985748395965533,0.2605290024502089,-0.049978149,-0.396224957,-0.168559078,0.2450178930726428,-0.399607298,0.7184491736283078,-0.674534401,-0.030820304,-0.499746677,-0.232171459,-0.178605582,1.426269464974133,0.4286082216560499,-0.002577813,-0.061773943,0.5266340267927546,0.3364990083693167,-0.415861578,1.0321564370486562,-0.077205466,-0.528282953,4876.66,1
170708,1.8534455982256413,-0.838362911,0.2486120229843802,-1.153636437,-0.071233795,0.3897164070726463,0.103332557766614,-0.131472128,0.4362249663986897,1.0549673480761954,-0.172914069,0.6410988748347478,-0.046088571,0.5780726303057097,-0.526075917,1.6430452056321865,0.4053866457998431,-0.026594615,0.3874758198406358,-0.156991973,0.0434320274181722,0.9976090801760902,0.1400267048539233,1.7308061518417457,-0.369808597,-0.32383134,-0.239363441,-0.220720713,18568.79,0
105770,0.7849780910042176,-0.863590988,0.5218293910039506,-0.866849076,-0.147303322,-0.039255644,0.389915382255671,-0.200053349,-0.14246016,0.9753731092221708,0.0562976123024458,1.1114535971542354,0.3624115485365586,0.9416528633243344,0.1237177780962678,-0.071009064,0.3807700934011998,1.4710971468168372,-0.761840888,-0.200772314,-0.181492003,-0.55915668,-0.153689925,1.2660303435602522,0.1498756896921436,1.9611702121191172,-0.359240202,-0.018661036,22177.32,0
97812,-0.184074869,-0.497673668,1.6371568236632896,-0.864877748,0.3058068344116978,-0.141407938,0.6825512309956069,-0.194962118,-0.403446863,0.599690247393614,-1.020314849,0.8419550793521206,1.547198933716728,0.6368933501859484,0.079154425431998,-0.1024222,0.292734136614126,1.1564115113308924,-1.680813003,-0.261710904,-0.242337602,-0.816255825,0.2254225217500482,0.6866181060819567,0.1806501635109168,-1.800040834,-0.176467742,0.2119285640360143,18012.98,0
114141,-0.051212191,-0.435426173,0.9641454637643224,-0.599682907,-0.000603577,1.2040153160352525,0.3313169725782072,0.0344888565080162,-0.206129805,0.7316861212175876,-0.887186713,0.6141900280818419,0.1294629995812046,0.8564444443822746,-0.011116687,-0.15592137,0.4247628746775433,2.530122101099664,-0.205115368,-0.435471652,-0.097702384,0.268991625940976,0.1320978797805836,-1.918392825,-0.788558435,-0.38672433,-0.125069753,0.1679774005130619,4693.32,0
80840,-0.131422893,-0.485332053,2.59018317970381,-0.518417408,0.282996209502748,0.5752982160249998,0.380391585657252,-0.063431808,0.9070699741022176,0.4305516545877558,-0.227471615,0.444323633773509,-2.666514171,0.718858486091588,-0.727023423,0.5265425259634261,0.3277997993218396,0.5262096875114008,-1.023989489,-0.324423661,-0.066110524,0.2651131781362089,-0.046304675,0.3126468194292564,-0.698062342,-1.570483565,-0.255550266,-0.301810988,19467.44,0
83904,0.2981436388602689,-1.432067136,0.227835603178617,-0.657910375,-0.166887729,0.2326005676303891,0.59653819684287,-0.217572106,0.0801951423950961,0.7166111299883741,-0.827506787,0.2984479478251116,-0.262353893,0.7306348984569806,0.1175740937579351,0.6898448012878711,0.8101620188740581,-0.591687249,0.0069718929275771,1.0502589871440555,0.1104328280163455,0.1847305075723966,-0.679547275,0.3473043231190926,0.7075993657945633,-0.219649551,-0.363077952,0.1588468837348342,19232.25,0
209124,1.6340791255368867,-0.343650423,0.180253835891653,0.5926924795981441,0.688100963922199,1.2795463968010214,0.3948017427075745,-0.089412704,0.1872922086193232,1.3205043453183998,-1.250454393,1.32840654415419,0.572462993735946,0.5369241940714007,-2.933488269,0.891931278375626,0.2084731420176165,0.1148599673556142,-0.344172215,-0.370398536,-0.257528587,-0.795367975,0.1672042391775097,-0.564803374,-0.067017545,-0.594701906,-0.256800244,-0.232369945,8185.47,0
125331,0.7438122260211137,-0.820991262,0.9471096885377248,-0.564547114,-0.102450415,0.8102206709424946,0.2002777075010357,-0.05490348,1.3470884547899844,0.4629724569940115,-0.30926241,0.875474574330044,-1.695447691,0.7088666402397424,-0.594528356,0.4509714165238235,0.492594106749945,0.1609909877955714,0.1930133421734091,-0.078619314,-0.148757553,-0.448411164,-0.067264768,-0.43872901,-0.131505866,1.923985208191951,-0.303406145,-0.05745855,21018.69,0
430271,-0.513475727,0.0734996010823254,-0.752814986,1.355815660986743,1.953611349451359,-1.572488063,0.2416594242573003,-0.1865896,-1.031072067,-0.457471046,1.0709891264758118,-0.855110164,-0.702082087,-1.433134898,0.9052764641972002,-0.145530964,0.707414538997308,0.7488529111251166,-0.910035767,-0.454440422,-0.07999442,0.2825819306649368,1.4956670896730035,-0.586348091,1.217886146633587,1.343523036063013,0.3437924607816507,-0.503153597,20497.87,1
341446,-0.906312694,0.3214557548097889,-0.62650984,0.9901875693738024,-0.413417155,-0.36887434,-0.613229135,0.0905599459242598,-0.12288645,-0.6303903,1.0368591238020015,-1.361443106,-0.176938574,-1.16094153,0.4760821120640013,-1.351553566,-1.175289474,-1.289086769,1.103367691087644,-0.37959909,0.1491996411628451,0.0863280569222339,0.4017444649869909,-0.350899083,-0.209044263,-0.280863912,-1.61527856,1.4285423903471373,1065.78,1
193521,1.9562361151380412,-1.053346189,0.1641630585242501,-1.630593781,-0.115822448,0.5018857180912186,0.0624190619662387,-0.165801941,-0.037084873,1.396929728337992,-1.856072649,0.2634803387336418,1.2880210353984871,0.3708958946695167,0.0811731475717022,0.4536922598800831,0.4593953887799104,0.353176523394579,-0.104158884,-0.394176131,-0.274012335,-0.797673457,0.3387765506981509,-0.006201799,-0.867327408,-1.188312746,-0.210191254,-0.157008924,22633.81,0
39517,1.275073446954842,-0.80315567,0.3714256071243623,-1.592138863,-0.043132396,0.2103967015567526,0.2158495964067667,-0.174686639,-0.543503294,1.5015899354956117,-0.379905235,0.1927604850804012,-0.313897436,0.8350732137460153,-0.238478556,0.4182067743425642,0.4764559062575433,0.5385971321735696,0.3245249805201311,-0.499127277,-0.339061529,-1.253890217,0.0654079065181578,-1.044215095,0.3896122421887024,-1.213722219,-0.242508969,-0.097012623,24031.84,0
45572,0.9094377789045416,-0.552379867,1.228281765512233,-0.2882063,-0.116373456,0.3028749285525141,0.2607673467111404,-0.143077469,1.10901996745303,0.4843743989148495,-1.083431278,1.081661861385932,0.4334773262786946,0.4834570846225741,0.1615896187207046,0.5698459115115213,0.3840817067845087,0.1420088838917411,-0.232692228,-0.14582947,-0.129504617,-0.120052547,-0.031737067,0.944624152015513,0.2869955955915386,0.902310905542339,-0.23539157,-0.017416903,4044.62,0
230759,-0.181212906,-0.434274158,1.7048789609220645,-1.96908145,0.0470727986250113,0.1800356408439594,0.5948960759867943,-0.157228816,0.1230038996639713,0.4987894777483186,-1.394264071,0.1827879160653572,-0.373872957,0.4042006486870478,-0.986381582,1.3130867445577914,0.5190950948503225,-0.552222235,0.01659434787921,-0.072244102,-0.210949337,-0.683582477,-0.209996081,-0.068382391,0.6185807569963834,-1.292945391,-0.006438513,0.0833020053521865,14358.2,0
379932,-0.959881919,0.4875625330636751,-0.777251406,0.5753408809227986,-0.321684894,-0.620549518,-0.530667181,-0.127499825,-0.30906701,-0.491403026,0.8263705324185693,-0.941124473,0.3425463189950314,-1.160211347,3.0857214534786928,-1.058364053,-0.729553797,-0.653768012,2.0696639954384493,-0.702639097,0.5393279950505648,0.3221015419364685,0.1061159097720983,1.8102591664006105,-1.392659665,0.9730507284756948,-1.880435124,3.5958620464410824,21436.1,1
114797,1.036733447812818,-0.339535407,0.6137991789724601,-0.334660931,0.1156956195253819,-0.160989992,0.4558757244064449,-0.192946856,0.5495626912763995,0.4883629185988916,-0.719287804,0.6342822505433299,-0.043226054,0.5911100295445123,1.3549559648563536,0.8272744018311025,0.4388636722119719,0.1702482306137569,-0.367040715,-0.260813343,-0.222838929,-0.800967672,0.1026154244851711,0.5933994827531076,0.2619370987759549,0.2368792006350837,-0.267399307,-0.027464706,15669.1,0
190482,2.0065971403005847,-1.021768753,0.0983912471534586,-1.60188496,-0.144156025,0.277522676270307,0.0672087655084488,-0.136720562,-0.121548168,1.613000307307643,-0.381704102,0.0693316156502174,-1.717292671,0.8236386602760477,-0.674996463,0.2596945791095962,0.5975278594347815,0.712140698516697,-0.128452238,-0.73560966,-0.159407497,-0.078198466,0.2731692257217787,1.3543640925629905,-0.511642506,-0.471818382,-0.249364289,-0.243304898,17113.42,0
436692,-0.04019048,0.8515103492576768,-0.939107663,1.4375363678556652,0.5605074060389673,-0.749984989,-0.211813531,0.1289344578325384,-1.454092573,-0.771236788,1.3170576392828528,-0.913760028,0.7459341912312089,-1.534261563,0.4263542686914028,-0.385864943,-0.070292383,0.8457600477058217,0.5893405124356583,0.6708174520998896,0.1130350892736806,-0.381309121,-0.194168095,-1.824346825,-0.15845809,1.150091558059096,0.635422806345574,0.576246013166391,20338.79,1
437786,-2.459141149,3.326970220195924,-2.476250874,1.7858636066810814,-2.82898223,-0.276047953,-3.424997662,-2.207019732,-2.787200935,-2.926960643,0.9936592720641512,-1.424400036,-0.644954887,-0.435814301,-2.259985593,-1.325535755,-1.422966663,-1.608957157,-0.719431495,2.477712383634667,-4.328204022,3.653956365194997,0.930769460064368,0.542945988898742,-1.236160934,-2.571823792,-4.947034458,-3.337477789,23569.56,1
169871,1.1068863747649225,-0.909813493,-0.087081126,-0.354670458,0.1230255119408539,-0.274593916,0.7842005486162518,-0.269014788,0.7114266259831494,0.5581535631728987,-1.098183489,1.0281129574460328,0.4245785514600801,0.9507556679792216,-0.088025067,0.3329581612886274,0.3731993564207134,-0.135125743,-0.178493877,0.4174909530778581,-0.074200262,-0.490379457,-0.143461629,0.2452094832700132,-0.465580497,0.937837692612242,-0.420009579,-0.104015313,11948.32,0
237063,0.2108024267565113,-0.097106841,0.2262698237259966,-0.879351907,0.4819732336810907,0.1238719066748946,0.5970992042027544,-0.076299689,0.398111615536084,0.1528706633114831,-1.261781455,0.9288835835900906,0.995188107797685,0.2694293338145602,-0.254984956,1.0837669660761768,0.5600933991739846,0.2147880411803807,-0.368216301,-0.337224606,-0.26593604,-1.112244953,0.4573911709805074,0.7136901578792463,-2.10714445,-0.613009461,-0.264039633,0.0881617431646729,13739.09,0
562016,-0.313121699,-0.1450956,0.1257149377394502,-0.409111798,-0.151392997,-0.151698424,-0.17288714,-0.076403566,-0.210687065,0.0466317946671293,0.6289265456496598,-0.643602673,-0.82400022,-0.55962886,0.3330921951901934,-0.350501891,-0.674366259,-0.573587972,0.9039622417538952,0.3860421519675636,0.1152785033083768,0.4932298870368839,-0.160217464,-0.152241135,-0.637191398,-0.945492708,-0.044006524,-0.003550783,1241.81,1
524090,-0.078193417,-0.242948008,-0.03920603,-0.370525936,-0.2794431,-0.153359216,-0.273323316,-0.041047268,-0.025741796,0.0488102321505441,0.6842537342053978,-0.616655767,-0.945960275,-0.56495186,0.7422964022457295,-0.488790647,-0.574325412,-0.624155625,1.5967916228126295,0.4884934365820833,0.1277940455326036,0.6548116589287609,0.0650194247037703,-0.058521335,-1.555599901,-0.962321443,0.3388614381705346,0.1193346104941331,3003.16,1
388579,-0.924150315,1.0748624861005338,-0.885070402,1.0326444137483923,-0.889333755,-0.614384696,-0.877239959,0.7624949350199949,-1.663057467,-1.159068514,0.7918000389342694,-1.133232428,1.648256380373022,-1.118309411,0.148164830788375,-1.295146906,-1.425328688,-1.480068486,1.2750659578396657,0.1280291742310695,0.3457977695965685,-0.804559705,0.0934726206978652,-0.343980215,-0.508236949,-0.497967717,0.041472555846081,0.7396927896779636,14297.94,1
200831,0.1733968881985619,-0.114478039,0.0817522307526032,-0.924464013,1.3448401250780635,-0.309539658,1.1864430368957877,-0.282776302,0.2190111959555834,0.3598126733934094,-0.968082321,0.707099844325879,0.9125148780891836,0.2017150690577291,-0.795767516,0.2399722683664701,0.6608226778073987,0.1794326254866404,-0.453157379,0.0374835747317044,-0.059876009,0.6699434741763751,-0.24283577,1.293918912215672,-0.752830893,1.0646090149256913,0.0385911047025272,0.1212248849132573,1111.65,0
356157,-0.755441559,-0.27044951,-0.150817324,0.7486423294464859,-0.564723713,0.966754644722399,-0.090221303,0.0215628052305974,-0.740740232,-0.436838315,1.0875599569603436,-0.908189855,-0.433926688,-0.816453172,1.112259813960413,-1.001485284,-1.163453666,-1.069401318,0.3440456181842862,-0.526439926,0.1456204728493687,1.1697409064840811,1.0778252320710249,-0.414686401,-0.066750742,0.4070887630072803,1.0341508290144443,-1.477854751,6202.21,1
216881,-0.072948503,-0.667105441,0.5123390521093286,-1.736741697,0.234993356340758,0.5459029278342932,0.3238041278375895,-0.018706932,-0.070845283,0.5245583328756015,-0.590922549,0.9623747291434008,0.9763842852342084,0.5841925694807286,-1.723392084,1.6520797608744495,0.4037573140627677,-0.214094766,0.7266678957416304,0.1653716045958977,-0.060537924,-0.195815077,0.4655665259883806,0.3703976152838755,-1.971798864,-2.040184914,-0.113024497,0.1546650599937123,10682.66,0
265458,1.8928719234466524,-1.072314854,0.2224811100605969,-1.697877801,-0.017415469,1.1655338323945434,-0.033707936,-0.057795626,0.0222881320150193,1.3344673265506142,-1.093828081,0.286707718668104,0.5795949332367822,0.4320735026532089,1.0758878917819523,0.0105516980934,0.8541181411161302,-0.334910469,-1.21943353,-0.658117664,-0.226525209,-0.340685086,0.5145165823282308,-1.058483199,-1.259365446,-0.879427051,-0.138873532,-0.196474681,78.38,0
400251,0.5532451934540457,0.6986366865413604,-0.910450044,1.4293711717983428,0.7687385208374402,-1.112435957,0.0477376673662224,-0.016119241,-0.753939268,-0.48366991,1.358034824262229,-1.009577324,0.5689668469061919,-1.209529861,-0.4352889,0.0312669476303801,1.074401225476827,2.098309722527719,-0.13958845,0.3379628888318958,0.0335170332705996,-0.037164829,0.1024086674238951,-0.745631961,-1.313777085,0.9949013640062128,0.4865661567954208,0.2972861422519599,21795.24,1
142935,-0.198195189,-0.076051543,1.0714045757626731,-0.538113649,0.2049072236791221,0.1527693048749361,0.56897763236859,-0.055136014,0.1365743870714953,0.0610886097298057,-0.990367764,0.3776458648557968,0.4404575898663708,0.1268622063288099,1.5448919587308636,1.4287976526965374,0.7631811915832103,1.2950631241814192,-0.423328696,0.0065395339590391,-0.055963618,0.0116980136452478,-0.236702648,-0.376196854,0.5743871986532537,1.0318988658822887,-0.347260549,-0.033091848,19857.51,0
330153,-0.518291569,0.7218731951480445,-1.098991304,0.7264293150703526,-0.991086646,-2.321529535,-1.269098781,0.325575543200874,-1.084361346,-1.976909322,2.022843525124248,-1.808879327,-0.261115881,-1.930084087,1.3277649018479014,-2.127961094,-2.213791371,-2.070681182,1.9049108541670492,1.4274768578670918,0.6174580749634083,0.0316398422376461,-0.356863913,0.7301728562425063,1.8229529665943829,-1.184402741,3.3003601837421157,2.548222578789254,1989.54,1
318977,0.94301868233363,-0.076180432,-0.010923268,0.1419249747064296,0.6109005680554627,-0.127247457,0.5365077896951782,-0.153475775,0.6206357081556647,-0.068275038,-0.18453314,0.2252772737519838,-1.063435565,-0.581579213,0.5207389420844614,1.1583795307324392,2.6669341528984467,1.400990673034797,-1.214744057,-0.271365521,-0.260597795,-0.776411153,-0.149566605,-0.590795079,0.9999255036115262,-0.731237576,-0.125970317,0.1939192691816718,13433.04,1
300295,-0.382959275,-0.132311549,-0.516168983,0.6372382447990016,-0.57685288,0.1043137830650741,-0.253297616,0.1210410813029686,-0.718811324,-0.825994978,1.004277290357354,-0.898395879,-0.489243555,-1.062658229,-0.349512695,-0.934453021,-0.907286869,-0.60763887,1.3045748152791,1.545744366878652,0.3022962639477066,-0.155745116,0.2249028143757806,-0.405999843,0.4521280927072184,1.8894143822513352,0.6959316725195862,1.0681879740017082,23625.18,1
434701,-2.559210515,3.2219046197316965,-2.450226542,1.2702176614273093,-3.170564234,-2.833263158,-2.404011374,5.5685593025543545,-1.073773076,-1.185887471,0.924365655382112,-0.885620779,1.32907938716333,-0.666882931,-0.175871549,-1.082473129,-1.315010685,-1.412808454,0.3485458191791394,1.4822387185177082,0.5722499325045876,-1.806037168,-1.282402038,0.3721902629435222,3.569706454549572,-0.487231503,1.5766144494219665,0.811179858491243,135.22,1
11390,-0.22126569,-0.060866817,0.1802289999012882,-1.944070059,1.076886070151461,2.0275450156253774,0.1704826950046523,0.2746490526978991,1.2785088010797507,0.2082432954128741,-0.363450679,-0.264484773,1.794376701305861,2.452604504716767,-0.148083742,1.4279645101038076,0.3988485446510854,0.611947073450648,-0.777633549,-0.168798554,-0.207634232,-0.738909406,0.0401817496893454,2.1359819155527755,-0.118034087,1.4632117451503637,-0.22930715,-0.132693285,21537.72,0
341748,-1.442458874,1.52471345801949,-1.607671093,1.4100516716983045,-1.751164656,-1.812688515,-1.93483509,0.4643379671710685,-1.506613307,-2.028859741,1.6496369244724145,-1.825006531,0.0238016391220197,-1.317733649,-0.392799375,-2.022577829,-2.046672187,-2.064989775,2.0915538234354485,0.4261673605070996,0.1939244206307888,0.9420559766837676,0.1442799575531004,1.238372921945471,-0.341213385,-0.530073141,-1.251742902,-0.16995183,1614.18,1
190130,1.832493418199755,-1.070840997,0.0669007400233436,-1.808285883,0.154012413041938,1.3269344570803423,0.0404122816512214,-0.047577173,-0.211030097,1.4208586212366896,-0.203238404,0.7279581865430143,0.6699406190435437,0.5634315113948747,-0.303274793,-0.005419654,0.776134510102293,-0.315163799,-0.544088422,-0.571810573,-0.325893858,-1.008796891,0.5401208943495277,-1.687607694,-1.287579866,-1.473393146,-0.174411321,-0.228391646,3844.66,0
483428,-2.422418892,3.291437644181232,-2.410632995,1.7136212504952932,-2.744660541,-0.181537781,-3.378572911,-2.305095624,-2.788140051,-2.902882845,1.009410012718367,-1.447778146,-0.803293191,-0.432580583,-2.310071942,-1.385927798,-1.48629555,-1.664700431,-0.642256648,2.697096517085838,-4.36414009,3.811331913295561,1.0414644577733403,0.593957504464239,-0.887958601,-2.379436561,-4.683873183,-2.931094012,6454.81,1
181844,0.3294483446630536,-0.142734197,0.0110776834266475,-0.218301543,0.5681439547769492,1.0542382476806014,0.3759049412407256,0.0267849189024013,0.2628467952495323,0.4590729830738923,-0.024333024,0.4899407547492109,-1.11483886,0.6966672050178612,3.0717210255350285,-0.037161486,1.326588193823329,0.7264618576311145,1.0228113523556197,-0.26490204,0.0502739188972333,1.1421561788381775,-0.110762639,-2.652006773,-0.820748959,0.8236467056777897,-0.401952585,-0.403276061,12324.48,0
255341,1.8452615410143811,-0.392342239,-0.121913304,-0.501403184,0.5816500607677951,0.1972609507885328,0.4967613788224932,-0.195423655,0.8103435953041273,0.4432587293356386,-1.320683284,0.7113329515805665,0.538645402383872,0.305137937853026,0.2521015937961696,0.7439192245842721,0.5502952545714295,0.1611584778127433,-0.054996743,-0.291625348,-0.263625208,-0.90671892,0.2589687662459339,-0.078916108,-0.387675219,0.4778775094004007,-0.303598845,-0.187096242,10241.49,0
437301,-0.528471337,-0.023893665,-0.206705604,-0.26069984,0.1437446951377828,0.9292025554014772,-0.415130152,-0.639248912,0.7239309067746269,-0.582755822,0.3203864209885447,-0.77914275,0.350916463520297,-0.263291021,-1.799461116,-0.622828922,-0.501282445,-0.272325615,0.1290775684832784,0.2207900447786975,-0.161329857,1.0015979621212328,-0.302497727,-0.582208468,0.4859854156109896,0.2821749018904911,0.3463268920276643,-0.448540202,18470.67,1
225687,1.7870017183074964,-0.879725338,0.3578154704612546,-1.102545421,-0.205896454,0.0841047681608107,0.0966814968926419,-0.132940258,0.5077751015415318,1.076265104831282,-0.158844563,0.3208025838811065,-1.33381447,0.7599983619928695,-0.015704433,1.981758662638306,0.3982217161374044,-0.064933023,0.3830273953731748,-0.221799494,-0.062162259,0.0527566801890087,0.3460891457401103,0.0627662220485589,-1.047119494,-1.13147052,-0.243037714,-0.210680246,15401.23,0
202249,1.94199471687883,-0.630937249,-0.165012916,-1.150213069,0.3422311029148064,0.1680686808102358,0.323843012411366,-0.176001605,0.1172693469374076,0.8129858084418597,-0.145308294,0.3893176551030152,-0.411931315,0.2805547609962641,-0.777660256,1.6053255690317596,0.8306512323258233,-0.068047115,0.6355231000372765,-0.157309447,-0.112504974,-0.142472336,0.1297417873257095,0.2521787123172355,-0.075526412,-0.705625687,-0.277622872,-0.209013495,13302.65,0
33994,0.9547059640678353,-0.443395183,0.4089922347892151,-0.521928243,0.1062789884558911,-0.503591534,0.6459258281821876,-0.252659387,0.36679762953864,0.5466473252744098,-0.545804808,0.9265280506329936,0.3332631913108127,0.9847972590185968,0.803558870624162,0.355829103489226,0.4234058809243937,-0.133481655,-0.24005391,-0.078887813,-0.09435412,-0.106389616,-0.139139173,1.7573931133950151,0.7310592732574269,2.0551600285429434,-0.37739268,-0.081105268,22541.95,0
462188,-0.04206784,0.8379326771701695,-0.904633529,1.4479521173480403,0.594317195850406,-0.824601564,-0.186236123,0.0822529492936686,-1.478982743,-0.817941493,1.2549963815850034,-0.985144832,0.4929261045192064,-1.557934389,0.6449421383738673,-0.463576418,-0.11763865,0.6866023566680155,0.6154537312243359,0.6882344584741683,0.1229303460915047,-0.356349764,-0.25867517,-1.678570995,-0.294158377,1.146715900341257,0.7748060092915856,0.823531217369392,16631.95,1
71408,-0.727422127,-0.43563132,1.3047224518017178,-0.787430634,0.2743268318072262,0.5257513734249856,0.7469146584389948,-0.209508229,2.2176760525679664,1.8641550417111925,0.016782738256375,1.3122619077218622,-0.553061444,0.1241951803321608,-1.574646485,0.1398490992606016,0.3525738903825029,-0.115178606,-0.479357801,-0.487145727,-0.419767899,0.3776183870619991,0.3508641254511612,0.6266901403825245,0.5311544084801504,0.7386188553316597,0.1165935338904104,-0.833154186,3164.27,0
233468,0.2870274651811648,-0.308144743,1.3559104976376342,-0.096755684,-0.00760211,0.4269198895273703,0.4980995716207538,-0.173399366,0.573268719140427,0.5315420749474259,-0.822049969,1.3426381685412407,1.6804820888856988,0.5418240101409657,1.822035908602852,-0.113715397,0.648281602873942,0.6050514609833381,1.4751553084124167,0.2501822114999028,0.0892931383718698,1.7021188149813546,0.1001941901978041,1.0658159755188386,-1.751253619,0.2919171076010676,0.1706950298190744,0.554702472724228,6174.67,0
396789,0.0346764709245676,-0.122884155,0.7414057942365334,-0.291561881,0.622599684340525,0.3930106740377646,0.6187430039176536,-0.118725378,0.1212365844919217,0.4062947488382556,0.0755058424077153,0.5829432439943077,-0.723763418,0.3525194000907816,0.8777003669099263,0.5824080277567492,0.7669027565379928,1.0009032590638556,0.1005994922058595,-0.192052448,-0.094162462,0.0222688295310914,-0.157437001,-0.505111749,0.1204660213106739,-0.345866787,-0.293786362,-0.074700669,4701.83,1
240275,-0.550518656,0.1313309378072267,-0.044144601,-1.452841952,1.3037546262872648,2.5973026584371044,0.0043292180029729,-0.522519369,0.0859424921825208,0.1220886289034843,-0.980623198,1.111156572040776,-0.470873652,1.7296858674866504,0.2659810821988171,0.2603819535234122,0.5820859226730776,0.0349902997571333,0.1711286888240558,-0.006707075,-0.353898526,-0.600602984,0.0556135785777054,1.4106223222522098,1.0143949839122373,-0.896370762,-0.974985582,-0.148565412,23229.47,0
77116,0.8820271957723701,-0.585203861,1.3083781829950891,-0.266405997,-0.097589614,0.6975199857800057,0.16589560069911,-0.050551181,1.3419114196514483,0.4885245387003737,-0.815646084,0.4376679934443537,-1.989781704,0.7339805803577243,1.0370511984824022,0.2334625895248234,0.6715152396989438,-0.221652559,-1.005997404,-0.469961671,-0.117183093,0.0142679370100865,0.1328719769702291,0.1874994787804142,-0.090928003,0.7930560684594378,-0.194856089,-0.051713351,7946,0
437056,-0.368839567,0.0444852237391616,-0.020961156,-0.312998985,0.1649733899762836,1.019584440337285,-0.348527058,-0.690937854,1.2462037246450577,-0.507200963,0.3255074029741364,-0.765780575,0.7121178761148929,-0.277779351,-2.136573535,-0.452433196,-0.375366735,0.2254615343214169,0.2802519069264215,0.3542998289432985,-0.128714803,0.867407446735884,-0.296113121,-0.615449917,0.1662499182355179,-0.222392497,0.2343074422143889,0.1282954498874685,8073.86,1
102412,-0.075092707,-0.095067059,1.5343300336378258,-0.649471511,0.2040957501875024,0.0812594516836763,0.6453254759274099,-0.129463116,0.4214159560026259,0.5878851799152853,-0.594449997,0.4924632414680641,-0.671226974,0.8506703257406489,1.39527662,0.3633021110932847,0.4520379775509173,-0.144364212,-0.649899958,-0.029619752,-0.192187253,-0.486392527,0.0362249622328953,0.7614161217945595,-0.536923252,0.2128368607896499,0.239846185554168,0.3274225655531904,12087.86,0
9735,0.922689943837888,-0.530477792,0.9480044282844028,-0.569069654,0.067809049656354,0.69950181332933,0.1958799211318458,-0.083056052,1.7405881684795663,0.4413347358586058,0.4649350535129609,-0.231535403,0.3782504408276034,2.3877344212314053,0.583225116640391,0.5660172001920357,0.6982248233366463,0.2607555976246821,-0.960924914,-0.392228538,-0.092978494,0.2394122477905327,0.02629687282076,-0.499306638,-0.11128919,2.1161933485157216,-0.315500568,-0.133928917,23409.53,0
317634,0.3608960219728565,0.0238584683345054,-0.043167346,0.671674277941872,-0.133610253,0.1298112419928488,-0.178405069,-0.009775309,-0.300885128,-0.231662344,0.3043937898648434,-0.43412443,0.2773276237582663,-0.672353565,-1.206020336,-0.49265077,-0.561078343,-0.549075016,-0.162812183,0.1736454034021758,0.034253242247107,-0.197887416,-0.202519891,0.1743987629868958,1.2312768456886838,0.2883657929635644,0.4983287736172245,0.6252974648002925,4403.3,1
145915,-0.357021015,-0.17203659,-0.166681884,-2.285807741,0.363059882067365,0.3723170769239174,0.8110146308232677,-0.725603568,0.5642541989102149,0.1884197484199606,-0.673861557,0.6711536979694379,-2.040507321,1.635547067771371,-1.687758802,0.5864959659052992,0.2335297060773838,0.3877370890250489,-0.619595898,-0.188599368,-0.589597334,1.0556791670650676,0.0702010715601011,0.8626508417817315,-0.716204489,0.9575870672721442,-0.388318454,-0.769643797,7995.79,0
13729,0.024757367484362,-0.133024569,1.459609082829412,-0.586511728,0.3294610988254875,0.1041366379465653,0.6205576787001397,-0.163098807,1.2648641068633428,0.3544586063561067,-0.663500189,-0.47498864,0.7165144920814154,2.1427141786342685,0.2676412862884088,0.7150047158354104,0.5178765180168704,0.4740352244258659,-0.209601951,-0.137658833,-0.273874174,-0.882540999,-0.058343827,-0.37974663,-0.379438311,0.1667773526963358,0.0325100858006243,0.1625254518943851,912.78,0
3112,0.9479201658675904,-0.683507434,0.4522181961440656,-1.493618623,0.2882446015193686,1.1349648826346896,0.2516322751465042,-0.041949708,1.9080276506310228,0.1286547204301629,-0.718648793,1.2542325627477229,-0.613983743,0.7402359229190104,1.855052609580808,-0.387030168,1.011734114890628,-0.65176466,-0.402854455,-0.434872916,-0.108813246,0.3654451444561231,-0.075762776,-2.270578284,0.6191514502917121,0.5036044279313769,-0.139137421,-0.126168003,19995.46,0
356386,-0.42484337,0.5646782109377865,-0.573874887,0.3172694018868038,-0.34460235,-0.955768228,-0.497341527,0.2549538139661307,-0.161034474,-0.976108058,1.4123095733956192,-1.201267764,0.7135069720021693,-0.966917358,-0.514146976,-0.715997211,-0.692090438,-0.273867938,0.0855524429034979,0.3027608820243292,0.1370353851698085,-0.49741434,-0.039240741,-0.010040291,0.0762725231662757,0.6889109386529613,0.3835661602771063,0.5432680885192906,5378.68,1
43466,1.0242256456730563,-0.360200252,0.8396662603384536,-0.330016093,0.0267282274929996,-0.247365876,0.4537325951510877,-0.201480157,0.5194437866025329,0.572185058548827,-0.572819832,0.922184811949428,0.2189089570126456,0.8672025821301218,1.2005204674830487,0.6038861860888348,0.3486482217786807,-0.044345017,-0.424656697,-0.279642709,-0.199902408,-0.652131523,0.1597245797329606,1.5204699793145071,0.1950368583624508,0.1838051889869598,-0.270969481,-0.047106501,18225.11,0
36932,1.0263185372788464,-0.637043887,0.8387237440771087,-0.841400084,-0.184652049,-0.346804896,0.339515541966705,-0.222885666,-0.040815579,0.8934154930743496,-0.507369412,0.9625271059627046,1.0501245462490172,0.7060725691764052,0.986629654517371,-0.12795667,0.4689760102404988,0.6373541378811285,-1.028633305,-0.504877002,-0.337317449,-1.150850195,0.2371480399712939,2.0275197185616807,-0.264362809,1.439992679261643,-0.305941557,-0.025008747,2721.44,0
212038,-0.619483486,-0.069764796,0.9180029417841076,-0.865676342,0.1654442741403128,0.5684243441576139,0.1134865979000291,-0.883234599,1.0802157580370495,0.6440490770570612,-1.449649496,0.7293097278473907,-0.305064836,0.6797410719774669,0.2920934445666586,0.8130747671339834,0.3730866593311434,0.1998104417735439,-0.400976316,-1.742406421,1.090524786023768,-1.412203354,1.1325169237414858,-0.273961832,-0.14886689,0.227194609956053,0.6887076048941867,-0.602519762,21644.96,0
383050,-1.563368326,1.2185887725725495,-1.438835359,1.2874363126848327,-1.790041451,-1.018363098,-1.384486192,1.655514263632918,-1.833029347,-1.636137924,1.0374339692617005,-1.339091162,1.1862777899733912,-1.242271679,0.433194992948524,-1.490984646,-1.740629843,-1.722810471,1.082497499268614,-1.395947218,0.6634476879490846,-0.079340813,-0.711878395,0.8777631319719502,0.7028936356489177,-0.168591519,-1.329026268,-1.211738222,6564.25,1
20936,-0.512073845,-0.024784963,0.6578819689845411,-1.018841147,0.1159084054320035,1.4003723218152693,0.1236001164392309,0.3755913982792651,0.4208330239018164,0.3278104602739079,-0.06719963,1.9802339215325115,-0.032310155,1.2313300887444374,0.1746741136744698,0.2766680017932129,0.764770532267502,-0.337627306,-2.025234135,-0.334165997,0.0347420191557833,0.9829602794578816,-0.083501068,-2.06745169,-0.35522019,1.2420348290426813,0.0574879039592668,0.0125648098952106,8376.76,0
489784,-0.561188009,0.4057501052352655,-0.661827791,0.7113177244693932,-0.257393405,-0.438394305,-0.274533288,-0.068250675,-0.642579775,-0.456835127,0.5706572751083444,-0.868938514,0.5149320849884086,-0.979170096,0.6585189251705464,-0.966625292,-0.843731081,-0.856063012,0.9226559881907918,-0.086431127,0.3386840376872863,0.1786786628013749,0.1810784902616545,0.6890144340447276,-0.196202821,0.5041764158138347,-0.676500606,1.7336635172077124,12892.44,1
188170,1.7966535901453642,-0.43604986,-0.186667659,-0.483744636,0.6761805120675034,0.5764996221031555,0.4032287242652467,-0.143879789,0.8913271887010766,0.397684332195984,-0.460923345,1.0009500475727655,0.1606386350186363,0.0941202625607131,-1.024438536,0.8773608354283593,0.6790744579758422,1.0739043136034387,0.1987345078685676,-0.267317928,-0.121477267,0.075771209335374,-0.088332256,-0.719267223,0.2549332676857077,1.359765463991982,-0.291045193,-0.205565597,6273.21,0
304697,0.9749940879117516,0.4579696732407066,-0.803958236,1.0581334515787386,1.1300326859053715,-0.624191385,0.1594301878071624,-0.087314584,-0.9047642,-0.472789334,1.0800963084269646,-0.63115746,-0.401656757,-1.316900305,-0.618743833,0.8002071976931261,0.491116675702882,1.575801152319088,-1.950526944,0.1715011253279658,-0.052388648,-0.750532935,-0.100499148,0.0185905441668257,0.5471772616548951,0.159326148420454,0.3707936801827993,0.6861116702920836,9481.87,1
421951,0.9841816757350044,-0.102753393,0.3902553417399914,0.4318522877590397,0.4651462735302721,0.1372100898746186,0.4969214560982064,-0.188961533,0.9703880714542604,0.348012233414624,-0.327875913,-0.438382404,1.2654174370136089,0.4097635045834466,-0.850439107,1.3352320164664664,1.3600198982341365,0.95367309692394,-1.238775716,-0.326982342,-0.290841695,-0.898982696,-0.087462314,-0.336357253,0.8269484596560578,-0.153065731,-0.250438858,0.0414308221696385,3714.71,1
355628,0.9923396678363744,0.4768896890427195,-0.791368621,1.0941851546829235,1.0323914217449155,-0.929224634,0.1900116804958382,-0.125738447,-0.853372019,-0.500574573,0.7976088671522785,-0.683728502,-0.074815659,-1.338582321,-0.136007758,0.6445041269033217,0.5790643991920137,1.1149764296482254,-2.234193614,0.1772223932503185,-0.061744008,-0.776126508,-0.065889444,0.7135350387506892,0.5609776056230871,0.1438214342377248,0.3751665962155008,0.7141243621387614,23492.51,1
64803,-0.523137708,-0.654403214,0.8385835495770501,-2.658250371,0.4579771761448322,-0.446376578,0.6072628994720544,-0.210225368,1.9828587325200788,0.2138083333018094,-0.117937943,1.5106289334013905,-0.71325159,0.713827410078524,0.0673893721917621,0.0701507929616939,0.2863528984580978,0.6033047702586591,0.7760000397014332,-0.829651158,-0.222148218,-0.034623347,-0.239426877,0.0858121294072317,0.8325138896120254,-2.89287869,-0.844468611,-0.869895394,22494.58,0
178501,-0.766866968,0.6835463871151407,-0.522140358,-1.397955528,-0.131844115,-0.499620526,0.1238373541048228,0.5637045334581269,0.2441953407005645,0.7321241380628554,-0.707392055,2.048390126423528,-0.361525255,3.257882294396357,-1.01009566,0.6441037169396796,0.6175305066305736,0.5681173146754752,-0.291509626,-0.094875779,0.0459152804206809,0.6504028732369423,0.2383247690936022,1.669670132189497,0.2240180199003738,0.2018086871953091,0.0487668666616228,0.5010404651596797,3821.66,0
190719,1.79538930994812,-0.308916857,-0.238764048,-0.06427765,0.6959429764389734,-0.077967812,0.6494074194470385,-0.207804771,0.7471397309770589,0.4765271220284752,-1.47789619,0.151143644832139,-1.841287531,0.3911055320350157,-0.229836636,0.461823955384769,0.8051697537103971,0.6213321134405664,-0.420694752,-0.488752671,-0.136546766,-0.148836557,-0.039271834,0.6475108147937622,0.7166920148720994,-1.247241295,-0.255440662,-0.167870296,20263.25,0
184819,1.7559079731396892,-0.709650599,0.2491068916584146,-1.016265252,-0.018211485,0.2924491682844602,0.1658564182794986,-0.109783181,1.5120702374602246,0.5825744523709016,-0.22394389,0.6958314701802285,-1.52984984,0.964488198585375,0.6772306407787744,0.9335746371045748,0.2394337791271646,0.8941614794340067,0.0252828030756314,-0.40986617,-0.025844356,0.5164781889352206,0.2306871902225126,1.7322265726396826,-0.811531777,1.7215934671247668,-0.318679443,-0.248574396,22604.95,0
107513,1.022462823489951,-0.325255143,0.579889520245426,-0.411938166,0.2261447126147614,0.1571216102716968,0.4468072770113276,-0.172355416,0.2984015163344952,0.5403021389083359,0.09643661329225,1.8514885704255888,1.2171934037424574,0.5563381663418612,0.3171861063699479,1.007798064323974,0.3112982588399139,0.4474323533024236,-0.037426756,-0.162261911,-0.203554898,-0.659508943,0.0423459010008282,0.0149912700856299,0.3463340108320064,0.2267928580876961,-0.262017602,-0.053354322,12393.35,0
264151,1.8549054929762177,-0.850144593,0.431942148683743,-1.156723457,-0.158332517,0.4487936361138156,0.0603477567461145,-0.142291107,0.6434127322616094,0.9196476742886528,-1.259430873,1.005887723150945,1.573135094587025,0.3895688092310797,0.7045824918829867,0.0361956561981807,0.3386597704951412,1.1594327795907693,-1.026735208,-0.642406372,-0.253854641,-0.433291898,0.4570973076270649,1.544764380909956,-1.336574078,2.0718628521180515,-0.274034002,-0.183558935,16115.99,0
264163,1.3955644911788905,-0.413902099,-0.187577746,-0.033906021,0.5487358139003466,0.0122428393397221,0.6426474203056913,-0.192693256,0.4514387850983942,0.3708530862096768,0.0298625250828572,1.0108475190861763,-0.020254802,0.0814845842905262,-0.16071934,1.238161001799973,0.8033118614638419,1.1659100361236614,-0.495457114,-0.012195267,-0.19591643,-0.866517989,0.042015273552523,-1.211923884,-0.317054697,-2.4571268,-0.233702868,-0.044877445,13510.66,0
458529,-0.007262342,-0.80827345,-0.171672033,0.3455847000069287,0.4756220021508712,0.3933640115621479,1.0431042049439758,-0.161211125,0.0380958355085578,0.4361458062811752,-0.072821407,0.3471285501666479,-1.063839042,0.3801237670088805,0.216425038686412,-0.031284748,0.9408623584873158,1.2449060594826171,1.4213609356090953,1.0321454539601371,0.0908447146561133,0.4540528718208054,1.311078583672632,0.9777710447996668,-0.993943529,-0.749192975,-0.220693647,0.2211300061032872,13678.96,1
552229,0.3871015604681944,0.1135547895104561,-0.265234103,0.4960508201628332,0.0144700180429299,-0.335905031,-0.098128634,-0.037642215,-0.490681075,-0.325436028,0.7003750423532777,-0.56482289,-0.644689732,-0.714665008,0.269275122548849,-0.33456439,-0.465593202,-0.298571791,-0.410124761,0.1616964241994515,0.0268645581517829,-0.445116707,-0.166630302,-0.147142224,1.0640581607296309,0.3723399737448697,0.4552672012148319,0.6531966040803223,23832.65,1
462806,-0.653472418,0.4586338610037106,-0.541053359,0.6515519309171044,-0.219806909,-0.297217035,-0.628926635,0.061285544705241,-0.796154066,-0.806559624,0.8896753920471638,-1.020491373,-0.693971626,-1.095227735,-0.41242661,-1.159197317,-1.114318618,-1.137056455,0.3955583535797423,0.1663575431345735,0.5216013887514255,-0.222229622,-0.416434417,-0.772086074,0.0254638436525712,-0.160282558,1.121975240329894,0.5002035536307994,13606.35,1
67242,-0.541739524,0.0237064039180568,0.8838762784991147,-0.496855434,0.5634716400272101,0.5779173588055616,0.8483834809128129,-0.353044518,1.4372908247615206,2.576530274090036,0.0505892156665539,0.3903590861757672,-1.270458149,0.4281480824640616,1.2178605933613256,0.1084236640980673,0.2409538293889559,0.4162901187955949,0.2202064435967778,-0.239803798,-0.121539703,0.5836880858779269,-0.17456259,-0.545795726,-0.729868519,-1.392679179,-1.929019431,-2.307928133,14604.18,0
239149,1.696145492702535,-0.577318399,0.3185451302910544,-0.506114781,0.0723301734152631,0.3773970948611261,0.2461552526097862,-0.123575752,1.2683585076549513,0.6033396555943681,-0.295907943,1.3995822556456123,-0.272077679,0.8320934731398523,0.0287057321741791,0.7733880401523358,0.2049407036076734,0.5802495616900615,0.0132195087092006,-0.416709839,-0.164180763,-0.330455974,0.3217768857962519,-0.766885935,-0.784019974,-1.551451966,-0.200958484,-0.211733711,6341.45,0
193673,-0.141086003,-0.089025423,0.6749114977444113,-1.384744807,0.8001757911580061,0.4978258268456066,0.9613527305444016,-0.142182595,0.3269268212751402,0.0009939023720104,-0.197772259,0.9696053661496364,-0.021907311,0.0786278259270337,-1.325152356,0.788128175448654,0.6614135033345363,0.860086586799418,-0.272239426,-0.221318442,-0.190811491,-0.576125725,-0.477331033,0.3641648045030878,1.3328580754391337,-0.187833125,-0.368934421,0.0464273878265161,23070.11,0
82248,-0.253059187,0.2159319048469916,0.0930982052438799,-0.252833782,0.0757836845498072,-0.037746631,0.3879567360671478,0.1266950302446316,0.1281654874951577,0.6426352925773181,-1.093873858,1.0975073950662673,0.3424368936458332,1.674430165017291,0.9368574855642604,0.1883731152874644,0.668207961655534,0.0223485740635986,-0.258861287,-0.219146325,-0.012864052,0.5871491839451279,0.2020131682153406,0.199298877412803,-1.037188426,-0.892341921,0.1228873871504004,0.2729628875746241,18075.14,0
376554,-1.199085431,-3.849248638,-0.61172903,0.6129695422403006,4.435507087271066,-3.992496546,-0.780307882,0.201091447750024,0.1414963901232452,-0.500095686,0.4554294744310987,-0.472800804,-1.976869662,-0.743786581,-0.933969468,-0.200906277,-0.034264133,0.6872224671378361,-0.097720876,2.584417764396901,0.3452094184070078,-0.890069361,-0.30055795,-1.068999495,0.1181305194991046,0.8787103839099593,0.6736232568597336,-3.103749671,696.26,1
96921,0.915965228982466,-0.568429176,1.2459366509904577,-0.326593658,-0.073340977,0.7285158369265075,0.1611950213542445,-0.048063105,1.1151264960514995,0.570389671407023,-0.138930265,0.8971897645456711,-1.591187067,0.7724844335710435,-0.130032442,0.5544991312026345,0.4215166016012953,0.3175977828135756,-0.296890673,-0.405417224,-0.11705809,-0.013754523,0.0502231543383977,0.081846770183261,0.081866857122261,0.7372690988036137,-0.214248062,-0.077750018,18465.29,0
209024,0.0862642562585846,-0.195961418,0.6104115091504115,-0.91633099,0.5460897079818686,-0.184979116,0.8569666959896,-0.218098962,0.3945989200580412,0.4630234738195996,-1.048842783,1.3721536071977505,1.4890112215397673,0.6019739710791558,-0.552407343,0.3414069236265148,0.3069219524807069,-0.219801072,-0.338176624,-0.167376683,-0.199623965,-0.415004881,0.2458246995215581,0.0618933263007852,-0.749454779,0.3150658706283141,-0.057586047,0.0804507475954764,4041.77,0
238171,-0.286589174,-0.107816264,0.1344738457317258,-1.177868893,0.9152984050885616,0.0564061279809816,0.959829189499907,-0.107301092,0.3874344300743828,-0.159718033,-1.380491894,0.7039386060287245,0.5402283838235654,-0.053780686,-1.225372111,0.984316848031421,0.9037518459635592,0.6892408733722449,-1.341360429,-0.455876942,-0.144311776,-0.339695338,-0.522599166,0.2687405655500609,0.8876346364895782,-1.191931288,-0.285108312,-0.242236103,23189.34,0
310695,0.2681561057567125,0.0523317695115188,-0.043808388,0.6505820683868409,-0.102409798,-0.058482698,-0.130509941,-0.059184399,-0.276592034,-0.237260063,0.1507517300243433,-0.375336354,1.289097162267708,-0.7230986,-0.951625931,-0.533510051,-0.537522312,-0.683635148,-0.355809589,0.1949065789002278,0.0214623802193068,-0.171825272,-0.160445007,0.5636435395602367,1.1449389790313111,0.0826288021283261,0.3856833328739782,0.7155171569337225,22680.77,1
410668,-0.347989964,-0.011927551,0.2461878466097079,0.4598514302499505,0.1179702110559892,-0.270525173,-0.144803886,0.0144769184714818,-0.216454187,-0.278348175,-0.234129784,-0.685420478,-1.774135214,-0.593798383,-1.280129666,-0.449989037,-0.568052422,-0.562504552,-0.779109922,-0.155925627,0.0402127072009915,-0.24132273,-0.330614776,0.3884552754392199,0.3078707085941474,-0.100223337,0.3494962053471929,0.3760831984907318,1776.1,1
21580,0.0180374244264103,-0.181908734,1.5771617218210634,-0.317928774,0.2724239543564749,0.8469573524199209,0.51569448671057,-0.077726821,0.0638365564916781,0.6539446953492255,0.180715596790755,0.7255897108705508,-0.920904158,1.17564747347678,2.131595917623101,0.0764248813349537,0.6556943616898965,0.0630568126753272,0.8018421599315986,-0.118230355,-0.121055476,-0.193106882,0.0514648141418661,-0.523351413,-1.231065779,0.7398609824856636,-0.231551851,0.162041001580199,6176.9,0
416203,0.6449206195103523,-0.282638998,0.6068680232591468,-0.559966956,0.2403363130802359,0.0288951792697591,0.4958588311098201,-0.159107762,0.5196788223366684,0.285087916631299,0.0758432055736104,1.215709870663195,0.1400129626234659,0.323731956350206,0.7136924630128868,0.5329332316354414,0.7182500302942877,0.5245321551890273,-0.371465239,-0.237559549,-0.093615117,0.1326263764560989,-0.139400807,0.458976492871066,0.5158059256826721,0.2279325239610777,-0.209413731,-0.018564523,20347.77,1
370970,-0.79576073,-0.554375702,-0.022610957,0.2358050165011734,0.2608030624139484,-0.421550771,-0.352061205,0.0441136255614425,0.123034929113129,-0.313727128,0.5242469078119982,-0.272267593,0.4725242333876534,-0.67625881,-1.254592461,-0.533723438,-0.564847646,-0.369047708,0.6461493091884917,-0.728350148,-0.019939486,-0.025406271,-1.697494164,0.1393245783104764,-0.298299515,-0.481212793,0.7381322426707129,-0.689081585,6261.9,1
186777,-0.082938011,-0.671644118,0.1750174131924533,-0.834879728,-0.165823432,0.7389792917541442,1.2409125500929246,-0.091867972,0.4035456376450638,0.2189237853749768,-0.531220738,2.17463671633704,1.4132700677853591,0.7619882674664942,-1.709555541,0.8469394197146015,0.2094607268918821,0.3296453338018618,-0.018119435,0.6288693847290587,-0.029699548,-0.266627662,1.8446873826028345,-0.771746196,-3.407397809,-0.546351503,-0.180477857,0.686105190288981,20102.45,0
469357,-0.701692701,0.1797435020872683,-0.747097574,0.5747656856178961,-0.691901653,0.2104834102570893,-0.395689762,0.3563349035420444,-0.930571808,-0.805926533,0.7302010835172782,-0.839542718,0.5231058814440395,-0.729457709,-0.630160628,-1.124545201,-1.202823943,-0.972122272,1.8001589419825723,-0.25226224,0.2768046920052714,0.52998228140719,0.5276236541963806,-0.761548478,0.5572402262312837,-0.263969892,0.7500647585958956,-0.674138383,18950.23,1
543258,0.15837813144611,0.0543539102276699,-0.373679995,0.4344259765210817,0.178559335241533,-0.332764704,-0.103637257,-0.010378878,-0.302391209,-0.351295398,0.681758553659082,-0.724467048,-0.470607195,-0.559523686,-0.372119388,-0.354884397,-0.475363253,0.0787514422733434,-0.01396932,0.2047882434242358,0.1175347038470032,0.1198205027114072,-0.335108701,-0.970163769,1.0642513821078532,0.2081760399892973,0.3889728019002859,0.3875784417522781,6710.98,1
504973,-1.119953683,0.3123508554888632,-1.056100213,0.9884221190655976,-0.706916011,-1.062135285,-0.924798427,0.6887123316225908,-1.260574669,-1.242347991,1.414666488774637,-1.254461943,-0.457657544,-1.396298057,-0.127843692,-1.269715427,-1.405692993,-1.207462375,1.0824886063270678,0.0273632288742435,0.311737500591656,-0.273835645,0.2583212799494568,-0.759215378,0.6682407742588623,1.216185554911803,1.3983012924647222,-0.311801324,9205.05,1
94521,-0.080751866,-0.559472699,2.575182470686457,0.0433791760004654,-0.30326553,2.2317954197227623,0.0647193328932826,-0.292891574,1.6768370202140666,0.3104766325441762,-0.865832324,0.8847065623178264,-1.683107426,0.4070608703497775,0.3810119418452639,-0.340784511,1.418537018762469,-0.487155737,-0.835334668,-0.674928107,0.5271128573680173,0.4285686215305637,-0.465506706,-0.968334685,1.5571257680789612,0.6602236466527148,0.3068512420792244,0.1948993447224683,8336.92,0
258389,0.2587532595240541,-0.213254533,-0.064713168,-1.524659282,2.0076587068238285,2.093113355315736,0.5684174919867899,0.0658828326851519,0.3999586427128871,0.3022830940529566,-0.525772365,0.5212596370110343,-0.362145585,0.3694388147304321,0.1305021167086806,0.6059370208529312,0.5654327191003155,0.0920273134425008,-0.566586857,-0.110323529,-0.239528326,-0.83041334,0.0954214943430874,1.270102698463709,-0.753792352,0.3794269134556565,0.0551261922056041,0.0721729517588669,3059.74,0
389575,0.0159457163146878,-0.048714747,1.2422909261486443,-0.289033135,0.4341596238201348,-0.033450582,0.7989655822438512,-0.20407897,0.3213563809608553,0.28442144358574,-0.28143268,0.2775774789867297,-0.88668685,0.087004278951976,1.498278753937195,0.5171049283530188,0.9831756760558032,0.5788290174987851,-1.232264775,-0.235633437,-0.057046352,0.4314239296298139,-0.283135469,0.9333679788470596,-0.049495555,-0.804365271,-0.441246041,-0.387134474,8920.24,1
201177,0.2653737839962664,-0.149002575,0.3869965623554541,-0.891883145,0.7971437797220723,-0.051875862,0.8396808284182677,-0.203570225,0.2632182394623991,0.2081883302079453,-0.874105681,1.1664221363188425,1.5863229965251375,0.1891939271183592,-0.481886369,0.6504560198261086,0.5430308004118064,0.0705116031897167,-0.449644837,-0.160747903,-0.218064753,-0.703177128,0.032888350101387,1.4505565120840944,-0.491512805,0.256490776548082,-0.292068786,-0.108321327,20316.11,0
505274,-1.180281774,-3.272138214,-0.129697138,0.4801191184508385,2.66577747885212,-2.739355956,-0.84032077,0.2555207453914591,0.1502528264716094,-0.470873703,0.4803644372917552,-0.251418602,0.1338785881069547,-0.647177149,-1.357753734,-0.438906693,-0.499910571,-0.147275493,-0.015275579,2.33909435075707,0.3480087452304324,-0.529535841,-0.338576722,-0.107450206,0.3615141853254593,0.7925853562132261,0.705375711861113,-2.505915647,23207.89,1
260465,0.2252918265017101,-0.417501535,1.0639540249153403,-1.966637335,0.2030585574629017,-0.05136527,0.7327533596391544,-0.236684736,1.4294115528620288,0.1286972346136876,-1.008086221,1.2433466707669054,0.8378764484638149,0.5329797586502093,1.119546281878885,0.0878125468728387,0.335343054152203,0.2011073185670029,0.6613044507740706,-0.033531119,-0.145193828,-0.021747253,0.171727063927864,-0.107609349,-1.837011268,-1.635441479,-0.132068514,-0.05812808,15674.93,0
493567,-0.593283659,-0.291952828,-0.708289213,0.6398843698794134,0.3775119001797683,-0.105534642,0.1616685565934968,-0.034140933,-0.848506371,-0.49390981,0.7304708918530107,-0.659504241,0.7790203659696069,-0.826292897,-0.524672754,-0.775530122,-0.691775837,-0.315339008,1.2858648167777296,-0.013249949,0.1306488619749489,0.7740265163187657,1.68704608806528,-0.167727162,1.3622953830453877,0.0222492196867933,0.7680106328379406,-0.485250425,5359.93,1
412565,-1.925229717,2.1335375283304696,-1.926622534,1.179843774172627,-2.211298445,-2.267191399,-1.835565324,3.008167157918217,-1.140943635,-1.396526227,1.4952258710987842,-1.322631284,0.2754336638053605,-1.240519783,-0.152553448,-1.439587101,-1.583901582,-1.484301102,0.9045235363065705,1.3146692782660818,0.5321892323297013,-1.054034435,-0.669700443,0.2183720914502325,1.7139399856837878,-0.566672807,2.262039897610878,1.1393502596716132,20740.49,1
2297,0.8617837115720259,-0.645160641,1.6177234221588075,0.0035686815642976,-0.163378818,1.009259336396934,0.0882833368143905,-0.020638033,1.742510725517035,0.522358282680654,-0.801634535,1.1073575954822743,-1.591077754,0.4145519894838953,-2.02952348,0.3724662205859694,0.4489499931719155,0.7330895965731951,0.2781638436997438,-0.373913798,-0.121161767,0.1842116714802756,-0.170133043,0.0762696538985003,0.7817361072716323,-0.509295253,-0.130098659,-0.039387498,8346.43,0
165586,1.5618197488150385,-0.622361166,0.5016455121061341,-0.143105809,0.0008928188056111,0.7073898442669787,0.1460091602163519,-0.067018186,1.2858788475616922,0.7487971314930307,-0.335540931,0.874926280170584,-1.119592448,0.8124422577664626,0.1210663449882999,1.131763491820832,0.1705952010267908,1.1225352327420457,-0.574477491,-0.392748268,-0.050287927,0.2875923049043823,0.2669046508504102,1.4883993254771888,-0.726265641,-2.040854459,-0.170794442,-0.146888693,3666.16,0
311138,-2.157805009,2.5066844852719035,-2.113267131,1.1994706141202374,-2.542923835,-2.465535297,-2.031651375,3.832371058854878,-1.182051138,-1.32023582,1.2885340860808017,-1.155635516,0.3769533040814066,-1.099146714,-0.050688666,-1.330963907,-1.508642197,-1.47072254,0.7503392586085567,1.3732611615534742,0.5534891404246114,-1.277163524,-0.843297974,0.2802740846256268,2.32935694639793,-0.520714194,2.0465643343757054,1.032806588458678,5685.53,1
476327,-1.095655101,0.5835443793660124,-0.789763814,0.0907051438621295,-0.438683255,-0.69980663,-0.444058137,-0.025047239,-0.204925104,-0.663409363,0.7408683149408067,-0.962732457,0.1395426530840292,-1.123550902,0.8057811389192653,-0.869677543,-0.892108342,-0.83458492,-0.010360294,-1.112011952,0.4817202024670706,0.0026855843517269,0.2044560852632262,1.5609017827775635,0.0443504056991766,0.2196925877295723,-1.949397628,3.158522845010887,14056.11,1
446560,-0.364508533,0.5237637238872452,-0.482162255,0.3093273093590654,-0.343929475,-1.278036217,-0.383247712,0.1921026543960028,0.0667461244295748,-0.908423416,0.995316792112048,-1.190419472,0.4277021006524456,-0.869275109,0.232843666693433,-0.615624852,-0.444229432,-0.310490934,-0.42912677,0.2031960947728956,0.0772918025951391,-0.55205493,0.021080061999406,0.9551726362612902,-0.011410281,0.6777278100474935,0.4255777876980444,0.4853901201312841,5133.89,1
247563,1.8405210883925835,-0.969480594,0.4950606436712748,-1.072412747,-0.157199173,0.9780155750596988,-0.059148114,-0.046728422,1.079005365688886,0.9256569175736068,-0.655317642,0.6892511004525579,-0.312601692,0.2957431538392169,-1.553272066,1.473228261237517,0.4910409415022637,-0.055177044,0.762790683150847,-0.218775569,-0.043209965,0.6031823903316754,0.2034996685277916,0.5131013146695481,-0.5996894,-0.480306288,-0.176057557,-0.214083817,11377.43,0
524022,0.2072338292024552,0.6656234764237107,-0.755508619,1.2409004163619377,1.0485103492696577,-0.545324331,0.1548264231921383,-0.001821137,-1.183597135,-0.484054971,1.0183195141960633,-0.700812297,-0.378291977,-1.306974407,0.4197539111628141,0.3801287840269065,0.9178634331744596,2.2420637515754818,0.0088375791310337,0.3589750672357669,-0.013231006,-0.522282869,-0.272512794,-1.551078438,-0.019815098,1.011030545133123,0.2847361898190583,0.478117133660515,21673.73,1
370611,-1.069874112,-1.699777256,-0.693842953,0.3060568239964023,1.6884505667724,-1.614415156,-0.647450781,-0.085038571,-0.425038493,-0.659080617,0.3218094199803903,-0.627511178,-1.538155362,-0.488409787,-0.312959898,-0.765258792,-0.525019692,-0.760461631,-0.304344031,1.0426336322608525,0.0399387952936945,0.3035428335640241,-0.267485974,-0.722129632,0.8186441093817762,1.3608938809202653,0.790563865886663,-2.750762538,717.02,1
338549,0.952814516329162,0.4143912963956189,-0.536832828,0.8086396478430689,2.350484085874513,-0.378223225,1.1997377054046912,-0.26632912,-0.093732124,-0.166527957,0.313243157566883,-0.700783648,1.5289029769891715,-0.790954829,-0.460461924,3.0763365234114546,4.642188640563896,3.564302536649167,-2.805407152,-0.154784311,-0.263538969,-0.672362566,-0.647772327,-2.388165551,2.393311477415185,1.0277826403393029,-0.282151117,0.1725290148653265,9173.59,1
537670,1.038342272761101,0.3459201215268361,-0.710212613,1.0156991857710658,0.9365889055724936,-0.407958514,0.1612915989935825,-0.121069264,-0.751729418,-0.323617495,0.308136344570099,-0.598444578,0.5899351678964505,-1.111275881,-0.895524999,0.1343769651129603,0.0772204024642339,0.2674804613547665,-1.554227159,0.1476560437611813,-0.022344947,-0.438481397,-0.174015536,-0.108402913,0.9464095852020916,0.4248781992573406,0.3463607023550045,0.5745577126999701,8444.14,1
280964,0.9603426659038896,-1.019015903,-0.001024273,-0.281109891,-0.089290694,-0.612250008,0.7346001041048972,-0.272776306,0.7373002656760734,0.5897348087098955,-0.586438849,0.7462719159506667,-0.466065562,1.1459579724635331,0.7543799937760013,0.3830163293526716,0.4074949802003323,0.0636141011506381,-0.846521392,0.4724380061011742,0.1047154486565283,0.5486881753677253,-0.251047641,2.2590894633994165,-0.473299386,1.416356494761316,-0.43208371,-0.063446394,1796.26,0
218167,2.1073271734709897,-0.850447523,-0.013416513,-1.632285586,0.0299434493450696,0.0069532367518926,0.2213266998805439,-0.240877658,-0.382743335,1.5031085497460126,-1.100855215,0.4769909935140878,2.025331929765059,0.5020042528491222,0.0911497241460766,0.1200562445892618,0.5498895389254509,0.2264878232288223,-0.530098608,-0.496534353,-0.07168249,0.688393322624932,0.0556545579603203,1.4176906198877035,0.1808644729665803,0.1111295964346499,-0.244648589,-0.2271351,13239.42,0
74762,-0.122747838,-0.212468759,1.2146440982600148,-1.053842083,0.4461228935941811,0.0131546116306873,0.8819129162836402,-0.185462815,0.2254980885202894,0.3179071366033238,-0.826458896,0.5242801364653332,-0.29625939,0.8799995878373355,0.5475379758461472,0.3799777029733089,0.3740547076851748,-0.151005507,-0.987226016,-0.372045773,-0.085030262,0.0658806816012077,-0.065713075,0.2371998037200429,0.0735352582122001,1.0110821520069604,-0.336076405,0.0417677614646682,1566.82,0
25853,-0.033379037,-0.108545398,0.6793491165373996,-0.378870547,0.3447102280910099,0.61807573166178,0.6230915900175708,-0.039905453,-0.013133383,0.4739568846406985,-0.668840651,0.661763564604948,-0.184177566,1.307214785843338,0.4296248645061932,0.7140381784069465,0.2458084118428026,1.2356704226758624,0.7113858837973399,-0.132345214,-0.022313175,0.2933418265830841,-0.151078517,-1.411784457,-0.245927511,-0.655241065,-0.214965764,0.1007063801475424,7714.86,0
105332,1.0013115020218255,-0.431720289,1.0568445169753395,-0.167989464,0.0871614978584101,0.6458211180552911,0.2795065740435719,-0.13655288,1.0034618224156733,0.5019050522125346,-1.643947966,1.3707024973832809,1.5558897638703757,0.4024441075897698,0.0653843178579028,0.6382049191244489,0.257887240946578,0.351994610704558,-0.132676743,-0.187620692,-0.144495627,-0.063267424,-0.148702692,-0.718467229,0.8698624382711593,-0.869367728,-0.145340583,-0.021376439,2742.11,0
463457,-2.626732331,3.347593276983565,-2.5087796,1.2854043406231903,-3.283211862,-2.89858522,-2.469613952,5.902601869268357,-1.052806062,-1.160325552,0.8501801740053168,-0.827111831,1.5109554098940734,-0.569882002,-0.195707435,-1.030440235,-1.276970798,-1.401870415,0.2697945664074887,1.501507300367395,0.5752384746090707,-1.90714496,-1.382604365,0.3932148739087945,3.799873057608795,-0.483982812,1.4893671936479156,0.7668616746849242,13573.05,1
58016,0.9714603529854484,-0.340627538,0.7451174669658427,-0.302710859,0.0912363357204031,-0.072841138,0.4381866406312181,-0.173759863,0.4976602746417257,0.468908412760339,-0.276803646,0.9541126204026952,0.1085527455205633,0.5952693232996777,1.5959830141731943,0.4870255023259434,0.611399820446424,-0.176920749,-0.893732096,-0.30173663,-0.19497193,-0.593681208,0.2078048722922406,1.2063198297990692,0.0293163946853391,0.2206493328955109,-0.245187732,-0.021158133,6258.79,0
62268,-0.129453976,-0.169793368,1.8745351660901384,-0.022308589,0.0182370923554631,1.1217989201010348,0.321507306246534,0.0526289691272015,0.5777438249604265,0.3841318588656678,-0.384426548,2.2157660522049127,0.0510875740870228,0.5365979092610086,-2.062623118,-0.129118931,0.8514353636967386,-0.004406345,1.0458463504573747,-0.306376845,-0.181505452,-0.266988827,-0.00065962,0.1154731996473966,-0.719912332,-1.147326505,-0.247678652,0.0627847282760355,14737.84,0
16643,0.5514229305608584,-0.682795619,0.4524251046559773,-0.049306565,0.1204173082364619,0.4135870302976972,0.6004912770681337,-0.150566839,0.4140165877810048,0.6049804641821362,0.0327111747092225,1.230013130293146,-0.951453316,1.1626685830629986,-0.420911555,0.2205991990894154,0.4548375375257255,0.1295029778542891,-0.528617341,0.151751077208147,-0.01814242,0.0663799581103872,-0.357536412,0.4975817638286337,0.8913260852920987,-0.680829206,-0.277004564,0.0163268663169175,18321.6,0
204003,-0.142979743,-0.214840792,1.2495995792608026,-1.117958892,0.1235173135299803,0.8483259851657006,0.2595779671292872,0.0707043270175205,0.8143861503487992,0.3795550244805475,-0.706509151,0.574211668425475,-1.287423367,0.8389422433841499,-0.400931843,1.2093717673842892,0.2259461058704802,1.037818951688558,-0.194092813,-0.30311094,-0.062688484,0.1462567502263941,-0.052731258,0.575346263782809,-1.022272777,0.6960616875248137,-0.111220518,0.2656545475681555,3381.33,0
291705,-0.404961591,0.5596646283676187,-0.665169253,0.9576671821480328,-0.639597764,-0.52985,-0.817610741,0.3152955335069935,-1.141213352,-1.073532234,0.9212888681857762,-1.175629761,1.3850822635281292,-1.290953273,0.2085103852742623,-1.383371509,-1.509577675,-1.424014269,0.9743050691129358,0.7412429816328808,0.3943156380785735,0.2044480912809811,-0.242470849,-0.223429589,1.016391403661573,0.322164038143136,1.2266258148005016,1.3889972969833548,13775.14,1
188416,1.673237979044295,0.2964933165663471,-0.605962415,0.9016642459116294,1.645085983704251,-0.982643817,1.0003574462980755,-0.252883098,-0.383727596,0.0191275107857077,0.0270206270563687,-0.258831242,-1.229318089,-0.985039294,0.189127963004181,4.033839072364817,3.9137943539503257,3.672265923669815,-2.873475866,-0.284796894,-0.234761357,-0.80024409,-0.137630825,-1.163531729,0.5005832372131301,0.3431798415362965,-0.225766646,0.175689102910313,9280.69,0
201657,-0.246458936,0.2058985667623584,1.161285906195231,0.7758398741856547,0.1983163152953901,1.3998053823691654,-0.012889326,-0.543716189,-0.339175861,1.142615578753707,-2.059265099,0.3514119220781022,0.0879185777507864,0.9840038398009798,0.6904184739089395,0.7130399279386415,0.5471385759981405,0.8672827138192871,0.542291543022255,0.6225050637929407,-0.510676178,1.2214552257172635,0.0112124780989031,1.228247751725024,-0.780838659,1.0129039101242596,-0.185235055,0.4020153826941564,2871.92,0
300554,-0.195719734,0.1125920510538182,-0.510057999,-0.494019763,0.2870694702963134,-0.748875043,0.070453424621211,-0.063830037,-0.609752196,-0.376613776,0.2321011102695053,-0.545734455,1.1757992825230883,-0.66236916,-0.854107287,-0.785708124,-0.201048738,0.20017574704803,-0.551803646,-0.283196805,-0.011427015,-0.280158613,-0.345180379,0.6101238426646541,0.8160039856764125,1.2444614605623785,-0.285593176,0.0391907393173013,3901.01,1
129407,0.0820612020078637,-0.076392615,1.058547198127055,-0.695011951,0.4698220986890468,0.1865138532493915,0.7275109303376058,-0.168429676,0.2324656794170757,0.3929711823690404,-1.194742691,0.6866599985398225,1.2237385903222733,0.4072125938809569,0.9895740093990928,0.8872332503958364,0.3347762484295536,0.3346077401356109,-0.028821125,0.033233152029927,-0.229479451,-0.71758426,-0.156027474,-0.84055587,-0.116649869,0.287122711595356,0.0627048029833981,0.1207308735070552,9690.21,0
294750,-0.03299298,0.8879520003799908,-1.020633483,1.4611274409361965,0.3846314871136781,-0.829236745,-0.295285362,0.2100720102302821,-1.377021759,-0.734724169,1.3038899569127034,-0.885278036,0.8199087978343591,-1.521602828,0.3878478248687357,-0.34201479,-0.05564581,0.8233342988793579,0.4644133402982346,0.6345918234432035,0.1066446545791891,-0.456093392,-0.024019291,-1.84284668,-0.077297124,1.1228445598755068,0.4647958648083382,0.2047052652815663,4043.9,1
4035,-0.3342983,-0.008927093,2.103907942524837,-0.131211705,-0.128420624,0.5815397649938565,0.1800833839070392,0.1104448864785644,1.1228437269541278,0.2617844068127515,0.1755419801765474,0.0426754159073273,1.8536772687265115,2.14219253853472,-1.152540126,0.4827376807463052,0.8070481905966644,1.08449343870126,0.3235946735888313,-0.226725094,-0.116565158,0.0339130054428433,-0.176880713,1.0190757083560475,0.3469722280232708,-0.804658982,-0.273035296,-0.142209023,5207.9,0
235268,1.6545942810668055,-0.689103911,0.2519164425924555,-0.566500709,0.0402183950600427,0.3962086809547732,0.2332094361218541,-0.142989432,1.651641155122087,0.5053936635141004,-1.549459649,0.7303612615280415,-0.121591383,0.6200406836842,0.6739871203364973,0.5983555065418095,0.283087240196105,0.5115854408261115,-0.257556597,-0.258171706,-0.029171228,0.5560400508729232,0.0851992618523827,1.311980264632855,-0.332887078,0.2343204412951909,-0.238950684,-0.170006717,10465.4,0
474145,0.0793326787167701,-0.211673879,0.0016835905500534,-0.036844948,-0.182499572,-0.008317205,0.0600050689214303,-0.056756,0.2309717417067098,-0.050133158,-0.319942999,-0.255363409,-0.147238016,-0.146934821,1.363372117018557,-0.336142221,-0.24305535,-0.209647577,0.8829859771815775,-0.048991961,0.0292178977686557,0.1898856016403862,0.2166857730872163,0.8285737343480623,-0.348357202,0.9559383920666016,0.0385394744181434,0.0713767994268123,10835.26,1
542756,0.7826178040258079,-0.62382606,-0.123212195,-0.222782661,0.0554981451660565,-0.124983017,0.5724875231829566,-0.20331765,0.9753645134466318,0.04799741371649,-0.450321712,0.6803427986482328,0.7243675622666028,-0.142495914,1.118479281233978,0.5468155458360238,0.787575644549565,0.7919816089680131,-0.546547374,0.3394916582042097,-0.030830346,-0.049106306,-0.177407463,-0.249740458,-0.260949501,-1.395917047,-0.173821233,0.0603007454516289,5635.56,1
86898,1.0380338739582131,-0.433222062,0.4625689270592417,-0.444696333,0.2635202072104892,0.4079372486774312,0.4144657593884252,-0.14205527,0.6884872196166854,0.5732707354629633,-1.397176397,0.2600777047155461,-1.160218025,1.0625170027206514,1.7339801287316534,0.6165293704599647,0.3450222295909851,0.017646716993436,-0.338430067,-0.34602892,-0.200970535,-0.696784337,-0.01049865,-1.331339226,0.4127333246119219,0.5806407803778582,-0.274395622,-0.09455393,1967.37,0
235701,1.7342955337041823,-1.203685018,0.0067098610776523,-1.358053456,-0.129401181,0.3911803649582542,0.1623438468279494,-0.167326418,-0.062626363,1.4610681290735503,-0.564847962,0.4369319817866383,-0.642990746,0.541662553583031,-2.305020282,-0.102806791,0.8027681449747912,0.4410226412516752,0.25977561718058,-0.391674299,-0.09459551,0.3694354227240906,-0.089000834,1.7344183093058925,0.216358309127606,0.1527924762030943,-0.275660727,-0.213744462,18167.68,0
525801,-0.44828335,-0.458608332,-0.186430518,0.2695501963543466,-0.695820891,0.5114850654790395,0.5794969230433686,-0.015190442,-0.577046095,-0.380344119,0.2255464453576199,-0.489524701,0.2341283844455554,-0.163336873,2.013356178580522,-0.812926731,-0.537698233,-0.784848036,1.0932244202702714,1.5914965622089874,0.2762836465239685,0.2907796670753346,1.7181681608915915,0.6264436948325123,0.0261601876422923,1.3610554313905934,0.0191742532197769,0.4929547550135833,14153.47,1
367774,-1.54208277,1.568389824838035,-1.537983568,0.7676619781842811,-1.565712871,-1.828575248,-1.212973616,1.9482753844525829,-0.599450054,-0.858989879,0.443257693167233,-0.889761693,-0.338149315,-0.862945962,1.0443666224103814,-0.799717715,-0.784573809,-0.785658823,0.1837213025002972,0.6844741390113506,0.2586664541713396,-0.88961241,-0.294208186,-0.016158517,0.9828824660755128,-0.619120774,1.2469374294920397,0.4143231662833622,9082.04,1
37543,0.9013434673656086,-0.651179097,1.146897076631255,-0.525563569,-0.175066446,0.2107417582354352,0.238079216560216,-0.14059548,1.309419312856456,0.4391426049952753,-1.122383749,0.7621725206625848,-0.317078266,0.5354265105001179,0.3641005629472357,0.5896686336675956,0.4257067179216552,0.1225109687857957,-0.032970179,-0.120625748,-0.136801865,-0.241961184,-0.01572392,0.9880754178882364,0.0336288871258825,1.956255961036772,-0.293929389,-0.034815161,20471.79,0
547164,-1.831090361,1.4776088741689823,-1.934284101,2.266475033888237,-1.379603208,-0.885064996,-1.94701193,-0.284265132,-2.097651269,-2.008902889,2.212874322319755,-1.768434143,0.5099998409195554,-1.738708471,-0.390774709,-1.543147079,-1.431589075,-1.455685404,0.325604534592758,0.8917457109086263,-1.163578673,0.7907314301532947,0.0668200308812419,-1.63150524,0.8631016083266868,1.552249362436073,3.2201371435798958,-3.149746449,2088.57,1
421456,0.1873904183882685,-0.036897366,-0.648585488,0.2852477286748417,-0.083098052,-0.716426914,-0.183325175,-0.104520367,0.386411979981781,-0.649036753,1.1176148287649907,-0.879803055,1.155718022244298,-0.620775163,-0.685166437,-0.597141277,-0.425672125,-0.059828105,0.1100308797939149,0.2273503596034737,0.0411216399088134,-0.004879058,-0.166299469,-0.507578716,0.420190267000923,-1.160126119,0.3967416566860378,0.4560318378650859,16354.16,1
355490,-0.453857856,-0.285399833,-0.282366037,0.0262541473351677,-0.816463184,0.8121019897432316,0.8278409456722827,-0.052552925,-0.431056272,-0.592010567,0.8920592857151584,-0.326120376,0.6265602211328548,-0.591195852,0.3964703227417246,-0.674791759,-0.45475437,-0.460435988,1.2553409692551476,1.0910404202108508,0.0959186279265905,-0.307743386,1.0921116388801149,0.4050748975115006,0.0619945565477744,0.5717432244954539,0.2021868556544884,-0.184777893,19213.88,1
511711,0.9325033275346494,-0.05146398,0.0026913713668245,0.1327472236075504,0.6652725897150746,-0.075106536,0.5618645280593824,-0.163094542,0.4557223182110508,-0.067729996,0.0980271533600662,0.6889890519467075,0.2683498817021796,-0.617233676,0.1416029596712022,1.1317299227357078,2.5839634004101764,1.341513737751954,-1.173718943,-0.182627184,-0.247632618,-0.654513752,-0.162340577,-0.46422808,1.053527964782069,-0.761383664,-0.116694133,0.1960157813225592,9091.62,1
315315,-2.017741731,2.6127040678495788,-1.920807472,2.252440729227638,-2.350217243,0.2632265754218499,-2.795713935,-1.102178222,-2.533872301,-2.328838806,1.2739425140645655,-1.700961214,-0.135403665,-0.999298823,-1.073342884,-1.636820588,-1.762983033,-1.737474093,1.0925448550177017,2.125054734888317,-2.064039995,2.9484572004890173,1.600067202263478,0.8174811945836826,-0.484681363,0.8739837161654418,-2.818774969,-1.408303822,11312.92,1
41018,1.100852425418552,-0.621449104,0.7995052845198323,-1.07216365,-0.034904632,0.3357475918724621,0.2154572888768824,-0.135288952,-0.064191119,0.9520498787863702,0.2021855754139222,0.9165821155626008,0.4728820295943781,0.6998904594828069,0.2976978676867441,1.3694622469331508,0.5229437993659096,-0.458499569,0.2418358519514791,-0.104515379,-0.110068285,-0.171404931,0.1308931692832316,0.0374537013262137,0.1479335433415064,-1.150826528,-0.207616425,-0.078708535,12754.37,0
361658,-0.167015903,0.0603688117121246,0.0627526433878409,0.2358366142466416,0.0381257047229072,0.1082289194489412,0.026889159400749,-0.022237132,-0.186592019,-0.277723988,0.481646053652445,-0.290720227,0.2040050083199441,-0.560996755,-0.365336355,-0.681702561,-0.353669653,-0.372817364,0.7135422388335084,0.3297334997225218,0.1013863197111841,0.5872894808264582,-0.073822625,0.0399439815863301,-0.384860253,-0.661816593,0.4769031745682984,0.3714399649092359,22170.02,1
38407,0.6710532462323017,-0.794100501,1.1227485346749402,-0.439996785,-0.166332923,0.4639802833022356,0.2952793130195726,-0.131905618,1.2424193213276733,0.3703191590128338,-0.721111761,1.5869563198001853,0.5973062417428616,0.4351847149871024,-0.169634293,0.1970210074501804,0.6283859191428218,-0.315946661,-0.282631946,0.1383389662537378,-0.129259881,-0.303675377,-0.045768585,1.0924093024263437,-0.130984571,1.8607266916323777,-0.292499759,0.016319436503981,17853.35,0
505742,-0.844059443,1.6401723227718823,-1.570423197,1.966764754620756,-0.730860217,-1.633573759,-1.360071528,1.016529362195135,-1.787348562,-1.785173139,2.391911472361087,-1.906357585,0.192671937251414,-2.005500251,-0.727866229,-1.781994652,-1.590666078,-1.51317088,0.350742794311543,1.2139726037232832,0.6136286784952393,0.0543052763694204,0.2326627834885749,-1.928342699,-0.051549407,1.318071532919613,2.2302679843106685,1.7395988236638291,11973.93,1
189758,0.1636382789918523,-0.254796258,0.1639804974927449,-0.780279556,0.4088924085672437,0.6573174333528509,0.4854756315244256,-0.010691192,0.7353489164892406,0.1681339127342904,-0.800570189,1.048319017765439,-0.306906894,0.2176296086160213,-2.235563946,0.6332684412687227,0.6684431793347415,1.141577584697789,0.0161213727559195,-0.338350578,0.0318443909752208,1.070614824386552,-0.097282333,0.4173103084353627,-0.79864425,1.3779691103240448,-0.275319361,0.0087725027383912,19354.27,0
74452,-0.070905979,-0.587835645,1.2941990333778957,-2.11540167,0.0589957756987139,-0.366826641,0.5208637137237926,-0.199471172,-0.695899547,1.054395360377781,-1.02895929,0.1089524170174699,0.3854670414455088,0.5781595522689719,-0.328488399,0.2378173720265347,0.5735516949538861,0.0475614450296975,-0.69711323,-0.179712658,-0.297576436,-1.054132667,0.1968448370289701,0.6363943905469508,-0.128024132,-1.692208834,0.1107670958487883,0.3224709376484237,3009.43,0
63063,-0.095817669,-0.091170164,1.1310036294233368,-0.604164416,0.7781091619209337,0.04054475775528,0.8700800809717381,-0.204135734,0.1289729532479913,0.3193157727342479,0.0121447349276827,0.6527703279511787,-0.288127273,0.2087885939000275,-0.211955383,1.10227761784715,0.4358009575738372,1.2888712571718322,-0.770193957,-0.176723948,-0.090896327,0.0731151412209296,-0.423593408,-0.187589861,0.4812742109128318,-1.235750926,-0.487247151,-0.268512003,22154.26,0
334140,-0.541736394,0.8789914685960595,-1.161259344,1.736327751813317,-1.008977706,-1.130357522,-1.405063218,0.5862075647315638,-1.247474093,-1.676675238,2.119193234564808,-1.939665054,0.1398671212633803,-1.789758102,0.3102026191450191,-2.029565948,-2.046177557,-1.919319027,1.9665991566784944,1.176960790757322,0.6788174675660504,0.6510240838201696,0.2041574798484513,-0.172612543,-1.671871044,1.227406526764555,2.4703156820937737,1.8011329160409468,4152.81,1
490092,-1.961566064,2.077637249842545,-1.930208614,1.483610007839901,-2.297795661,-0.78065495,-2.570059915,-0.596499155,-2.081975558,-2.43128101,1.2596113944945784,-1.572209901,0.1046725457256522,-1.089394505,-1.480630024,-1.713290251,-1.897793696,-1.989955448,0.9003214014476612,1.056842350632723,-1.431764582,1.3595879284012362,1.030046613222252,0.9193713918013524,-1.591830893,-1.670859267,-2.659645195,-1.704656885,6648.47,1
180780,0.1112844910938767,0.1030701045457986,0.9308620177088428,0.7223623255822819,0.6189026595009072,0.9662033401303336,0.6732618016199976,-0.096986917,-0.476449963,1.8693513557804315,-0.30683562,0.4891280706829836,-0.361796157,1.0514089366115478,-0.345090443,0.3846173593612954,0.4397745132608164,0.4839559260184995,1.0687761114058527,0.2411728612003478,-0.1794368,-0.370685709,0.1194804375668682,1.5089149840399396,-1.503219762,-0.014189679,0.4824137176330157,0.7152595624504408,11670.74,0
251549,0.0768123475643072,0.0861127014934322,0.138277130073246,0.7762414896150095,0.3769293360514423,0.816627187042434,0.9970395421206278,-0.084792285,-0.618778406,1.6614938496449445,-0.727167024,0.1605448707184452,-1.66356915,1.8156556022658523,-0.684387644,0.2419749654172463,0.5524579883739335,0.7194940636078415,1.064107468085311,-0.1534566,0.0159216029243568,0.8702985528175555,0.034532146272632,-0.689815151,-1.339009123,0.9903901261067342,0.1171407093300569,0.3689827109579754,23506.14,0
491827,0.1025733093542821,-0.148193021,0.5551277709847463,-0.380596962,0.6296759982475315,0.3268968123977277,0.6110344691087662,-0.125278787,0.2066919537332616,0.4472251276213477,0.043827544057323,0.6548652210092047,-0.669576068,0.3698201310327152,0.4896002749830462,0.5541307820532222,0.7390174161862367,0.8422321667244231,0.2791666973413913,-0.160845678,-0.135718696,-0.215920307,-0.068433539,0.0448321696683923,-0.277558482,-0.015024218,-0.23731702,-0.074457181,12732.37,1
165335,0.2595366138247736,-0.212479621,-0.064399637,-1.5250493,2.0094796887570587,2.09241792548142,0.5671616632306388,0.0659571843714272,0.4001700258731441,0.3025526196745717,-0.525771507,0.5213909287702511,-0.36233371,0.3694051962159012,0.130432659835132,0.6058015589580505,0.5654611282079207,0.0918241807556213,-0.566379315,-0.112396964,-0.239755746,-0.830360909,0.093172758199108,1.270352750067805,-0.754385769,0.3794909058038301,0.0555314608110848,0.072009535125816,16664.05,0
62771,1.063409186816292,-0.767064612,1.434818538909574,-0.98167491,-0.320346105,0.2809270239634877,0.0258574231645243,-0.103286726,0.3042829466820244,0.9781165602251736,0.063692060493317,0.4626003155308774,-0.402361039,0.5692042865064509,0.7649192947198661,2.2234027107394128,0.3824995265524515,0.2432601461222825,0.0536321732910386,-0.095635427,0.0903008314544231,1.2536431361590357,-0.087932752,1.2231661144982808,0.2953070171807158,-0.150301773,-0.181914557,-0.041197499,3918.69,0
103819,-0.070174091,-0.799536423,1.8499927355563328,-2.011016823,-0.066819325,-0.230897852,0.2603905540072451,-0.145793125,-0.483171388,0.9830558722657804,-1.331234683,-0.185310754,-1.283287822,0.6273643339490295,0.3623444868105922,0.4766960055308077,0.5484084564247653,0.502625201199685,-0.845774198,-0.406202598,-0.201151708,-0.666953271,0.1825824783397665,0.5815034484224365,-0.527594096,-1.374594213,-0.156246002,0.2011607026450068,216.36,0
553503,-2.239099959,3.1180855671644583,-2.109881806,1.5577451580329975,-2.389018036,0.3177349008897144,-3.177631142,-2.647738095,-2.772312435,-2.769747323,1.0828956029358694,-1.550959581,-1.403288912,-0.514526048,-2.549316795,-1.613764993,-1.711479883,-1.86354143,-0.12972937,3.5679939840569506,-4.446671663,4.331072517811544,1.7119200049034633,0.75266743274473,0.2541618591855357,-1.330177941,-3.459930523,-1.300222885,18580.31,1
387896,-0.791742372,-0.620650456,-0.671203288,0.6114929432134333,-0.116300646,-0.176591489,-0.600290299,0.2057623318925776,-0.504714149,-0.539203112,0.6099586750685323,-0.621272674,1.3210522634527655,-0.621957101,-0.441382954,-0.923698642,-1.144364804,-0.83819089,1.303106521886547,-0.532847186,0.1696084184924262,0.8496915787689485,0.9911302894869164,0.1042556151952199,-1.970235947,-1.708369723,1.0817837772104826,0.0832036634462878,19830.99,1
170689,1.6067517926232018,-0.429186939,0.33152569994366,0.5302679805979028,0.4239429612353916,1.3244670658833708,0.206569279121505,-0.042113858,0.319735208099348,1.4519696102503563,-1.268354684,0.3748850778061965,-0.699877658,0.7248560305220125,-1.092846631,2.129097635427755,0.0407962207319541,1.1944292715912137,-1.133466617,-0.3971129,-0.04560294,0.3087915362914162,0.0419390407132367,-0.784376844,-0.303889424,0.1206021630599719,-0.242252472,-0.206987512,22622.94,0
76250,-0.448355664,-0.528432845,1.180438570006449,0.4066967696739315,0.1430937862140599,1.0595920345136731,0.7474098270547672,-0.069144847,-0.071115701,0.9258200695596008,-1.554465612,0.0299397338809398,-0.853495772,1.013049490488685,2.6788856182000345,0.7157917819008649,0.4475981587116649,0.3679708874967278,0.4116518728039616,0.1647867601917912,-0.195672612,-0.703142029,-0.188941489,-1.333557096,-0.232117361,0.2099372217195384,-0.056995241,-1.088414823,2318.47,0
541123,0.1627568110827843,0.4830277047968506,-0.416769717,0.7425445121435805,2.2704934265851766,-0.287848516,0.6466431820847214,-0.590685204,-0.737765134,-0.191622996,0.2255100650700928,-0.235889613,-1.930468995,-0.893490099,0.4772901356878452,2.922978958521083,4.546615587930504,2.4512563578475617,-3.797065142,0.0736188083457167,-0.397427316,-0.455866001,-1.053433944,-0.91625265,1.7204622909999174,0.8406749150333703,-0.015877868,0.917880453370584,8163.37,1
46058,-0.020393849,-0.494305487,1.325587870244709,-1.480518349,0.0135937642772998,0.0330658071935286,0.7683202604250969,-0.206911035,-0.188099015,0.5026697893833291,-0.989139833,0.501041827888408,1.1056600349675123,0.4156295586707899,-0.903375788,1.111681944389489,0.5181644267304301,-0.486475284,0.0164139302164803,0.2479301520862409,-0.015685208,0.3255044174108129,0.1669509386503507,0.8740838173948219,-0.158029761,-1.128100333,-0.155621957,0.254409222030654,16417.16,0
401747,0.4111191039843985,-0.022955675,0.3574281825430472,0.3505789603247044,1.1046945758355808,0.5743973524400864,0.9583924252064658,-0.183345071,-0.340561241,1.1145336157074632,-1.651658417,0.5405450950777904,0.5651116038653848,0.7521685235263754,-1.856700667,0.7788288408760482,0.1932438473367713,-0.003540438,-1.600794484,-0.412569888,-0.052622593,0.37316031866348,-0.013890877,0.9867380744206098,-1.063928296,-0.415669485,-0.208907931,-0.002053082,18439.18,1
286020,-1.166919877,0.3804325000523376,-0.878359507,0.8024353785838475,-1.067893558,-0.5941763,-0.878178087,0.7218694608389754,-0.888674345,-0.921397963,0.4222067701296007,-0.942434983,0.7122816483505597,-0.732241666,0.1836704575593484,-1.281263684,-1.319997516,-1.415163093,1.653707825054103,-0.78817489,0.3904224397614028,-0.076872052,-0.844266581,0.7782108033751377,-1.682134462,-1.527734941,-0.984563126,0.8851969059829962,16414.99,1
320328,-0.278943265,0.5933372432604288,-0.808695053,0.9654534258040514,-0.033265712,-0.566235492,-0.339996538,0.2187577932802009,-0.917060146,-0.626944969,0.5619393998555465,-0.927767661,-0.990345636,-0.992578882,0.4275229236826018,-0.93916481,-0.520929918,-0.277151101,1.667862603638103,0.2978643085642928,0.2882983594085246,0.7899225347642165,-0.000172581,0.0928906768727703,-1.266717637,0.3036019493416674,0.5785199952777927,0.9275739864298468,19290.41,1
250929,0.3451432685058087,0.007309876682239,-0.146093515,-0.704952349,1.3829743401580117,-0.251461489,1.2169936034721591,-0.286032444,0.3003952258880028,0.1816552255420195,-1.130902963,0.0148987211098089,-0.952789383,-0.153362796,-0.186330511,0.5990857625746236,1.3100626680917409,1.1528919255078425,-0.03170442,-0.183758018,-0.092962843,0.2902990601481047,-0.304300364,0.1294053604666603,-1.202875208,1.1519355213779914,-0.351194204,0.0795693311807864,974.76,0
96427,-0.40649841,-0.247346883,1.6823990205453745,-0.153769729,-0.113282163,0.681223225477368,0.2788540995584473,0.109664908531503,0.3332317377808866,0.2515297752544839,-1.234872017,0.7324369285671076,-0.109334271,0.950995105683346,1.3443879053483505,0.4145581009194132,0.6276819025107737,0.3355694155359945,-0.058529556,-0.411070584,-0.04203997,0.2690469947087535,0.1336474133415352,0.1908036382252124,0.3010423656413937,-0.547669563,-0.359291536,-0.754179176,15540.06,0
44771,-0.109967249,-0.053976106,1.3228003192014517,-0.608560521,0.1222110654752518,0.0841060968956793,0.5433094680098968,-0.043426859,0.1581392795800977,0.3745000916692553,-0.612405291,0.8926738944647453,0.2399843856348225,0.9974501837753864,1.2015078236543986,0.4222252639533908,0.4965582375107796,-0.164840333,-0.634341761,-0.197298159,-0.156413244,-0.417751792,0.0931305615269812,0.8124434469719308,-0.529487875,0.2008384295756739,-0.054198302,0.0416276132639415,16445.1,0
202941,1.7162316721591575,-0.524531199,0.1510727480588023,-0.550817465,0.1051189556268896,0.156526305276874,0.2467702304877051,-0.125157286,1.3496248197563656,0.4036697676575004,-0.18194533,0.8305537185479792,-1.022794595,0.315121534156814,0.2338143757042445,1.2076703214823772,0.4900778966182965,1.1279895842178649,0.0112114292109282,-0.406273664,-0.203405233,-0.589651675,0.3231325038179177,-0.842836333,-0.907669323,-0.658826201,-0.221598481,-0.162231552,10308.46,0
107565,-0.065867425,-0.236913029,1.6145602365373375,-0.636012088,0.2754286108106767,-0.040417282,0.5744883893611274,-0.141305497,0.2080686473131644,0.5351001997558066,-0.005914885,0.6596940101429574,-1.251936958,1.0985495782481367,0.224464500653077,0.7142910674200019,0.2880848567300079,0.4830981949608731,0.0326208129508627,-0.321647893,-0.136715238,-0.424112275,0.0003808389328738,1.0506055192210884,-1.1001622,-0.049342072,-0.275056882,0.2245215336032074,16476.67,0
442319,-0.152139289,-0.345534698,-0.301120923,0.667962285028209,-0.659640805,1.2742327960732074,1.2479251211644138,-0.452089151,-0.127130366,-0.174036402,-0.273885221,-0.181756717,-0.200296577,-0.386820459,0.3994694145098916,-0.219235791,0.4226553926694101,0.2788200707499399,0.7312741760440117,1.245858748588678,-0.193645704,0.6024109825492426,1.576702134451332,-0.122965598,-1.350367637,-0.114565689,0.1870446126825506,-0.087116897,23821.56,1
316815,-0.081798241,0.2227202204268273,-0.659030961,0.7723355897937925,-0.738789533,0.4227105072524032,-0.721526774,-0.277431547,-0.226511731,-0.546455905,0.8032928580939291,-0.657531981,-1.916799394,-0.582189607,0.2014933725643661,-0.987840493,-0.736726771,-0.794506339,1.5869175469546324,0.4999717379563193,-0.307199175,0.4073241011156081,1.1211845062664023,0.0385843564810387,-3.122197476,-1.39249549,0.258476043582751,-0.054724526,272.22,1
439776,-0.893223016,1.555949657211543,-1.406770475,1.7245806362951688,-0.51246612,-1.545892318,-1.202549197,0.8119273018172293,-1.921073807,-1.916399229,2.408551530875425,-1.936427271,-0.172766518,-2.043549045,-1.351881693,-1.74278608,-1.658024932,-1.556120803,-0.698803251,1.1367651833892238,0.573560393645006,-0.256312169,-0.409282567,-1.923855029,2.1350387861605964,1.2724090496162968,2.25245297734826,1.9060232064926168,21730.92,1
253006,0.0161175883342118,-0.345291929,0.7073714211160247,-1.660675888,0.4066544865731825,-0.326431562,0.6291062566780447,-0.24198938,1.0932125161943385,0.2082917370687242,-0.927077686,1.473568015733902,1.2241054300738283,0.6737887228815747,1.2440910819778526,-0.13894153,0.4942403490068178,0.1948202692176611,1.1766434395626078,-0.271372468,-0.052805437,0.6328971794239844,-0.322128249,0.2128334969359696,-0.86518902,-0.36601735,-0.189349483,0.2580107374581467,1442.72,0
151366,-0.314988655,-0.1589829,0.5030857369103583,-0.612262743,0.5450524234784881,0.8228495813472487,0.1437211138487505,-0.856767341,1.3221080722851457,0.2365826214668464,0.0950404850772995,0.0298150691677708,1.5310684282112197,2.3273985145752345,-1.617820161,0.0738134494059909,0.8126672967996379,0.7420587315302811,0.761451382487624,-0.178425975,-0.314746095,0.9306035782031924,0.4673055529133347,1.5191325195233394,-0.567867369,0.4566014937357156,-0.125563397,0.1519004107524871,11825.85,0
427276,-0.141742699,0.1265459182533359,-0.462092574,-0.426260108,0.2071450543262237,-0.518535449,0.0493635353624986,-0.057692117,-0.724046472,-0.31652054,0.0987199117544275,-0.497457036,0.7858087922566376,-0.733372031,-0.617127331,-0.721727831,-0.244933449,0.2296545414498089,-0.778545389,-0.336319586,-0.04175369,-0.466664687,-0.348204881,0.4862529726227767,0.9265916956961008,1.4591158295676858,-0.290543333,0.1630035072701217,269.8,1
203719,-0.236699088,-0.638468657,1.4993266027123944,-1.19002166,1.020628264366253,1.4552164787960282,0.5278605429008462,-0.031398365,0.497455138229048,0.2844069676260428,-0.146205304,1.0285240836207703,-0.05042714,0.7037232130693652,1.072308312757449,0.1674019884842705,0.4114913667657072,-0.061214424,-0.158722048,0.2916112870285606,-0.13854926,-0.413373898,0.130755573495563,-1.615005259,0.1296557037795801,-0.146180088,-0.39472814,-0.473592687,19459.08,0
388156,-1.155082247,0.4957850498606637,-1.152663124,0.99671701011443,-0.784316138,-1.330912412,-0.948124279,0.8063077788053142,-1.381670673,-1.258282191,1.4371298056302322,-1.229641504,0.2081503623543391,-1.441943372,-0.385482138,-1.1297333,-1.371790403,-1.126459624,0.5932546313528942,0.3281955330096655,0.3173511023270921,-0.485425135,0.0507304365938162,-0.628296458,0.5272076855038742,1.9333883913744525,1.6369439269153816,-0.69135401,21179.2,1
52509,-0.25793314,0.1082437655950483,0.5684722668205977,-0.294630266,0.0834185837386714,0.0544735140485083,0.4560958060829083,0.0229502932095867,0.2032406759360134,0.5807758918368573,-1.505550621,0.5299382843754372,-0.155435637,1.3208308088819698,1.2300379814408815,0.4713024351008537,0.4487395281767938,0.5476462382489575,0.2023417109705431,-0.1606234,-0.044414958,0.2738648023365367,-0.128563474,0.0847263439588483,-0.212581171,-0.707112216,-0.06585529,0.2344704407512767,11457.22,0
83778,-0.298546117,-0.824006313,1.604087350493901,-1.513208877,-0.23378979,0.6844094753229393,0.6709590519579531,-0.178148324,0.2317951636583202,0.5241069377237562,-0.970352928,0.2876484446552105,0.42032788517867,0.2813271738326893,-0.171249977,1.5485462197192854,0.484944517836402,-0.400347885,-0.805852605,-0.593426042,0.0189075198827457,1.3164758594953825,0.1553806196272401,0.3410993184842467,-0.285339351,-0.591002416,-0.018058625,0.0202579724350478,1043.46,0
159455,1.8706225455639487,-0.429527451,-0.045972744,-0.542416776,0.4225880128138145,-0.07990665,0.5411429342141773,-0.24206433,0.8361026939787829,0.5950883824355054,-1.555387082,0.9888852109188287,1.1204648100657493,0.8637603805807673,0.7921430533788327,0.443629210185941,0.2071452241632013,0.3689367418282135,-0.174502553,-0.338068232,-0.021946879,0.737414946854108,-0.126786686,-1.10110788,0.5751538070124212,-0.14026647,-0.254890556,-0.256452555,6348.25,0
491571,-0.450882827,0.7210110417658784,-0.807185446,1.089542368612428,-0.11477756,-0.753621181,-0.539121469,0.0955814298770237,-0.932132089,-1.022657768,1.6242315220833266,-1.433369535,1.999902011412844,-1.26544076,-1.72666859,-1.369882677,-1.255446743,-1.0319838,0.7750472726772134,0.7006857917858246,0.3615619633607166,0.7608975817083418,-0.431629245,-0.689506455,0.5341640710513347,0.3403074109541245,0.4757514860658341,-0.023163708,14815.14,1
245959,1.740525523961785,-0.631075988,0.3386951325377934,-0.527545373,-0.041539176,0.1089165290424642,0.22576949031756,-0.159258856,1.6978139484295347,0.5205811997568225,-1.526979611,0.6740869656754154,-0.43167645,0.6492702621776691,0.641314372415367,0.571727820397349,0.2991985821783446,0.4864699883414213,-0.271310343,-0.418003614,-0.038754067,0.6291110053078233,0.1053347095623756,-0.120666117,-0.359471306,0.3153190687510065,-0.224069765,-0.20854573,13700.99,0
420270,-1.896118904,1.7965074250487396,-2.115160395,2.347871335354893,-1.688096434,-1.062385543,-2.113640639,0.1074135005698105,-1.920051928,-1.904033226,2.1286535020407342,-1.706435664,0.8853222756378732,-1.656118009,-0.42781023,-1.489637157,-1.368128117,-1.433417305,0.31668947697767,0.8132306993785242,-1.130507181,0.96215202629337,1.217795792263195,-1.700520675,-0.222149201,1.371446439553322,3.031030003375774,-3.555405983,11751.56,1
248546,1.8794886335929653,-0.464242727,-0.018175948,-0.548751763,0.4148032437665957,0.1112031829099763,0.4963636030085322,-0.215281687,0.873043218718038,0.6276103482551372,-1.941722237,0.7751134075711933,0.582408718930694,0.7938812271609794,0.0541592448830153,0.5854854516324296,0.2436013533020715,-0.007238874,0.2320095862980559,-0.345073626,-0.248464922,-0.799758512,0.1911906263577975,-1.629092682,-0.326504265,0.5822296193553386,-0.316878772,-0.269727215,22778.92,0
373276,-1.371802234,1.2362526464128123,-1.381988717,1.6564111033246551,-1.626585496,-1.478135663,-1.640343793,1.4231802333008148,-1.852823977,-1.912247813,1.6588104337975595,-1.736924164,0.7492902958345229,-1.716085255,0.7306838279804089,-1.976850884,-2.081469542,-1.97989811,2.4034780041062915,0.0530768777586484,0.801487163198709,0.4635949619018716,-0.304176879,1.005180492785389,0.5177225604649688,0.7392112853533062,0.288192408796262,-0.047688241,2893.7,1
438930,-0.583898818,0.2483664539808236,-0.51607002,0.6785688581441106,-0.681043583,-0.308711041,-0.56186805,0.14000952684597,-0.586204252,-0.783684072,0.6165355866020157,-1.059653131,0.0804262956746009,-0.988516793,-0.311743736,-1.437649171,-1.397880864,-1.461984292,1.7309816525137516,0.1104853092908529,0.298561459810229,0.4100494269631193,0.3946467940163584,0.589038790029305,-0.88084963,-0.894210554,0.5475209017304649,1.826690494133844,3148.54,1
440192,-1.387092479,1.1921602465666,-1.383589536,1.6586452405237624,-1.633049064,-1.19603033,-1.53684531,1.4908407671177148,-2.049370992,-1.72314999,1.3989141239272054,-1.539452853,1.3822098948497796,-1.548821676,1.0247118442559318,-1.76900724,-1.989505255,-1.929382967,1.9455437528414368,-0.297131331,0.7070800586645095,0.0321606655137565,-0.013680746,0.7150515923668693,0.0871002159068218,0.5587701560958955,-0.008238649,-0.910893712,8663.18,1
307419,0.12518552290675,0.0575227486355412,-0.088804955,0.4907122598432496,0.0525403342215081,0.3579886707656809,-0.083563263,-0.039963805,-0.310824322,-0.044058299,0.5400377221734993,-0.572165276,-1.166551289,-0.592477636,-0.072466153,-0.306794694,-0.517537124,-0.187790593,-0.106116775,0.1914394164172047,0.0662383827763325,-0.015510563,-0.275800958,-1.057780564,0.6768347307202768,0.9421616166359108,-0.072820614,0.1789217947937221,12356.08,1
127739,0.9210471916124694,-0.511173479,0.8287933011669699,-0.321999913,-0.044707736,-0.015387428,0.3656887045377938,-0.168666836,0.7991713469914768,0.5722625907787269,-0.987238445,0.3889363542544883,-0.945796807,0.9137606300854882,1.5641227012672472,0.799145686994557,0.3167736879611908,0.3390049491963678,-0.499887805,-0.19964876,-0.089343116,-0.104144506,-0.071001235,0.8087882954217684,0.3691218184986949,0.7567061370473047,-0.278208465,-0.030673217,13257.43,0
395774,-0.396055086,0.0989189368105459,-0.895544427,1.002576841102107,-0.526083412,-0.819026794,-0.637543879,0.1367261118184754,-1.30319511,-1.234880526,1.6074918671908325,-1.298905321,-0.16461115,-1.563547624,-0.132134602,-1.234248743,-1.429238455,-1.142138901,0.5103855471708986,1.891190558365276,0.4137065150748766,-0.713435657,-0.734542241,-0.636360968,1.101248571046724,2.1632950023899693,1.512857841588484,1.8361803031708,19351.37,1
503430,-1.963237145,2.503525990650286,-1.971836127,2.1594271169481125,-2.237169186,0.0318273034047364,-2.853280804,-1.499888444,-2.418679233,-2.362241801,1.2432286493065874,-1.662236003,-0.554446811,-0.970587363,-2.363380322,-1.595062445,-1.818895541,-1.96609739,0.1636221896397293,2.195649514944624,-2.724750002,1.5989102923599952,1.8006540342695478,0.6664992005270428,-2.998444174,-1.538964605,-2.791915371,-1.324384672,19298.78,1
154532,1.7200801865783837,-0.540025501,0.3469183727505189,-0.340352731,0.1051370127212399,0.3698714910556245,0.2305384277267261,-0.158684223,2.4069543953754207,0.4666205843716763,-0.668548156,-0.294405085,1.3134569720564209,1.8064472606048796,-0.165267303,0.8066026605893319,0.4917486281703539,0.3605865147463922,-0.489482793,-0.398519901,-0.253959095,-0.731859206,0.4321973925506495,1.2041892862850916,-1.00585392,-0.191956315,-0.294228544,-0.19153993,12879.19,0
362805,-0.527181537,0.0380577366581984,-0.36618098,-0.407210871,-0.400615789,-0.279810374,0.2724965383523399,-0.219393211,0.538213387532958,-0.285230024,0.4418847179855869,-0.520397034,-0.732705136,-0.560957142,2.230995724902282,-0.841411844,-0.472060036,-0.761056057,0.9771303760433702,-0.357199418,0.0368757681411525,-0.434444291,0.3248664287466308,0.4314143730594096,-2.016694002,-2.946679902,-0.789944607,0.4179134293071274,12549.73,1
394318,-0.864211286,-0.398700636,-0.524815904,0.3686297563029939,0.5615565912504251,-0.641456772,-0.74844864,-0.24388739,-0.637144645,-0.532145385,0.7294679826022019,-0.573457597,0.6246035668017142,-0.503683053,-0.486341222,-0.972435421,-1.095888272,-1.063425228,0.7770741291788706,-0.444373829,-0.233726507,0.3341714060670218,-1.033272716,0.1190915759638073,-0.076869896,-1.426074805,0.6236786151740572,-0.718300625,7709.74,1
439374,0.1820526697999462,-0.003464977,-0.104035918,0.6077811737149573,-0.051060163,0.161669425700619,-0.208107731,-0.059081091,-0.282004362,-0.226317228,0.4388743320202005,-0.466912507,-0.777064219,-0.617264592,-1.141264183,-0.390470491,-0.501980731,-0.279264576,0.0030606689785178,0.1202891707075276,-0.025592318,-0.135607395,-0.216094261,-0.306136085,1.0747257109944797,0.1953798888844946,0.4133444913751324,0.60243360340016,7334.01,1
244269,-0.166340442,-0.147775477,0.5858207050147828,-0.476091004,0.5111645190542875,0.4380488128700385,0.7184171490452647,-0.071902608,0.3384756624240814,0.2970960351641918,-1.967012843,0.6820409549288263,-0.092272874,0.8559784382293646,-1.08416711,0.2596137388644711,0.3908850654539084,0.2449969076379921,-0.525393299,-0.455846372,-0.008880951,0.6212218346762195,-0.22414029,1.3271019619354218,0.3744791664970448,-1.334863636,-0.317850613,0.0834042330497497,5491.2,0
56189,-0.352310526,-0.010563535,0.5865014326911693,-0.661666044,0.2046666184476764,0.373922230799334,0.3832823016605866,0.0887753769474,0.0910373642286147,0.4347374460331851,-0.007885557,1.6343072082455208,0.711138541599339,0.8182443537938671,0.4210299879693117,0.9065670465648972,0.5086265149986599,0.3299241195844018,-0.247777964,-0.289451298,-0.179668411,-0.487788102,0.3245629421643939,-0.59946001,-0.159663251,0.2753138216486455,-0.150868815,-0.207588485,3569.34,0
360295,-0.219510512,0.1133145515145901,0.1016597631585159,0.5760783465225893,-0.20806199,0.2932161993713092,-0.339097637,-0.337192458,-0.189213848,-0.368325855,0.1831853052689762,-0.319359714,1.0699845699045738,-0.706020814,-0.714578053,-0.659148558,-0.46028627,-0.657264542,0.0249751369020267,0.3645759481024607,0.0006757219582984,0.4445840028480031,-0.236405989,0.8431553698555667,0.4741193368654705,0.0974525039717034,0.429732642287372,0.2672548003922964,19228.89,1
105841,0.8715065625623456,-0.407954614,0.5115745977041132,-0.499922781,0.5524815175636183,1.2619862755701765,0.3235992142430214,-0.024619718,0.3416603225874656,0.4735522663304949,0.3962625669329286,1.894209853131519,0.4958304908702205,0.6764245777792584,1.8147110231036143,0.1976488208767553,0.75258445335773,-0.495875629,-1.446781076,-0.3472214,-0.157731359,-0.275980581,0.1822265843709234,-2.18175407,-0.205063229,0.5094538210977347,-0.184741003,-0.092642117,21673.92,0
245128,1.790803432431531,-0.467729124,0.0953789553249558,-0.445335479,0.2071344640744341,-0.214126235,0.4907858285812294,-0.219814406,0.8596294583847909,0.6276040307867266,-1.109895018,0.9125889079096942,0.0311016781924737,0.8797954561292459,0.0661025628685175,0.3737196174144217,0.3698563315831281,-0.192573096,-0.150143119,-0.408537098,-0.219134517,-0.644304471,0.3364855389907689,0.0064028104722569,-0.589002763,0.459378871623475,-0.314637683,-0.24698861,14080.56,0
290202,0.9428650938877834,-0.083816571,-0.010755458,0.1395110579710277,0.5846929837192137,-0.148005956,0.5257660546909771,-0.148572215,0.6275540900224018,-0.056519057,-0.102269935,0.1905780766896231,-1.442421794,-0.5647079,0.3742720471388631,1.2523207832446832,2.6187275124290723,1.6152376600031189,-1.108443226,-0.287467441,-0.260622936,-0.800996494,-0.152409464,-0.533367398,0.9916649201189368,-0.748439076,-0.132777702,0.1893159408579361,18901.17,1
27274,1.1886809725248062,-0.882627442,0.6864535950170544,-1.471220829,-0.210052432,0.3146914294577589,0.0890913808891565,-0.122422403,-0.402056966,1.492142431295687,-0.041887024,0.1333287243291819,-1.288656251,0.853469922123012,0.3069313954168092,0.2412480683278869,0.6774405493148568,0.4666131018632526,-0.478699552,-0.641071515,-0.165560079,-0.168410294,0.0482854595111591,-0.061751743,0.2874480418450879,-0.432521126,-0.202041138,-0.090700583,3159.39,0
311560,-0.479108244,1.038766004735162,-0.918164337,1.209466226043664,0.3865699878632775,-1.548498716,-0.235183488,0.1962997912688296,-1.14840014,-1.09472928,1.6248469157962535,-1.382742324,-0.189365772,-1.40857425,-1.769757065,-0.448052127,-0.236373354,0.4893683094611907,-1.69784265,0.2978285939619675,0.1629964639783734,-0.43125534,-0.519022886,-0.484075592,1.694504741069777,0.8588988135504153,0.4700715630929875,0.8344930317414355,4363.23,1
107204,-0.044056311,-0.332211837,1.940823290771918,-0.525789959,0.4874896161483605,1.3780482955010969,0.3193323297705134,-0.018507208,0.4401430324712023,0.4405813425727763,-0.858074326,0.8534699777039139,0.50057553679204,0.533167923781474,0.263432908287215,0.5034161882081216,0.3295156837450766,0.8202388689106143,1.1594709482797974,0.0633648027629609,-0.122624079,-0.042872512,-0.411755193,-2.55788264,0.2201315892973617,1.2892505518423645,-0.135407923,0.0381252684495425,21967.33,0
66830,1.0124527664633225,-0.437281284,0.8149688018947902,-0.256813884,0.0361373332142875,0.119599392897912,0.3947573292804813,-0.178641185,0.8802640525720192,0.5090652096865405,-1.144851622,1.0745615697610196,0.2335443244748258,0.5841184217156363,-0.492163022,0.2612172792597381,0.466209922002569,-0.02179035,-0.055606307,-0.275406854,-0.137888284,-0.032201909,-0.116638458,0.9501536232204422,0.9111380320784946,0.9447944116684104,-0.254264428,-0.072753335,17449.83,0
350560,-0.811352693,1.083969588236201,-1.148871372,1.651631315336273,-0.935288972,-1.73204594,-1.192038691,0.4975976391224955,-1.678220614,-1.771733851,1.886208407156147,-1.992402893,-0.740253008,-1.788590314,-2.00867001,-2.00189724,-2.199433355,-2.145513971,0.1530922201408223,0.8802217114801967,0.6515771672154503,0.0869865729275675,-0.078848696,0.8488701978632763,0.4833205111558259,0.3137693260320554,2.4435119889107475,2.1227891494761044,12780.29,1
454627,-0.666460436,0.1232653556383153,-0.432475969,-0.047491045,-0.252607373,-0.240001122,-0.267282601,-0.002189086,-0.332247389,-0.403009686,0.6451423449969652,-0.62754267,0.9464558108696272,-0.632190311,-0.64678526,-0.976417463,-1.108338817,-0.873821704,0.8150625044307821,-0.305430563,0.3446226082984968,1.4011551725967657,-0.488130348,-0.158089874,-0.551866279,-0.086305608,-0.65972882,0.2897574341843591,3210.47,1
91036,0.3086382876626088,-1.019103678,0.8923834421601042,-0.031275323,-0.071133296,1.0915210933583348,0.3451402038082904,-0.060166882,0.7833550575778687,0.520807830399192,0.0558560368669808,1.540474187808906,-0.201132264,0.7876209657814093,0.5091924632000085,0.4416013499810241,0.4155721374601086,0.2627544375058793,-1.175088511,0.4976272116172845,0.0876069311378367,0.556368754261419,-0.43270875,-0.434008403,0.1781949514144832,-0.573476845,-0.221522945,0.1241947927520535,22017.15,0
314109,-0.595757766,-0.206344574,-0.18030956,0.4094347994206496,-0.357805862,0.8667430266009045,0.3729899268544398,-0.107401706,-0.534378334,-0.318696494,0.6868435135692725,-0.686988263,-0.140875899,-0.640849749,0.7591794631693083,-0.732142479,-0.805521225,-0.736463787,0.0521796785322559,-0.658186803,0.0704701242586783,1.0951708920778538,0.6303011143895232,-0.800470855,0.6028769882169961,0.2989153613456153,0.6406828934276727,-1.390162833,18109.16,1
32815,0.6634014253557969,-0.523491697,0.8410610023082782,0.3699735080395825,0.1212357532346402,0.6877282649708204,0.4623882502953243,-0.131029948,0.3860135492323805,0.7826499787683205,-1.212193617,0.7145728541235514,-0.257719778,0.6620455269383967,-0.665991835,0.3715364337939415,0.4906594212596849,-0.174510115,-1.149248832,-0.024339111,-0.0824613,-0.074553862,-0.227105278,0.2011341920012538,0.717335279204248,0.217118170960151,-0.248774089,0.0136367976871396,21076.11,0
501553,0.126593435878812,-0.531439054,0.2004781446923065,-0.74578878,-0.01268681,0.2417558675939162,0.1810202714119052,-0.145748762,0.1851563310280521,0.3569907599824588,-0.063844092,0.0464816753276164,0.0703726045896689,-0.155506841,-0.302994871,0.7035740281783405,0.1771204035402582,-0.204374913,0.4565389840736361,-0.10602176,-0.069864091,-0.130897048,-0.22503311,-0.771772851,0.5027836295518324,0.1557560786488742,-0.690511248,0.4654142298095544,17142.17,1
457985,-2.392718779,2.8861308383564586,-2.307303733,1.2443216437824938,-2.901201736,-2.654537105,-2.235539263,4.77346593319136,-1.122312131,-1.24855109,1.0953189237527623,-1.014455529,0.9094483143182376,-0.875728971,-0.109832576,-1.196918816,-1.404114708,-1.43938398,0.5284709889771609,1.4324325018829505,0.5625619359874634,-1.580405707,-1.139595727,0.3403155209420532,2.982795176593603,-0.511420272,1.780227044834048,0.9052506585573558,10330.36,1
142666,-0.064727166,-0.172159896,0.9137433205019944,-1.387178406,0.1750980451862392,0.0676162807637879,0.4819297011849117,-0.045914838,0.5249388681210724,0.2793532783715607,-1.739314912,0.4318017893406907,-0.0927841,0.8541762727809704,0.6395982617030161,1.2942097440961002,0.211130538732775,0.3097016272298643,-0.611340766,-0.236339506,-0.150235262,-0.452130248,-0.076441397,-0.724984212,-0.290799895,1.5892427762093253,-0.185454969,-0.124701888,14429.45,0
133845,0.7605792787893921,-0.474597156,0.95389423130027,-0.000442064,0.2609056967632704,1.18282253184148,0.2810329855594864,-0.037129094,0.2564602484165552,0.7554587981716336,-0.223977108,0.8245741007400134,0.0082366974758273,0.8317022684478178,2.3219601157367684,0.2245484237962162,0.7151132575061108,-0.687877255,-2.691588409,-0.310086763,0.0069469032089903,0.7519629268584745,0.0639568566490298,-0.957378813,-0.217991809,2.2486904174796294,-0.241391941,-0.077014621,22950.64,0
553785,-0.522145876,0.678320605300765,-0.780774111,0.8448768783049891,-0.409044471,-0.457374207,-0.578553745,0.1218892385444667,-0.341065465,-1.315609902,1.6974226711299762,-1.403891309,1.798335383244912,-1.549759596,-0.658298631,-1.470607451,-0.945862206,-0.567477505,2.533342681538747,0.996241333515974,0.3143809994293393,0.8375892221885872,-0.611249013,-0.813637066,0.3341928063021842,0.3103541922322463,0.9654895546073852,0.7723369926505947,17356.98,1
425174,-0.568626658,-0.207596846,0.2089459183974207,0.0770656238258595,-0.009830028,0.4656031316843974,0.2457283956442317,-0.333817552,0.4621335103344513,0.2997493760002404,0.128589439970295,-0.405775162,0.5513031247629677,-0.606457658,1.825253390548144,-0.526907969,-0.329779606,-0.511506189,0.8004721554843198,-0.528638147,0.0467133744544456,0.4690976999894222,0.1545641009945387,-0.332120881,-0.5139994,1.704099882955118,-1.640804305,1.545003843680938,7224.66,1
132534,0.0666066893321694,-0.54305351,1.4153846027629882,-2.232147951,-0.072999444,1.996439047414099e-05,0.3391761061432185,-0.139177405,-0.599453862,1.2282406161227617,-0.189532078,0.172816947906764,-0.525085742,0.6480614021959581,-0.807524261,0.4557145081336602,0.4492884203617945,0.815085897262997,-0.713020941,-0.448603091,-0.14388159,0.0340531775821389,-0.066454996,0.5646090094169339,-0.654304447,-1.037531225,0.2291270599387026,0.3813177527504693,11472.57,0
109542,0.9492147861249915,-0.809191499,1.097798804443882,-0.878991719,-0.217129972,0.5563972133651988,0.1154188883975033,-0.100661257,0.2206671163809039,0.9213096850386752,0.0099487979037969,1.2519650836392715,0.2181846696982266,0.6180102278506792,-0.026776831,-0.14739501,0.493674281059936,1.3306310256661569,-1.08352484,-0.585006133,-0.158669929,0.0666632874728259,-0.014379263,0.5973769492503161,-0.011190347,2.256668221828724,-0.255076604,-0.069228193,3166.38,0
549723,-0.461659709,0.2158472680248613,-0.306229535,-0.585179539,-0.520331662,-0.009957251,0.3863032236362367,-0.241584904,0.5825321436803409,-0.249096545,0.4304151807189096,-0.519140911,-0.868946823,-0.5335763,2.329316857316238,-0.844151573,-0.467021401,-0.766336929,0.9575618592510386,-0.713190526,-0.015695923,-0.463574108,0.2475220822130965,0.4664847483381704,-1.966268521,-2.976278413,-0.858688309,0.6634981828568691,19030.77,1
427958,0.858404496889835,-0.246976521,0.3819585068697541,-0.210307905,0.3095300871593335,0.1653894935729613,0.4384736402961654,-0.214609997,0.2050909723133274,0.4084643579778276,0.3385429726295355,1.166304210108911,-0.221012354,0.3262119755611088,0.538343235323674,0.7109800926994428,0.8591921031563953,0.4968320349522361,-0.593974384,-0.173855494,-0.171764558,-0.026541089,-0.072417112,0.2821749398529438,0.6931248634126138,0.8317568927290192,-0.240026714,0.0266296001078878,562.1,1
495997,0.9866259625765098,0.4718770082636678,-0.794465166,1.0853346187792352,1.0597150364013357,-0.843037375,0.1818335630700373,-0.115359991,-0.865203441,-0.494589473,0.8683360904065733,-0.671386181,-0.154399909,-1.33338118,-0.238567762,0.6690938639608642,0.563100243256846,1.1962818753421218,-2.185415243,0.1742064084337403,-0.059073765,-0.765897721,-0.072459889,0.5159810967206662,0.5517600883726406,0.1505938297260099,0.3751849562900026,0.7072429930628924,11322.73,1
290266,-0.749518885,0.4213416153357586,-0.367422531,0.3019725866426642,-0.222385919,-0.038072178,-0.333491722,-0.467304854,-0.311675842,-0.406836271,0.4929766967123149,-0.890977481,-0.968669594,-0.893188061,-0.181611738,-0.806737241,-0.979333367,-0.850867556,-0.248892267,-0.140354694,0.4820407675388503,-0.58415192,-0.290747952,0.0628807177072921,0.0641817913819737,-1.239009106,-1.318403654,-1.916230155,14392.07,1
539424,0.4265191581458458,0.5442211024901784,-0.769408064,1.1135448332640376,1.0248952130653122,-0.909288095,0.1818931755382339,-0.073526813,-1.083211318,-0.590199204,1.2267472621351787,-0.832576211,-2.300816673,-1.328063586,-0.338542643,0.1935976761311814,0.5727884902673848,1.1464915887792602,-2.0425642,0.153141619218841,0.0279775209435894,-0.399288701,-0.490235309,-0.752586612,2.013453198987578,1.038432521422444,0.4466697826723549,0.8402167848536133,19947.1,1
99400,-0.080493482,-0.113575557,1.5187402733983426,-0.791913993,0.4224532792808018,-0.018065568,0.7452980736486052,-0.17345382,0.1747906873383534,0.2780109303282529,-0.419644659,1.057353240767601,0.916075843471829,0.4427603482462766,0.665406855313209,0.5748665010218651,0.4746816422907075,-0.150895219,-1.288362626,-0.271584138,-0.146322439,-0.372823918,0.0070446013535283,0.7876210020803477,-0.824174875,-0.198272661,-0.28640439,0.2681055068249289,22602.97,0
36513,0.9319419128281916,-0.369262793,1.033698878838224,0.1131845685236439,0.1070449568491037,0.4662982195533626,0.3869723971985296,-0.149469236,0.351107558995325,0.7424199741178913,-0.752489607,1.394188203048351,0.9740072541482712,0.5063715650158741,-0.770806691,0.3060151897574368,0.5477732503821894,-0.397249525,-0.944557687,-0.262692834,-0.124672638,0.0557014317550973,-0.00622859,1.053382026061921,0.4810094782754713,2.009987115345797,-0.282248049,-0.079415124,5585.41,0
395003,-0.406340256,0.3657755524596146,-0.511740836,0.3315298106300816,-0.337081136,0.1758201878126357,-0.135576002,0.2398330428588658,-0.302267873,-0.641586744,0.3272622425577036,-0.588274036,-0.466901309,-0.836011362,-0.474480786,-0.475556819,-0.347903126,0.1215225995650043,0.4476943054048183,-0.077841442,0.1659212590538109,0.5081653891522617,-0.081751218,-0.05312088,-0.18116214,-0.58902632,0.33644222007429,0.2809799224684315,16176.77,1
555744,-0.874773683,-0.063916831,-0.67638818,0.1505608712374006,0.2406543936816006,-0.700285178,-0.61338412,-0.164294665,-0.615956312,-0.626821613,0.623649363141766,-0.520788233,1.0247504012094983,-0.634534751,-1.257414655,-0.802094481,-0.97269376,-0.79914937,0.5215633820895379,-0.350195582,-0.129904467,0.5406592860103997,-0.833999042,-0.104297847,-0.009925911,-0.451937409,0.0204697164631889,-0.272568163,22410.54,1
511561,-0.105259023,0.3735366286095345,-0.143359487,0.9115422976201708,0.202175219192481,0.0960848194577565,-0.068524389,-0.428887783,-0.75989816,-0.231425579,0.1071319440430706,-0.644391567,-0.501044707,-0.734859185,-0.115099579,-0.549970863,-0.250010653,-0.272701846,0.5217908414594206,0.5399389335754481,0.0315205136139574,0.218259820023633,-0.296659548,-0.055606805,0.4104850651656911,0.9723794870901444,0.5761880604212183,0.8326172975639718,10293.46,1
76348,0.9936560369612712,-0.833050069,0.84585029435222,-0.96710144,-0.199839258,0.225112689804188,0.159090702858382,-0.159738868,0.3244678861911656,0.8721776895976516,-1.226667619,0.1147412328865469,-0.027875342,0.5315901830648025,1.4668673216669383,1.9667411525235785,0.4111300886735545,-0.029974502,0.1043379161226929,0.130610526648544,0.0569440716520288,0.7994504522109501,-0.275106233,-0.113957968,0.6420400575779052,-0.049493636,-0.222582444,-0.007559469,16398.59,0
256308,1.8621043956194947,-1.061706332,0.2176702399751616,-1.493043995,-0.23624486,0.1188973049586619,0.0865744399642223,-0.17194713,-0.184376614,1.5498247034507335,-0.201678869,0.5402218325591125,0.2367995771934638,0.5811523916703827,-0.821937307,0.2614409831560358,0.5538466392441946,0.5753228790261491,-0.229851056,-0.51725712,-0.129103333,0.1310711812549502,0.1955038916210038,0.0289881244978141,-0.6182111,-0.468381711,-0.227247125,-0.214284042,2897.58,0
173665,0.2501793384466699,-0.158391745,0.4861959326888984,-1.026389262,0.6134053624323046,0.046271241884401,0.8523420082397007,-0.197036428,0.4389214032008022,0.4315181351981585,-1.751474427,0.794939902352725,0.8686665872347495,0.6707359361671356,-0.491661168,0.5137537218908059,0.2393648297357208,-0.028641309,-0.067468189,-0.141959699,-0.225457246,-0.611406044,-0.052692717,-1.081743655,-0.68095744,0.4115913028365373,0.0634395900380192,0.1213308784128654,14634.78,0
436824,-1.843374846,1.653571647925602,-2.077235301,2.35330559348819,-1.605050025,-0.999044735,-2.057894652,-0.04902928,-1.929989067,-1.920079862,2.161466301699352,-1.724986097,0.7942973176937276,-1.688523489,-0.391253457,-1.51063913,-1.391611167,-1.440489262,0.3563899049375187,0.8136523344589205,-1.134894939,1.0102194952283132,1.1335296789400875,-1.692515986,-0.393932804,1.350775807257639,3.066537804516789,-3.537094562,16988.95,1
140457,-0.280191873,-0.0576402,1.4768756025296272,-0.904073935,0.2581302458045976,0.1162590006816212,0.5651619733864944,-0.037881196,0.1974215333571072,0.3080628845643251,-0.885325591,0.649783974424895,-0.174635576,0.9878273419645932,0.8362700174708316,0.6562107236040476,0.3864564052071249,-0.135563519,-1.122270788,-0.302453453,-0.174535528,-0.637361505,-0.173091665,0.1290166259208044,0.2377692648917537,0.1218978221108873,-0.225652786,-0.073985623,16199.46,0
26837,-0.364556597,-0.520416992,1.3500154308760064,-1.760488573,-0.21304028,0.7561425608200217,0.8308177812520076,-0.217376687,0.1185024612847475,0.7637243851419683,-1.44205402,0.1690088935092294,1.2605384463857725,0.2599436767834985,0.7586245440947843,2.3862208166415035,0.2471631837237567,-0.112255174,-0.074470654,-0.23592926,-0.106892503,0.3928766704110142,-0.754555669,-0.834735568,0.5701360315746075,-0.748474188,-0.473638838,-1.57788823,16752.92,0
44239,0.497504771682457,0.066029133303681,-0.468189776,-0.391679775,2.044554194433029,1.6781608300425417,0.4373173613286408,0.1226130284181485,0.1443772080325042,0.1360463322545403,-0.196491684,0.2641547520094738,-0.149447529,-0.262998235,1.4894289540712753,1.5506976953820912,1.6200204824816211,2.2233381316777843,-0.251785855,-0.056607325,-0.167946245,-0.475562544,0.0779256772074936,1.410412535278761,-0.528824166,-0.92763465,-0.08022318,-0.231028578,24008.74,0
97799,0.8270922561097224,-0.544462017,1.4041186324153745,0.0804564311869729,-0.100970485,0.6310742751098721,0.2629692365498152,-0.085472168,1.4602460405369244,0.4399713797846152,-1.164410618,1.185730852317029,-1.167946501,0.4536783630797986,-1.627940841,-0.103194804,0.8442170795822642,-0.394753161,-0.238765203,-0.402823394,-0.256858011,-0.660452351,0.117650582446228,1.239808493939493,0.4392128854525368,-1.351239677,-0.142808132,-0.01195231,13822.66,0
171737,1.9029995706596303,-1.023711015,-0.074872096,-1.730307879,0.0540106450135644,0.3615381156746227,0.2024176659169333,-0.2006128,-0.421433285,1.6034246651930104,-0.395374221,0.5605948974368882,1.3900157872958177,0.6329098463443555,-0.537626043,0.3519127086199838,0.3903434558039958,0.9035000668556288,-0.091262307,-0.300528017,-0.041153213,0.621785527365957,-0.104608632,0.2973462284050358,0.1487754074578287,0.1285998809019737,-0.274873152,-0.223278248,12732.29,0
446342,-0.426694003,0.3776339311373953,-0.552048479,0.3055022808221235,-0.30252554,0.1809310620221115,-0.131122473,0.2618930913363836,-0.260551257,-0.685025639,0.4130111060665172,-0.538865493,-0.398513597,-0.900755428,-1.016464713,-0.429140855,-0.277164888,0.2398191174899982,0.2015246813490209,-0.114080495,0.1688325718377103,0.6061652671396454,-0.073674743,0.167180946796455,-0.18029976,-0.715227286,0.3834103000512868,0.2946512500539098,4899.64,1
407971,0.9714232676791692,0.2877822679736853,-0.68296528,1.015224548375116,0.7602364716241717,-0.305472474,0.091214043990339,-0.06132512,-0.715065571,-0.281683973,0.7657702909098723,-0.639905484,-1.475291649,-1.045516566,-1.324163354,0.2144800025863628,0.0794868537142981,0.6398399820587608,-1.398880433,0.0218482630831967,-0.019343262,-0.516990089,-0.112328547,-0.439476019,0.604251155162038,0.3087234900392258,0.3374151652397007,0.547180432973263,15950.2,1
143867,-0.214914442,-0.715334539,1.493508574456102,-0.057027491,0.8145223985089506,0.3063418690972107,0.356062023215416,-0.132862439,-0.136376636,0.8182223038981562,-1.763623648,0.6770766740288655,1.7896447360709198,0.4173770790328844,-0.555012963,0.8448941552032305,0.4161958072894027,-0.173126913,0.8277116086029301,0.6381211764197419,-0.174694372,-0.851419589,0.4713671604049837,-0.723911512,-1.469338135,4.853185669680808,-0.390683576,0.2437275234632304,239.99,0
302949,0.6700743497931055,-0.323201671,-0.294938276,-0.000987775,-0.56220244,0.0740502818275967,-0.43150238,0.1431649531798847,0.9669883683947558,-0.232445349,0.6160293103253099,-0.338534836,-1.479846881,-0.274586653,1.2303849776292002,-0.930907728,-0.540883349,-0.448210778,2.033966920281556,0.0520488255089809,0.2333759468943723,1.3695207131930882,0.6826330625536748,0.3450189023748952,-2.705555793,-1.304054562,0.3703675513234357,-0.19134216,16389.05,1
74712,0.6220118211476912,-0.627890526,0.2583113131329568,-0.120232006,0.2094920270535555,0.1312928814251997,0.7166258453227285,-0.193393817,0.2562713908868707,0.677020879172119,-0.1822802,0.6967504353296013,-1.184450836,1.443452916968171,0.1107760884199394,0.6034848231729831,0.2599240503186828,0.6337627832842534,-0.192256618,0.1914703747097389,-0.029125334,-0.16910496,-0.443766823,0.0426970102362252,1.121720887650373,-0.72072716,-0.321428478,0.0047472486784618,1748.25,0
173692,1.6546809910703897,-0.4387595,-0.212953498,-0.180862251,0.7040670193527967,-0.040763189,0.8308711499366254,-0.267910374,0.4029091488501148,0.7397972903818995,-1.928069432,0.6466739757157549,0.584419287155478,1.1541423173409515,0.2110716793230476,0.3983421854313071,0.2040705022342988,0.2455088486054061,-0.241897129,-0.153554654,-0.052245105,0.1903527410641709,-0.271901639,-1.613509625,0.894249064605376,-1.065371904,-0.297127745,-0.228002166,12600.07,0
394754,-1.098238254,0.7125264211244878,-0.894953662,0.9622520584784476,-1.009122102,-0.606692215,-0.911008216,0.7816350215274686,-1.266326213,-1.011389047,0.5973484977941509,-1.025659752,1.1973656190955229,-0.902141474,0.4298860204893703,-1.300584221,-1.348377009,-1.435111111,1.7328870198533664,-0.362563153,0.3619838589053772,-0.44748599,-0.535866043,0.2766394234523633,-1.038675016,-0.849142717,-0.532053798,0.6750571781786502,6583.33,1
432651,-0.322765086,-0.145733533,-0.261363822,-0.108771603,-0.020250331,0.5055765801432264,1.3277524330889845,-0.237354785,-0.234587281,-0.21100961,0.0410716715413655,-0.305520261,0.0659476043957997,-0.392940464,0.3296138036586021,-0.235289817,-0.138592227,-0.020122916,-0.254521512,-0.415322848,0.0044984037356056,0.7835609419174818,0.0712197701793251,-1.141938116,1.4879762634065092,-0.005320475,0.165022402173914,-0.9546255,19727.67,1
172664,-0.301718934,0.0837016066549031,0.1145626719035652,-0.963788485,0.0042773672050282,-0.129658898,0.3382616800583327,0.1729668359231661,0.3774733846003125,0.4923300334128322,-0.467850468,1.0534776206031369,-1.395066078,1.7958625891878357,-1.027992817,0.7557875103803208,0.4414023082667063,0.2526491487335909,-0.183589136,-0.371471207,-0.163005063,-0.597380993,0.243885514910931,-0.036871842,-0.759243658,0.3296818523423244,-0.148643462,-0.086327735,16339.37,0
365380,-0.485023993,-0.214076122,-0.217994158,0.1192765570969328,-0.754593217,0.855071549186426,0.904006513496872,-0.051702593,-0.612244865,-0.493909395,0.6909497252649688,-0.44513002,0.1003742468399153,-0.473080182,0.1023040329719599,-0.584270737,-0.556441913,-0.764083968,0.2285273822536245,0.7821719038574156,0.0442185527231998,-0.646235609,1.0194289510107584,0.3000235677973602,-0.215901203,0.6329553944445299,0.2023185231692786,-0.25732875,6985.57,1
36509,0.9158678411239822,-0.459666625,1.2583178885331852,-0.046499157,-0.118248958,0.1080630419073595,0.305442087174413,-0.15163932,1.0357527357811414,0.52960585902313,-0.881566106,0.9274795365734608,-0.380172665,0.6132665614722763,0.0169641438988219,0.332761932533376,0.449571234594576,0.2337278112301135,-0.600041765,-0.319448322,-0.051818797,0.4930286130921941,-0.10607022,2.104656020318717,0.8600090650275868,-0.584063819,-0.173279943,-0.010383517,15068.42,0
283829,-0.213881059,-0.178815527,0.8664007732794187,-0.990734475,0.0018590062734404,0.5103260675286506,0.23090191699271,0.1237930423884273,0.5788941174538653,0.2606807030843472,-0.896329677,0.5076805403549848,-1.778426796,1.2510052452515985,-0.61231782,1.117929840474032,0.3054209925428854,1.1362532315774418,-0.182896295,-0.626440137,0.0371715203912768,0.6569635830644385,-0.189339152,-0.779170826,-0.747515564,1.148625628472069,-0.527670858,-0.099933659,3088.82,0
256451,-0.150648933,0.0056669200698411,1.530509404582941,-0.326719583,0.2789837373855505,0.6920488361560084,0.4723415215424525,-0.009061094,0.1985271865690814,0.3819266956863074,-1.492781815,0.830759504472708,0.9242124303231536,0.7514268184462228,0.886035263931592,0.4935529613984752,0.3753468435840617,0.4274703219980424,0.4037269251277167,-0.025711253,-0.187498966,-0.532933793,-0.213814289,1.1346599897661989,0.6183029720475591,-1.687795625,0.0430465139680697,0.1231254399256169,1704.65,0
53860,1.100621853732368,-0.744193351,0.4792637602125671,-2.074252734,-0.027733003,0.2155649003741945,0.2669370565865511,-0.165676722,0.3856796192407533,0.543229220767159,0.0870844716835991,1.9847128813417203,1.180231434052604,0.8371310647845975,1.289094574854149,-0.340992074,0.4277755661660238,1.3473053367551406,-0.201719805,-0.576803393,-0.251739276,-0.473640902,-0.012959836,-0.474534515,0.4630004179281964,-0.132487759,-0.192543233,-0.079005903,4797.86,0
478432,-0.58089679,0.0772153932905471,-0.322582511,0.3697015824547498,-0.669032109,0.8081768764729781,-0.047716562,0.1372325410032247,-0.551565802,-0.697180428,0.5296994450890692,-0.770179264,0.4845507283585863,-0.819200794,0.1902463911374738,-0.833464511,-0.97893843,-0.952027546,-0.321398876,-0.177021114,0.1764732683343015,0.568590039475701,0.53724125877826,-0.859959257,-0.217204312,-0.627324721,0.7850207555082557,-0.258104658,12922.28,1
256073,1.981347188682326,-1.071470307,0.1777609991130227,-1.585244701,-0.215283619,0.2668619721191833,0.0327716210293836,-0.142946457,-0.038243173,1.5911680055034123,-0.621449442,0.1088147386547089,-1.108090838,0.6741687489812747,-0.627102444,0.4475194634504075,0.4787999261848914,1.0000825322863982,-9.41E-05,-0.664259336,-0.156129616,-0.037475847,0.1734518762304648,-0.939366568,-0.580198822,-0.370150812,-0.228283062,-0.244584642,8728.94,0
6501,-1.029300501,-1.555336615,2.7418529582366835,-0.703488464,0.8103360561186226,1.029945111258294,0.4373297366354684,-0.500655846,6.284680361489145,2.709887827558975,0.4427640899684602,-0.178038776,0.9254655456245724,-0.075269283,-1.982742107,0.0231291144854877,0.4824542245418245,-0.167639965,-0.634988715,-2.608436309,-0.622072444,0.9851903180129036,-0.625339667,-0.178344436,-0.20491001,1.6558050487008198,-2.53677427,3.00423444219173,20787.49,0
425317,-0.368298492,-0.02974629,-0.171221393,0.3944876202466895,-0.566201659,0.3072830491251543,-0.067807526,0.1036723963800203,-0.357017222,-0.554969893,0.2112893431223655,-0.441621606,1.427960607637929,-0.692710526,-0.14424481,-0.83249133,-0.543959857,-0.590870375,1.6252226362604758,0.8670966309078448,0.1949892563660528,0.4106476953442611,0.5124251573056333,0.4383760163477844,0.0117283037994221,1.4269438395511682,0.3240180165601536,0.3539212572411645,11825.84,1
65235,0.9567646447341044,-0.848028227,1.1297756227286233,-0.980901535,-0.172893598,0.8686949307825503,0.038752649802535,-0.036207999,0.3791289704887813,0.8862859867489652,0.058577571820752,0.4479826234267311,-1.221883022,0.6254727041592528,0.3061243586803894,1.139124884349759,0.7104265966148188,-0.398560299,-0.123410399,-0.160474301,0.0043401333421857,0.650048980096323,0.0019522544257176,-0.501496578,0.0715166394741019,-0.360927776,-0.165439238,-0.065931962,2017.32,0
122942,1.0554590451253452,-0.31011857,0.3532007801434318,-0.202577201,0.3129118995998603,-0.128410062,0.6305955507607929,-0.220081616,0.3946877070912681,0.6225205727184391,-1.166077031,0.4983742674292261,-0.431633501,1.126640606202643,0.8771423185632735,0.4156454088344188,0.3161916167898707,0.2026113330369899,-0.316539029,-0.319851075,-0.110814749,-0.090921429,-0.218438371,0.0975621257177074,1.404439891217879,-0.645764848,-0.254404903,-0.079683355,18585.72,0
432018,-1.547801063,1.3294881131843603,-1.516391648,1.6592597571945171,-1.810230803,-1.508358109,-1.817835349,1.3401011028881291,-1.908529608,-1.901561096,1.4862878174705991,-1.734959682,0.6738170367952298,-1.385238561,-0.843549519,-1.901908505,-2.153493337,-2.224768749,1.5263713733401192,-0.308691218,0.4948606137290649,-0.410212883,0.154107401996795,1.2253090955882953,-0.515476913,-0.089048674,-0.800716376,-0.883060899,23877.32,1
194583,2.016700701184785,-0.645676686,-0.250728879,-1.198470877,0.3757589582916469,-0.299525105,0.5247785587129407,-0.242467532,-0.0890238,1.1941253787059,-0.205008839,0.2465885544525366,-1.488493388,1.3101769863053736,-1.099662211,0.6880567117872849,0.5722435372699619,-0.254201252,0.6357578585666297,-0.291854566,0.0960057398735643,1.3811172743898632,-0.207459717,1.8148992328685123,1.102684452536671,0.5598030538745543,-0.36329173,-0.339664561,6574.92,0
206218,-0.351503356,-0.451414158,1.049193624489417,-1.393630976,0.6492889697800728,1.339851429201893,0.3666379796127841,0.0423199844325887,0.0163112393572125,0.628455338075969,-0.87256775,0.3995815635991889,-0.736197284,0.8707383507846514,1.936619162609064,-0.587498803,0.9633650780781092,-0.176251432,-1.607815007,-0.844998056,-0.445037807,-1.374475285,0.5379551195578504,-1.392112434,-0.119048441,-1.443146985,-0.397302667,-0.414134157,906.81,0
345881,0.3717175840194746,-0.030784439,-0.086841302,0.4818799042948381,-0.129309069,0.2263903059647627,-0.209977887,0.0181374178114927,-0.221408234,-0.237647219,0.5067820466147701,-0.478248998,-0.572536809,-0.590754988,-0.772040852,-0.414919864,-0.621137999,-0.269849152,0.1114891053498375,0.1486087780414743,0.0683700875778639,-0.068541049,-0.257946494,-0.561486245,1.2286810620246362,0.0765262939062146,0.4979597693732834,0.6002362762159781,23360.78,1
51485,-0.404794456,0.0022362529353606,2.077499636193753,0.3514890359646228,0.1374621781213198,0.8516718859025655,0.344179454847836,-0.111628817,0.2614873448530582,1.3669422817035122,-1.438833932,0.6179089966967882,1.3313519356954329,0.3841205517298691,1.123042845829363,0.538970105067175,0.3955315540927074,0.6319818980836969,0.5960666097304714,-0.127282579,-0.049482401,0.5330117079516612,-0.279155038,-0.075500235,0.2515899528208333,0.7252086019826253,-1.083277127,-0.157432023,12649.89,0
20047,-0.404609783,-1.159257364,1.2551411624098434,-1.383791138,0.5774449630861411,-0.635252085,0.4223963368323172,-0.204256675,-0.053976996,1.0102782834091746,0.0323546173322482,0.2899474359887621,-0.834708648,0.6499965082867403,-0.581641706,1.5452934141015473,0.3607994501819871,-0.097641191,-0.028988258,0.0295620378362173,0.0042751788847569,0.8801980707269093,0.780278539260307,1.1028451985445162,0.0231826478782781,-0.855636891,-0.11680064,0.0413208858001684,8282.27,0
29631,0.2050250204556977,-1.011689188,0.6779998119102656,0.4141511776057783,-0.115664439,0.4194920316736097,0.6397402580598288,-0.183435524,0.2341946368719323,0.7852408267937341,-1.074020702,0.4294794920620217,-0.120823776,0.8747829089556416,1.021276555618796,1.2945023563525635,0.2338630182903022,0.4876819716048498,-1.498401261,0.872745872904598,0.0814376489541255,-0.080681715,-0.575959314,0.8623272400765398,0.2100473768173713,0.0280084356220051,-0.353445245,0.2230699317167872,5754.23,0
82170,1.0010681146899236,-0.350319117,0.5294057160311474,-0.22027764,0.2872874214690911,0.3076612415288536,0.4841187906234246,-0.169346515,0.4944896049839977,0.5844296971744788,-0.940295078,0.7289274373591939,0.1407431566273123,0.9398495709760116,1.4342832143165989,0.3848446687471291,0.3539768284775956,0.0328726017718791,-0.745500491,-0.314182372,-0.088564966,0.1175199872901357,-0.14541244,-0.460950905,1.0267659139204963,-0.654921824,-0.205238225,-0.064481908,4758.35,0
520019,0.4617848284730292,-0.229185443,0.9264172766578536,0.0845141407720058,0.3844089226180431,0.6485640422807509,0.4757260572041052,-0.10691527,0.1099714351355108,0.6769880366231176,0.0041364079078758,1.1934495693081562,-0.031177894,0.5555219165790534,-0.436711203,0.5483166108294988,0.5123350499971112,0.2806768768066933,-0.470750353,-0.283844938,-0.131227652,-0.14407941,-0.059658347,-0.267665354,0.4486424644538714,-0.338920852,-0.255610558,-0.074672782,3240.68,1
348736,-1.232186147,-2.277373266,-0.662256785,-0.097635173,-0.645713913,-0.28837617,-0.079078616,0.1506966135302994,-0.323252278,-0.38536757,-0.456898516,-0.631165353,-0.021712997,-0.412756031,0.9721130466449353,0.790510297884853,-0.393176473,-0.54135039,0.0286474614395135,-1.261474898,0.0773325980050929,-0.071430281,-2.54500331,-0.562287598,-0.501584766,-0.569631203,-0.155786343,-2.298980794,23940.92,1
317292,-0.307126044,0.2130679217274486,-0.745259241,0.4076444751888356,-0.611680214,0.1828647796664212,0.5090246282955161,-0.001095308,0.3321792493085732,-0.497228439,0.3703628615576824,-0.814253159,2.2909947395439008,-0.261747118,-0.226493476,-0.392589057,-0.01731728,-0.027759694,0.3255679934328412,-0.87232844,0.0028312335645124,0.3032676310079393,0.3027513735357348,-0.001557913,-1.828010535,-1.318287751,0.0195660609463123,-0.776295581,19550.12,1
325269,0.1057551986291949,0.0532631327292078,-0.170695616,0.4326514758062392,0.0064184557219259,0.0700948818912905,-0.139694646,0.000734207031277,-0.384098838,-0.225312799,0.5239944057173532,-0.638781071,-1.250539674,-0.608971138,0.0832515020580895,-0.220108668,-0.628729457,0.0003421912973158,-0.29786043,0.1011364343179688,0.1000939696598401,0.0062944554356483,-0.303684973,-1.025694721,1.0729403102443509,0.177778925453918,0.1724949412257718,0.3900819665357674,8564.13,1
57410,1.072910094261926,-0.403259718,0.320093703239837,-0.776315858,0.3995665963428281,0.2999961903585575,0.5374486258778939,-0.187996676,0.269202911610811,0.5963625930554083,-0.249243913,1.6033685649847178,1.2254966882611484,0.9178287436069924,0.101306413812866,0.9074631128130762,0.1804958231804264,0.1619334301034615,0.5955463096702638,-0.0779794,-0.285462847,-1.203877845,-0.003496496,-1.331537066,0.3290783490736714,1.3939587970073228,-0.35414558,-0.129834116,797.44,0
248219,1.8133325375609124,-0.938683717,-0.184293258,-2.436090857,0.0658990029021531,-0.396999606,0.4324261895202106,-0.243063214,0.9224914365552772,0.5082839993204966,-0.349487436,1.2256938559104766,-0.400132714,1.2506339558345985,0.4062105347100101,-0.48314264,0.3921519452267318,2.11476940210211,0.4199206542921103,-0.644693046,-0.172725568,-0.053255561,-0.120711497,-0.855752732,0.4767562370273315,-1.783855917,-0.22653204,-0.240179029,4663.09,0
24372,0.0109493700990499,-0.077081868,0.8970158912089643,-0.440414627,0.654957526449162,0.4189711665860959,0.7629654168587515,-0.170287806,0.2640346834627909,0.4416815474315794,0.0634604429204736,0.3763038624737191,-1.356200399,0.2819342803804794,0.6647876113771697,0.7121657365798515,0.6420634315585458,1.0305615118767528,-0.53772205,-0.269976073,-0.084743083,0.1242626675057884,-0.308267467,-0.779229666,0.0901196758477289,-0.930721101,-0.632517287,-0.5673189,20370.03,0
538643,-0.546051456,0.1379098339220563,-0.711671731,0.3468834381240605,-0.340042964,-0.648339291,-0.289908555,0.1978295977901071,-0.602337375,-0.835495366,0.6471718909519659,-0.880036699,-0.526701744,-0.981214295,-0.149535453,-0.829343094,-0.830605964,-0.602230681,0.725603875409132,0.3958157810479221,0.1885697047419961,-0.147081672,-0.235578147,-0.83242423,-0.20218302,0.5221382026825582,1.0911112986205844,0.053010797935829,4142.95,1
44632,-0.089934423,-0.256816089,1.14074853386824,-1.01873974,0.5210770714496591,0.2940076898566831,0.8347999113227189,-0.112410011,0.1114648240296007,0.367684975696078,-0.187096676,0.3586239181920342,-2.235660562,1.3805469751655866,-0.127655046,0.6537104712394849,0.2998427920216999,0.1037415449485834,-0.539449939,-0.302724741,-0.196031701,-0.901290416,0.0476370851072097,-0.673206196,-0.400416262,0.0661346371654363,-0.258025509,0.0912490305273583,9612.48,0
497949,-0.247001026,0.0311012511102867,-0.711497391,0.4480892527739233,-0.221980721,-0.453291519,0.0337252663805635,-0.069578067,-0.830134818,-0.856819238,0.9242513031742172,-0.910327249,0.0122093234888656,-1.141147951,-0.095154247,-0.774046343,-0.817485494,-0.55389058,0.0841473810461385,1.1046511483472614,0.2341370909266169,-0.27333063,-0.636187807,-0.97528973,1.6075126830383315,1.290813625138659,0.7694138481862753,0.9175906066268524,6744.28,1
458614,-0.560625461,0.2465489219385247,0.044128518126796,0.4681001434145379,-0.141206221,0.2311803512732312,-0.158303842,-0.350416154,0.3634238050936869,0.4310375899189326,0.4811106920491775,-0.807865043,0.1428062638999998,-0.256673552,1.048928706046358,-0.736545846,-0.670337448,-0.456323791,1.2391232413828366,-0.205139345,0.4065869312791454,0.1179660663582425,-0.309946339,0.0928265214712998,-0.784805419,-0.386657757,-1.741350967,-0.682933599,5449.68,1
481553,-1.069808774,-1.698828851,-0.693880987,0.3059018454621093,1.6873256388073563,-1.613326502,-0.647385305,-0.085169287,-0.425285606,-0.659154316,0.3217432978928756,-0.627580426,-1.53794491,-0.48827603,-0.312645834,-0.765482298,-0.525223002,-0.760928168,-0.304444701,1.0418697080586137,0.0397880312912936,0.3041663878041401,-0.267470098,-0.721959066,0.8189865050683721,1.36111772769265,0.7906205077949005,-2.750593355,19821.58,1
109621,0.9485535638663436,-0.424837474,1.1385629536393271,-0.163449525,-0.042205354,0.1593742146839397,0.308969258638111,-0.153229599,0.7977434055893934,0.575616687800468,-0.898096692,0.718359713380159,0.0925659521377935,0.7381815181525623,1.7009151204625652,0.8801677093095297,0.2518947467500763,0.4729724909115667,-0.733611228,-0.251200685,-0.087076164,0.042166968619862,-0.018095501,0.7933834725111897,0.4474730661955945,-1.081283685,-0.177888415,0.0025335053289676,12008.63,0
407691,0.6571600459296334,0.4931117227536042,-0.78680731,1.0908720364945568,1.028264984238507,-0.813177283,0.160596981248032,-0.072767681,-0.965258415,-0.532808335,1.1279588353234329,-0.803840969,-2.1632559,-1.308013503,-0.407439563,0.4589348363039782,0.5422342992715932,1.4585031686922736,-1.969986461,0.1189023950371572,-0.012311851,-0.616873838,-0.30901831,-0.407874473,1.3033758701249711,0.6536949714395812,0.4041470696416617,0.7671387089767119,6041.57,1
367924,-0.316768551,-0.607362641,0.0688034000948719,0.304135334523157,-0.300301042,1.6512230405501986,2.83208845251352,-0.420416864,-0.047007622,0.7185024270076046,-0.003863932,0.070407019168329,0.0989041288510672,-0.025235329,-1.239991107,0.4092936186286173,-0.143866316,0.1599559628309204,-0.239862363,-0.758654977,-0.283241572,0.0690068426676796,0.8875836058288101,0.5237564290645697,0.3219801650433828,-0.707748889,-0.55214814,-2.705378286,7571.2,1
122838,0.0250216143426016,-0.230802924,1.1415594757889702,-0.604736966,0.151123766473383,0.6460870406357635,0.1752341787045913,-0.645896095,0.741502867266214,0.1069686231475984,-1.600334716,0.4996228784962154,-2.366013946,1.0594736048088584,-1.232550664,0.6259471150443143,0.3857423139393293,-0.109481917,-2.471468999,-0.000215716,-0.66563808,0.2018810898806383,-0.115314628,0.0756991069491548,1.6673549646898305,-1.314359571,-0.155935866,0.4474000785249141,12222.53,0
403586,-2.195779698,2.565122337317024,-2.144087503,1.2063475720310188,-2.599116334,-2.494362055,-2.063354521,3.974310694699505,-1.173003366,-1.309419589,1.2598988989218045,-1.13511538,0.4582961039181104,-1.066944716,-0.059766281,-1.311184452,-1.492951875,-1.465960314,0.716793162370632,1.3825976067745738,0.5549110611915192,-1.323849768,-0.888644272,0.2893402693659985,2.428240144333453,-0.519317752,2.005305910257758,1.0135024690907335,16428.64,1
166565,-0.041910692,-0.388604113,1.342827270749396,-2.954264576,0.2936410813483117,0.2353780705171393,0.5861779035320046,-0.096974194,1.3453083293151136,-0.0405621,-0.254056647,1.0769432451204874,-1.210575593,0.8262707306644244,-0.426978802,0.6390588044022936,0.1759731740224046,0.6212186344018795,-0.440492481,-0.443152398,-0.138286528,-0.318812944,-0.129508495,1.4092052126074677,-0.323257656,-1.901344392,-0.130229478,0.1876366506113223,6811.18,0
356436,-0.102447654,-0.343193741,0.6975691959877167,0.0497220229104209,0.022359188627294,0.8355174114864957,0.689323457602232,-0.124025036,0.0243910593621929,0.2781010188109073,-0.578851388,0.029488016666455,0.0860732796946103,0.3018178609840425,2.4395913101019144,-0.03847817,0.1182666381041484,0.435679637937598,0.9068959497943774,0.7162260611813752,0.0562757913468395,0.4641804199086475,0.4022119919891769,-1.089717559,-0.23406249,-0.199270988,-0.174080674,-0.073161754,16844.63,1
427838,-0.726336015,0.4261601316168124,-0.853370534,1.162372809307615,0.0705667856244675,-0.746344023,-0.332962549,-0.284157172,-0.213641891,-0.302123098,1.0037349148580237,-1.162151312,-0.684540244,-1.525850883,2.218566009095321,-1.021174899,-0.708655283,-0.431082891,1.292787171069924,-0.349257246,0.2834921889662379,0.6779127361000552,0.2332363548858258,-0.030089594,-1.053771551,0.4714961331182852,-1.981063034,2.2630076183424093,13327.23,1
424903,-0.403789476,-0.262383328,-0.363205466,0.4341637485018456,-0.750165564,0.957620296686968,1.1483436272433,-0.085552657,-0.818036908,-0.328771391,0.7685958759364419,-0.410435497,0.2777463974938315,-0.374129095,0.1822985155729092,-0.587473465,-0.510832587,-0.574743272,0.9343049115269036,1.0806145284666868,0.1022694658481836,-0.370466671,1.2574230544066345,0.114130470813574,0.0181421663926488,1.136090626285771,0.0361000684275055,-0.441308455,2613.34,1
446640,-2.402358748,3.2723047696127936,-2.374491267,1.6743668531318072,-2.698771483,-0.131136399,-3.353470961,-2.35756157,-2.788644842,-2.889891943,1.0178396663488578,-1.460180356,-0.888500315,-0.430839133,-2.336904694,-1.417585133,-1.519782738,-1.694213249,-0.601026499,2.814432560828843,-4.383470466,3.896238131823933,1.1012965896142075,0.6215212840512171,-0.698006416,-2.277087742,-4.539087237,-2.712905807,8586.45,1
501039,-0.497225319,0.0273351856764717,-0.764025627,0.1044045110740848,-0.67537159,1.1984961181251597,0.3400100734929586,0.1838223360822118,-0.44927649,-0.909920659,0.3757706723506626,-0.84185644,-1.088000832,-0.878623153,-0.2401398,-0.909931937,-0.629519091,-1.081482537,-0.859168645,0.1948538550255679,0.2285764349885777,0.45487287470695,1.1067678458599566,-0.887226044,-2.384638489,0.16361790629146,1.1523392726987387,0.857710160895773,4807.2,1
200776,-0.129650525,-0.099348157,0.5240874697577818,-0.447701807,1.112547049411112,0.4460747056323486,1.113973706399102,-0.245662461,-0.003960351,0.8205202173962698,-0.739677531,0.1068120707666029,-1.892795078,1.3711307820079282,0.2789347376989405,0.2263813970579306,0.2560851579256749,0.946091649985574,0.92775731642801,-0.315402619,-0.081120413,0.1541904353351441,-0.837649548,-1.897025315,1.7827688246907512,-0.423970355,-0.77516966,-0.506188458,22911.16,0
36892,-0.068762508,-0.636793038,0.8435283964910633,-1.041012255,-0.176737711,1.2535942838620815,0.4624916643596121,0.0265703521875023,1.826746887039517,-0.022470596,-2.595896156,0.9322377226102864,0.1323627668801014,0.4837699368159253,0.2338959568408986,-0.023281048,0.61988009758818,0.5626137576509681,1.2000451748751528,0.2789864141493843,-0.040467226,0.3193166321783136,0.4215727853556604,-2.08822153,-0.071686469,-1.223674704,-0.256819813,-0.105428569,4025.88,0
229063,1.7332330664779585,-0.412264796,-0.330116497,-0.494657393,1.7818828479150135,2.1144286623734434,0.3091201974215773,0.0357725587638272,0.5667861484727715,0.529565721246122,-0.415435338,0.5978220430702457,-0.118666194,0.4316330594158329,1.381869848305904,0.7416476449275036,0.5103379170038977,0.6064151001960759,-1.046963489,-0.320276996,-0.060155984,0.2611553357525794,0.0672702596670805,1.254339597204902,0.2727924878597116,-1.267719897,-0.18592539,-0.162999987,10351.1,0
298833,-0.458975439,-3.151723819,-0.524937498,0.0613232022292498,-0.529292242,0.7182404074562855,2.066817641139758,-0.347074702,1.2979745009427293,0.0667468206444603,-0.964978704,0.0725073394924228,-1.056972538,0.934522004585708,0.391415690917351,0.0489844698463957,0.2499543289742563,0.396556962656421,0.0284082505373691,2.615654994327393,0.2488497651115547,-0.775553236,-1.739590334,1.2592288690770015,-0.764350016,-1.859733985,-0.30107742,0.2385576879881906,17192.47,1
156689,1.8160273283865485,-0.356735709,-0.129773763,-0.363061493,0.5651871714234864,-0.063424861,0.5297083111710038,-0.233843,1.7663283753614414,0.3200689071429856,-0.498271179,-0.337535259,1.414968785723275,1.1319481869728003,-0.646298191,0.6017887144475085,0.9784296255306902,0.4088434444718222,-0.318077354,-0.357935103,-0.266204483,-0.758240819,0.1822628867850708,0.6959884290198415,-0.178584522,0.6855187715171894,-0.358013665,-0.203023473,13484.32,0
387942,-0.465004682,-0.607251665,-0.250018942,0.1944969018163259,-0.830995627,0.7300291954610963,0.5260929852121983,0.0214219403277321,-0.072364991,-0.658958393,0.7260758122807186,-0.220805175,0.7206874981143435,-0.637980334,-0.225792184,-0.786031243,-0.365270057,-0.006131114,1.847236005947264,1.9137101199476692,0.2952895322788421,0.57000928771594,1.8227521400049709,0.7002273647616011,0.7983667050525026,-0.455026599,0.0471846445458695,0.3816550154909526,4126.3,1
498921,-1.076093993,0.9278632386483796,-0.979493821,1.4551844387252153,-1.354933547,-1.067676401,-1.503349533,0.9461557113933254,-1.959809551,-1.69822813,1.5632525330814755,-1.692614056,0.7110694069847067,-1.62575407,0.5345236139325945,-2.028212613,-2.397116442,-2.275759311,1.679669851681322,0.7478513030132146,0.7967745744731383,0.7425449104738466,-0.039045099,1.2862157238997205,0.5388454028708314,0.624451460357821,1.8489897280063967,0.9684000406890634,1202.34,1
22445,0.503717166003262,0.1087025901354862,-0.089255556,-0.192414366,1.2048779825401168,-0.13132459,1.1368212093440406,-0.354345792,0.8742221229801695,0.9644672051158424,0.3280428527404243,0.3663309374470348,0.0402944040461339,-0.5330059,0.6430584497983796,1.1348877938110176,1.242351926621177,2.3371701558532703,-0.119017369,0.6505091442843348,-0.284432743,-0.179490709,-0.179658914,-1.406000316,-0.60185172,-1.152135227,-0.334454334,-1.83922861,3029.22,0
254504,1.507885900858262,-0.738243807,0.7553790624801439,-0.017440942,-0.111982651,0.943257371571024,0.0603368407857474,-0.053192607,2.0925526137660326,0.5707967238862929,-1.979149812,0.7672149640043933,-0.525267492,0.3652354661399445,-0.462985037,0.601389100505095,0.3353562250496397,0.6252378661669956,-0.660078141,-0.341609167,-0.025553951,0.7407587942020978,0.1309165539776381,1.431504871754016,-0.459880623,-1.381588824,-0.118083431,-0.108300728,15672.48,0
482787,-1.104578418,0.6240702496282616,-0.815221559,0.0655069831023369,-0.458070344,-0.708631153,-0.44477299,-0.025213047,-0.231581773,-0.657336904,0.7099600722002267,-0.914553851,0.0944086042884857,-1.144184669,0.8890697075081562,-0.81880613,-0.846438529,-0.771490168,-0.017574899,-1.131884973,0.513356944463075,-0.031670482,0.2450929788885613,1.6697556147689958,0.0128591520034026,0.3639127249091147,-1.982683316,3.11723883914826,8593.93,1
537246,-0.750954322,-1.354779104,-0.548526734,0.3903293150305002,-0.223898023,0.6976100648378931,-0.224200534,0.1998870159808479,-0.001803177,-0.548466768,0.4578564756439329,-0.581057781,0.1029660812881189,-0.407346621,-0.31942418,-0.799099688,-0.723396109,-0.852817827,-0.113493822,0.2411978242950976,0.2496515749987962,0.5586844716707496,-0.723808247,-2.097697772,-0.399289238,0.0581234294278251,1.0710843840254185,-1.903894019,16596.42,1
466733,-0.156814744,0.7594810860368324,-0.794360083,1.0401327626253385,0.9316573412055076,-0.938345196,0.0054266128847223,-0.002845303,-1.206317112,-0.900987836,0.7634560629422156,-1.148643056,-1.655847433,-1.532968571,-0.157607772,-0.166466093,-0.239015897,0.3924886651638191,-1.756090673,0.3672382353001053,0.0536883472144958,-0.834081622,-0.368678121,-0.39018968,0.2594028433009623,0.1937491911254558,0.8504744832870201,1.133251931204488,22300.72,1
271043,1.7338494110663174,-0.518570104,-0.176848714,-0.591785365,0.5264489184134515,0.3983928760411046,0.4162923427802203,-0.146950021,1.2072075117326089,0.351362638394978,-0.70587653,0.6014579082909252,-1.050700517,0.2488478402998593,-0.626058796,0.8764657566619779,0.6037258843834705,1.142256364464986,0.4871269529606517,-0.304914445,-0.213554414,-0.630334595,-0.03048197,-2.477297426,-0.045025898,-0.025781094,-0.263817643,-0.20230195,19846.44,0
56770,-0.083171391,-0.334752104,0.7850298480995993,-0.577351149,0.0105056132709981,0.4096750468702639,1.2520865240440129,-0.219002642,0.1188929828439765,0.4437048018158236,-0.708828567,0.2910484173561886,-0.852054076,1.0914499293860551,1.8568782390570668,0.1529329949327872,0.6136698934737381,-0.213263753,0.633170851060723,-0.14318216,-0.210558096,-0.685513235,0.4850322639736946,0.2150540427566448,-1.075975226,1.6441865799132442,-0.187491359,0.007528816085183,22258.48,0
75832,0.0494986224863937,-0.134293377,0.9760397172566218,-0.317932527,0.3126439436483003,0.3434971288877501,0.73852679565174,-0.158699756,0.1426897582447905,0.726346112416362,-0.120307737,1.0677746838566495,0.2807807896571743,0.9328875421651543,0.3550070382830211,0.4643138852442383,0.2642194275952206,0.8222658408366189,0.4066348576377345,-0.033358102,-0.051433806,0.4376244290495189,-0.099531778,0.070625141597802,-0.227553155,-0.765588907,0.0462158790822528,0.1607107478502888,3152.38,0
52441,-0.301273303,-0.012056399,0.776004809415886,-1.067965103,0.1105261517714007,0.4448168314417261,0.363779764541355,0.1291886532980339,0.3559030884452507,0.3541812127605275,-0.352037262,1.0818801231588675,-0.975359323,1.2764568053727623,-0.744777991,0.6379123511143298,0.4399455852900844,0.1617746604644914,-0.386881443,-0.319278155,-0.140964364,-0.343533112,0.0009950215561193,-0.533736043,-0.416240925,0.7447674446909882,-0.043400018,0.1297473027748091,17534.34,0
468302,-1.687995253,1.4521920986836174,-1.817138704,2.1045515732949807,-2.035407282,-1.883992709,-1.918170338,2.2177882929643875,-1.670992745,-1.916873853,1.4473317407221598,-1.817471381,0.709954266902072,-1.418754392,-2.3014391,-1.7527549,-1.960252821,-2.020347672,0.3318317680782697,-1.558908927,0.8662695845575142,-0.288021601,-0.372805479,1.12963576,-1.209580215,-0.423094461,-2.264680841,-1.752226939,19481.41,1
529451,-0.511667577,1.084701923152548,-0.960760306,1.2445823859614424,0.2676399824355308,-1.564583415,-0.296393542,0.2692934365019097,-1.154702691,-1.089038422,1.6100103911878398,-1.372594285,-0.149862504,-1.388093844,-1.693360469,-0.443107857,-0.205804835,0.5175910244929505,-1.546487117,0.2606132209355237,0.1715717587986603,-0.439381634,-0.446794082,-0.487688608,1.656484301075814,0.9048186084021356,0.3229949752899824,0.6931732481408147,20828.18,1
362065,-0.699737667,0.31593004660133,-0.716738815,0.5467864162769132,-0.886118895,0.3673742246125968,-0.466884963,0.4197505552490833,-0.881714184,-0.816982679,0.699851193544715,-0.859610246,0.314835950292523,-0.685373049,-0.516113937,-1.161391299,-1.260310922,-1.076479225,1.8908616761600987,-0.361219955,0.2771054087397547,0.3259008830192527,0.1676114818434723,-0.84980932,0.0904944412593511,-0.440995487,0.5660700913109666,-0.761764023,14392.23,1
188130,-0.17749002,-0.202788166,1.2128192550388894,-1.323820834,0.7578131375416078,0.1561294137655452,0.8428270758044074,-0.162046988,0.1215877721987435,0.3048156560433479,-0.33800702,1.0703355197487072,-0.069205327,0.8684923140962961,-1.193529829,0.6595034335161318,0.2063777836465577,0.1550721996744521,-0.244409668,-0.305484029,-0.200508911,-0.754231384,-0.392359876,-0.713180591,0.8592899682566805,0.5248131580620512,-0.451670276,0.0023764038106732,8243.52,0
389548,-1.704516521,2.599199263414968,-1.205390552,0.5035268915774673,-0.94967396,3.226002264832025,-2.323094936,-6.027711908,0.2733890173381638,-0.698893089,0.9902737999824864,-0.707780298,-1.89197721,-1.183117215,-0.287686755,-1.230970688,-0.722382799,-0.990629654,-0.169995932,-4.118596471,8.087080028016498,-6.450353018,6.343132317756874,-1.0750483,0.3498809024854172,-0.240261075,1.534445136055664,2.1541018884187397,1967.75,1
372052,-2.597907693,3.293482541034127,-2.483717324,1.2788607235691962,-3.234872815,-2.870401854,-2.441423828,5.758232631000507,-1.061864075,-1.171379844,0.8824418935621118,-0.852704209,1.432522768923559,-0.612504615,-0.187162021,-1.053087544,-1.293446146,-1.406593348,0.3038486294696474,1.493235394211496,0.5739541905057515,-1.863610637,-1.339428489,0.3841309323116229,3.700446918639503,-0.485386677,1.526872146854418,0.7859979230646387,9800.65,1
536459,-1.389740546,1.398153239121931,-1.428633947,0.7501060961823683,-1.396366092,-1.713550974,-1.095070031,1.612526896169163,-0.629447402,-0.894705628,0.5424144588860424,-0.953570608,-0.541547167,-0.954246434,1.0762365441898345,-0.864898959,-0.837584492,-0.80000944,0.2728425746580576,0.663662294808347,0.2537368022967871,-0.759824521,-0.104636856,-0.043019381,0.7750792236964016,-0.623089935,1.327527653398979,0.4621587251394631,12036.41,1
340380,-1.124184389,0.3849480494288324,-0.846802092,0.8199055222553449,-1.020947193,-0.4855982,-0.847314538,0.6192708276785779,-0.858732643,-0.883403073,0.4631893980617707,-0.952954774,0.5085316735859275,-0.761003907,0.2620939284883544,-1.285094161,-1.289878897,-1.410118496,1.5726729532987536,-0.725387214,0.432204256925387,-0.065410035,-0.750710771,0.6952784794622818,-1.611783189,-1.30383653,-0.859017179,0.839997949280809,3207.52,1
537785,-0.503680722,0.1835265622548677,-0.666226068,-0.068656172,-0.271373243,0.033637070165801,-0.416711368,0.3244345244735773,0.065018584758202,-0.798114968,0.750342601077653,-1.066085882,1.2500970430587552,-0.41416415,-1.644804756,-0.732296191,-0.854245636,-0.518385415,0.4404832239710252,-0.289906673,0.2063541683592957,0.3065259320738763,0.2138490433297086,-0.461909643,-0.597333714,1.0318598605460232,0.2071146557770521,-0.36245247,13270.74,1
203969,1.9067792644864328,-1.143177077,0.4696213119109937,-1.552204637,-0.350703555,0.4519314345663126,-0.081660344,-0.108384989,0.1095707260589602,1.5390159629324338,-0.48795286,0.28277998063652,-0.282820013,0.4666733803187547,-0.321088547,0.6935324547817209,0.4179990292649744,1.2046249527370283,-0.222445396,-0.589301007,-0.132422942,0.135157595014735,0.266611742714579,-0.665831745,-1.009629061,-0.546103398,-0.179656384,-0.196849127,2045.7,0
554372,-0.930222687,0.6840269660796389,-0.92158819,0.7845333666134063,-1.228796648,0.0629422034319574,-0.674613588,0.6495841873954356,-1.272347865,-1.323833409,0.866607805588035,-1.180590479,0.8391883105750247,-1.203051206,-0.220906326,-1.295649584,-1.514312577,-1.547146461,0.2067012484262253,-0.273698818,0.3525019416333848,-0.343035999,0.1967631128876334,-0.264500443,0.1141914958140539,-0.998784821,0.5659479631629191,-0.259945164,7926.91,1
367236,0.6497474709137404,0.248266399802219,-0.6751905,0.6379119101687658,0.2530394671750662,-0.320862079,-0.050275981,0.0328862991224924,-0.336242127,-0.335595786,0.7487091743145575,-0.416842285,-0.50897934,-0.807142701,0.2054529245166988,-0.518881677,0.0821231201380664,0.5367783033745861,1.6141458295594913,0.1772462180429571,0.0506474018893959,0.0499992535163657,0.158528880990473,0.8067652960985294,-0.813599059,-0.615013754,0.1269380460697957,-0.210042322,14217.73,1
539570,-0.158632527,0.1062239797304597,-0.149179945,0.0564251792312893,0.4509127813850617,-0.291403851,0.3785645397430036,-0.130890962,-0.111660583,-0.021870017,-0.163009808,-0.158925893,-0.303729049,-0.23442042,0.2361130996080802,-0.297478671,0.1045626186061893,0.0767868912204891,0.2047571533660502,-0.115783507,0.1128345709755097,0.6935400270309866,0.003061639096902,-0.431016024,-1.049964948,-1.028162324,0.4537722788022232,0.5704232522897962,14585.41,1
536737,-0.565657502,1.4087013147970775,-1.534723719,2.066182711541574,-0.597351306,-1.527952906,-1.28308299,0.7434017808923362,-1.728008443,-1.747121342,2.448829094350852,-1.926292441,0.154018172888303,-2.047310183,-0.378394484,-1.833299308,-1.607382478,-1.512869767,0.8017066390153567,1.2708182647429065,0.6044195106580891,0.2633456144154937,0.2956484710625419,-1.910851632,-1.136670868,1.319426910754664,2.6102908050674376,1.7794712366019672,13084.41,1
341484,-1.01518728,-1.073484258,-0.667343099,0.2293391390005785,-0.111627339,-0.45695637,0.1942902636981556,0.0600521502404114,-0.313949945,-0.388275228,0.0312427040897821,-0.503492538,-0.257734902,-0.256084234,0.3839931903337467,-0.52409442,-0.563594899,-0.412881919,0.6575720285699813,-1.063786476,0.0672688547505959,0.6132458963882961,0.0268643210426032,0.5206358890658733,0.6716456818069139,-0.136061008,0.2883934122632807,-0.091534662,22835.94,1
467880,1.4800725749055943,-0.687645675,0.3615885084156637,-0.667993616,-0.065165017,0.2792386196064126,0.1573913134242617,-0.136339984,0.4214746363671464,0.7674762440949269,-0.396667659,0.5661848505709103,-0.229909089,0.1878892981429577,-0.635093585,0.6105864751738599,0.808601877824374,0.576571198029534,-0.251768239,-0.381515209,-0.107328634,0.2246750825981706,0.0675608160891114,1.3672199257885873,0.0742608560173846,-0.491309406,-0.186292187,-0.087663365,17721.64,1
357255,-1.038747455,-1.213869611,-0.63832755,-0.010992539,0.0145562846488697,-0.11245504,0.7482612061758961,-0.084237882,-0.094052782,-0.184978598,-0.631234506,-0.455220112,0.2877153739685826,0.206194395127595,-0.165992486,-0.424586091,-0.477938501,-0.564545074,0.2838711250097004,-1.99428721,-0.049161946,0.7695849116534521,0.2952838987568508,0.3615634960383543,0.9998682616519936,-0.107265051,-0.282412604,0.0051461939352105,11881.27,1
537449,1.6105316616309908,-0.042539298,-0.138663653,0.7140273541332496,0.8765865340852884,0.1838178313041072,0.6272727303714246,-0.173058143,-0.248068801,0.725099697110195,0.0859415415727862,0.7267742229332838,0.2850752522949942,-0.220906509,-1.480336948,2.161994641075035,1.107196524920348,1.2452772959835114,-1.627680763,-0.331132943,-0.204286852,-0.609578862,0.1336436412656343,-0.478932696,-0.13947101,-0.386319164,-0.245223093,-0.070172332,21976.65,1
456920,-0.117160694,-0.294078592,0.4115331754750648,0.0605626852651914,0.4146492338887863,0.4084022347675495,0.9052885221549796,-0.47586165,0.7373277784077655,1.389146229181665,-0.500011505,0.6097969406048279,0.532523214292691,0.1765189927720812,0.9707620617500696,0.17642909942823,0.5937480934809366,0.0141650365742318,0.0881451459146825,-0.712645931,-0.012186402,-0.06354178,0.1113891404621046,1.1182154871432828,-0.564261133,-0.211561212,-1.593432433,0.34025774348785,17381.65,1
282422,1.6623158404656062,-1.06899315,0.961439393800272,-0.548070546,-0.400000652,0.7572278362561689,-0.079756399,-0.078203017,1.6435640111334482,0.8086261174726764,-2.401475055,0.9098360660011512,0.1795133687938509,0.1369554580776781,-1.614379771,-0.226771887,0.5659570762817488,1.416336979325245,-0.672303663,-0.737733663,-0.214503367,0.1069987203037019,0.1999132302014591,0.0841797793408841,-0.895559435,1.5184754922578283,-0.168935778,-0.16149315,23964.52,0
92873,-0.135741784,-0.264931497,0.8546914466545787,-2.001990453,0.376983133395865,0.3263555848178887,0.6782898916691091,-0.179525817,-0.256747863,0.8921489060799367,-0.433817942,0.3297756938466411,0.1484655686721731,0.6542460976803418,-0.76530118,1.8923160475070595,0.2687275786710613,-0.205407668,0.5774168972585089,-0.023010237,-0.169397664,-0.649201839,-0.205971024,-1.459258478,0.1546249201492887,-1.639292598,-0.371189925,0.350683964352398,14503.63,0
353926,-0.316231889,0.5249199132227753,-0.682689982,1.2668404724528517,-0.197542553,-0.167979267,-0.484902763,0.3285451829809983,-0.927869509,-0.638335553,0.8874507721236126,-0.859222008,-0.566013657,-1.189786902,-0.453857148,-0.684004967,-0.45827035,-0.198417182,0.82144647698743,0.3359943561295286,0.1395860082732568,-0.235343345,0.0545378728735343,-0.911646267,0.2713652539894892,0.8252343921360157,0.4804589881576796,0.0577872114811931,6678.43,1
349945,-0.295694025,0.2136660010850372,0.0145419115272318,0.0008661928559713,0.0201268038342788,-0.237528827,-0.048549768,-0.251374957,-0.205594761,-0.249977571,0.7423395742905505,-0.530342667,-0.988807808,-0.59257084,0.0989275203004827,-0.518718419,-0.616075023,-0.201653157,0.1468672081883325,0.0659750787820527,0.3708062533916366,-0.014529452,-0.153119337,0.2897764520424722,-0.124875173,-1.155955865,0.0394544972099652,-0.409011582,10895.37,1
426341,-2.207438578,3.067337807854853,-2.205526927,2.2482142351188603,-2.559153228,0.6579176355934004,-3.229455729,-2.265043695,-2.68938641,-2.673191363,1.0977832063594686,-1.561557466,-0.929365004,-0.855891708,-2.616110782,-1.519654749,-1.520980727,-1.695249657,0.541734137269965,3.15156917616312,-4.12092422,3.529170821546284,2.392078775778944,0.4509501980343426,-1.747963023,-0.491930624,-3.771002904,-2.084646016,343.87,1
545546,-0.324982147,-0.67101204,0.3533894393282601,-0.142688852,0.2116820874160045,0.6702033049744834,0.7076660628847737,-0.212938229,-0.030188315,0.7423597062812353,-0.993779155,0.1860239069776277,0.0113366472465466,0.1418517049254872,-0.587748927,-0.191595697,0.3210316137500278,0.6357578720592963,-0.966976875,-1.469305061,-0.354359729,-0.614037664,-0.253948211,-0.563971562,-0.273183953,-0.93558523,-0.26789561,-0.377254453,1774.81,1
212481,-0.513087796,-1.855124297,0.7301250102490093,-1.725441282,0.6026807087762868,0.6833719815024305,0.8620673602390855,-0.154111989,-0.058143887,0.4578431403349176,-0.905575277,0.8204296537474252,1.1784863278598472,0.4859306093545455,-1.279549613,0.3612902831564139,0.0353633900809503,2.1172763903038065,-1.579323858,1.04705316956983,-0.160761533,-1.220441696,1.732437945023644,-0.808936735,-0.406319141,-0.009111462,-0.605104375,-0.127170444,8698.75,0
282077,1.809904521727901,-0.444283917,0.02192901354468,-0.473353904,0.2684176553345007,-0.285564835,0.5225925124674659,-0.237031104,0.879314113045817,0.6000621035763641,-1.094119256,0.87121717437416,0.2630302714693174,0.9900545771575096,0.8897108005144959,0.3196163566444619,0.2974357435207413,0.225287633209628,-0.4571303,-0.415859377,-0.005320031,0.8285402488181727,-0.026714133,-0.045278905,0.3553742562751716,-0.222527157,-0.255663793,-0.24478488,3374.95,0
411069,0.0807773471899918,0.1338307158055881,-0.061733284,0.3993230872064295,-0.117403823,-0.28852967,-0.11048022,0.0043559947329531,-0.46861973,-0.32195428,0.4075815180720364,-0.521937125,-0.087234915,-0.554931246,0.8664990872675623,-0.542446543,-0.516516159,-0.794976443,-0.749479819,0.0835720989698161,0.0438889189834608,-0.343136829,0.0300408601152786,0.6265261353517819,0.159775306337404,0.0841448356627885,0.4360617118527516,0.5932396708554036,5918.21,1
113109,-0.120148827,-0.549297744,1.063022053646728,-3.79683008,-0.051918432,-0.219916511,0.5570422892948491,-0.18452479,1.3522253751209217,0.1481694168889637,-1.782298804,0.4685960725281107,-0.860990618,0.579462234178378,0.1571311282712825,-0.303088341,0.3098052463367683,1.831217464518551,-1.109756697,-0.866875301,-0.237250236,-0.278636498,-0.253570873,-0.276009007,0.1300172473133871,-2.903255136,-0.013993559,0.3807786617829503,1538.58,0
543039,-0.929094532,0.4511475512562324,-0.530614019,0.1097694206262915,-0.274731045,-0.214916355,-0.530481542,-0.203450333,1.1211040269452432,-0.424667944,0.8960387864016713,-0.982079678,-0.001763949,-0.619555316,-1.002555122,-0.214479605,-0.299201112,0.4597133377488719,-0.493190311,-1.341594049,0.7422784507650344,-0.401336461,0.3112738551688417,-0.30502014,0.3111212026095192,0.2033348047112523,-0.923588117,1.5457459372241344,15428.89,1
547277,-0.199177198,0.876135140680334,-1.029528542,1.5145737806057524,0.246190489809658,-1.227303489,-0.308830812,0.2217212388007712,-1.345705829,-0.788001818,0.9714666406529986,-0.955571992,0.7512218681472906,-1.515922915,1.0944976481891795,-0.377590653,0.0220477335140158,0.5029771032106888,0.2692581955329257,0.4682337638690828,0.1065221137907408,-0.508663264,0.1071419830199395,-1.259599534,-0.065028064,1.1058865445263182,0.2942255590214114,-0.084372309,21844.03,1
554530,-0.152568772,0.1566246925154029,-0.668315841,1.253680591830146,-0.822081887,1.557156180310539,0.8342269077815373,-0.643893645,-0.884258581,-0.290825696,-0.091458942,-0.491162687,0.6151744389279793,-0.652158576,-0.353882369,-0.291306311,-0.110101639,-0.121672163,0.5709030713886466,0.973829947806614,-0.441571098,0.7216229736521279,1.4096739673676868,-0.57596629,-2.676282234,0.2178821571194456,0.9970625827759186,0.2732556248233813,15775.78,1
443183,0.3665950642856977,0.0553064299501471,-0.099332247,0.4852168541141455,-0.119652017,-0.270394163,-0.127764789,-0.03763077,-0.395276692,-0.275304224,0.4490410985429092,-0.521758326,-0.090353581,-0.585492513,1.005952022414617,-0.528375117,-0.516980414,-0.803712457,-0.826261269,0.1194084351753213,0.0177885294698099,-0.465953391,0.0302775765893949,0.5820669613817068,0.6296562720268266,0.1020362743189279,0.4769096360244355,0.6371902262158823,18381.36,1
11513,1.079239527416438,-0.694010274,0.8588290712822476,-0.800164224,-0.107830002,0.3885080248057685,0.1428644189235638,-0.115347209,1.1350331264849411,0.7430001662441648,0.2946796155839679,-0.467917441,-0.819180059,2.04706824700069,-1.434334189,0.8213715972531374,1.1527922191666302,-0.313036751,0.290002948895101,-0.35871687,-0.147616468,-0.121556722,0.0317264622934606,0.302838039893797,0.4528171267865541,-0.649139073,-0.254672108,-0.125874215,14160.9,0
512870,0.322396604005128,-0.529740412,-0.042277545,0.2675291327926266,0.1632935951768959,0.4184631626988583,1.3464984235609474,-0.264484185,0.5937145595860968,0.2736102444700763,-0.519946639,-0.101788254,1.3592582480863156,0.4258417641226152,-0.630084165,0.8409115103594557,1.0542533345197342,0.5798584722331368,-1.162932486,0.4088155786895354,-0.124270118,-0.597105471,-0.197511661,-0.599034288,0.0419935260532492,-0.898876371,-0.274471416,-0.051272148,7790.34,1
321257,1.5824533874589557,-0.178241158,-0.327233236,-0.230779358,0.8770551609575306,-0.460746947,0.7844881844112889,-0.242131487,0.595868392891439,0.1460115887412547,-0.557701663,0.3455405813514631,-0.759358089,-0.103512522,0.3854462099477477,0.4557685357421511,1.5765395314021189,0.9557458145939844,-0.631347525,-0.355766211,-0.100879798,0.1949782183409181,-0.233182028,0.4844339254534932,1.3370597477078876,-0.566705799,-0.22841379,-0.059432762,805.77,1
291774,-0.342452348,0.5826262074492806,-0.884670668,0.3627382590997811,-0.177005372,-0.769812197,-0.169261316,0.0479449677710392,-0.527477439,-0.676514156,0.3666510738420454,-0.943544746,-1.155079216,-0.95339321,0.0740599927368545,-0.906836411,-0.712992174,-0.553758177,0.4739092570829512,0.0207391885499293,0.3571523902515628,0.6898638283617771,0.042752770767357,0.4953964486854996,-1.007744496,-0.559621248,0.3026513362126689,0.4025515723211778,9063.36,1
209374,-0.497656539,-1.170028876,0.8475616436255056,-0.853077115,0.1875039066849745,0.4617008008304288,0.8012645661435085,-0.177261047,0.8971794518071848,0.3442229207225583,-0.392415868,1.3071623047813985,0.5189870089761982,0.5679629011696236,-0.50265569,0.8560308590102141,0.1628576907252175,0.9934847377375656,-0.073055243,-0.303881275,-0.045855148,0.8344492209055949,-0.216384217,-0.363736888,-0.347442201,0.2720787636918584,0.7011740755941523,-0.077103005,23293.21,0
100287,0.6073719009391418,-1.091211529,1.285954458068522,-0.709545103,-0.427440741,0.0783625379902513,0.1960752597947381,-0.181556128,0.256981001473375,0.8075857172187848,-0.577947259,1.0166981607733645,1.5360303333906986,0.4701152907036751,1.6906176941665076,0.077987069347711,0.3769411050635782,1.5319369437746828,-1.583880864,0.070034415541509,-0.075449224,0.0080015224322991,-0.16712151,2.216822395217278,-0.394306805,2.062936013158833,-0.29805335,0.1146341176558326,21887.87,0
43009,1.007063186581077,-1.156080396,0.939605828059914,-1.169784811,-0.313059555,0.7351337995980526,0.0338797241620996,-0.141186238,0.0922253046176514,1.132735498073775,-2.195724198,0.4645694336669444,1.4712815245202169,0.1237492056240867,-1.410094602,0.0711007510471386,0.7363164962428611,0.4005099370821353,0.1704821403693736,-0.146418128,-0.155955082,0.0686095260107297,-0.333818784,-0.63995919,0.9099635411711812,0.117515682725103,-0.16056651,0.0076454213113264,1054.28,0
275038,1.6707883525981504,-0.450395507,0.2300409362898048,-0.159508283,0.2616703742282048,0.4614386980048082,0.3660190394935905,-0.129518115,0.7809470458601663,0.7407252609085136,-0.202370457,1.560064907875765,-0.242022172,0.9235406340194288,-0.738074589,0.640920855338101,0.2377103777390976,0.2349349393206916,-0.081005494,-0.420946314,-0.272607463,-1.035182572,0.5045006974716061,1.402325163913836,-0.759851121,-3.33960835,-0.207331136,-0.179774032,7504.11,0
310628,-1.623804959,0.941406857009532,-1.653075851,1.86232990365012,-1.889051001,-0.041374059,-1.890399994,0.2638761342143539,-1.851590054,-1.884014743,1.7516104800029686,-1.635783815,1.2643028955249875,-1.291914762,0.0714181149898841,-1.762986012,-2.030722284,-2.083962713,1.41332025619353,-0.578588299,-0.376727517,0.6548461672325103,0.933155114789642,-0.257059843,-1.54974763,-0.085979625,0.4792850701946717,-3.802746024,6667.49,1
371455,-1.119480932,0.5978786682463968,-1.024604509,0.8384494266789623,-1.008972687,-0.714061005,-0.699818966,0.6263981997207664,-1.242600399,-1.115275038,0.9960759632499662,-1.116524494,0.449179779140397,-1.140469977,0.5325968141704929,-1.173387889,-1.283486625,-1.191176424,1.111008716438025,-0.45905295,0.3233189573794607,-0.175086868,-0.619324178,0.1190117887019703,0.2194815049605364,0.545265202133229,0.1314522055888111,0.1219602221758793,21222.63,1
332878,-1.229294547,0.9816149728271508,-1.309560631,1.4876746241997416,-1.476916463,-1.609051004,-1.521555767,1.135226009723802,-1.785268863,-1.845853639,1.629019217417279,-1.731063961,0.4950418699881183,-1.644672068,-0.355267481,-2.014345402,-2.226770988,-2.212722668,1.745092722695272,0.0807872301412519,0.7322804894707439,0.0663792425777889,-0.142021957,1.1454246626287452,0.8949846825842643,0.1346171311859239,0.58053847481236,-0.306447805,3429.07,1
551272,0.99136514782893,0.469539079929929,-0.792975409,1.0929238733601625,1.019786840937133,-0.918907589,0.1821612041740974,-0.119254922,-0.837505,-0.496842477,0.7986266334375122,-0.710745972,-0.444469602,-1.330017359,-0.12718213,0.6663337606169183,0.5803741305535606,1.1844981132986314,-2.212418451,0.155354502305366,-0.062830671,-0.798634242,-0.064017191,0.6557618745559852,0.5414814631023751,0.1468224661027144,0.3717291268701987,0.7107681243809422,8286.01,1
331200,-0.862787682,0.3620213702493413,-0.60877073,0.9780428557720025,-0.467651772,0.2519630981946936,-0.444065663,-0.130560863,-0.403575808,0.0820123068766418,0.336529574557495,-0.895633076,0.235279064569211,-0.81134846,-0.816270945,-0.93384217,-1.205407718,-1.278354781,-0.517282052,-1.209541857,0.4894850252027755,0.1998300001534469,0.6138788374718209,2.175929553514582,-1.137448186,-0.802740499,-1.681794865,2.829385741666525,5084.03,1
383670,0.3732540374415667,0.3290537945793976,-0.774441459,0.8152420856559073,-0.427447524,-0.969784822,-0.597603456,0.1372636253618459,0.1164345166947847,-0.784003427,1.5149700709453102,-1.219315804,0.8235470142754707,-1.006443597,0.6487625123547491,-0.925613864,-0.672595223,-0.269452748,1.4881670848490482,0.3976526661927166,0.1849340594326442,0.0208937192925753,0.6895141742220691,0.2038190306614209,-2.94562556,0.7133922934618107,0.5667665205328207,0.3449766941796104,19565.94,1
133024,-0.054614496,-0.131391518,1.344458859997047,-0.645705919,0.3665955416275286,0.2689286541750449,0.6182147899527225,-0.119363618,0.1434204465071132,0.4874248721285425,0.2639294304432653,1.4300097394693367,0.3969173032688242,0.558145349566186,0.429406888795049,0.5962889316337772,0.469023948075504,0.1882107768424099,-0.417225959,-0.065814708,-0.163900829,-0.405508017,0.0091991454365463,0.3968926889625519,-0.545452984,0.1463844043171279,-0.087474582,0.1309568397423097,9009.69,0
447533,-0.751429669,-1.823079114,-0.49639819,0.5629185036103297,-1.011852791,1.5663981257045478,1.3374793488287675,-0.199990292,-0.035631983,-0.256225116,0.3271312652669196,-0.50787763,-0.599544485,-0.221241676,1.4148081841534634,-0.585529258,-0.626753751,-0.559683377,0.4587937274484916,0.731496691096292,0.1713418876217392,0.2294826058229644,-1.315133105,0.5409913472419214,-0.687852789,-0.351106978,0.6164046539568021,-1.260825922,7334.13,1
110302,1.2392189955494026,-0.549594948,0.2264218981567704,-1.205769024,0.2841571652403076,0.2464633242982696,0.4043810466354779,-0.207505414,-0.247878437,1.0092149310858944,-0.286172808,0.7674457245891956,1.330698926796908,0.7251094935316282,-0.367138141,1.4753292288306594,0.3409319679979533,-0.147497929,0.8741770493399835,0.0198748355738765,-0.032598143,0.3972431669372348,-0.355252725,-1.27833431,1.5367214471344737,-0.062185896,-0.269440381,-0.143022862,10340.19,0
546064,-0.679340082,1.0606786027705282,-1.264239127,1.7668906017603183,-1.110069696,-1.357002437,-1.46359748,0.7671931324966434,-1.370576043,-1.679008153,2.081411067830281,-1.930026767,0.2397675601725202,-1.734324386,0.4384813461711377,-2.001141153,-2.036465018,-1.932202342,1.8997359270636789,1.002051525810946,0.6922764468447609,0.4005208898257116,0.5516769232099743,-0.130600199,-1.859207234,0.9334055428682094,1.7788922790929236,1.5860068190700445,8828.26,1
201348,-0.150053624,-0.151389737,1.42784779958669,-0.878860135,0.1755473914186586,0.465058508904596,0.4909246049536943,-0.026537614,0.5270664116191753,0.165638121352683,-2.110763273,0.3830705243713738,-0.439962374,0.8823334255491493,0.8711191622287714,0.6743729738908779,0.3192246159494977,0.5922467704588681,0.3607627639260868,-0.257682003,-0.173384201,-0.621804533,-0.254655713,-1.188980981,0.588216004055857,-0.897715832,-0.307142276,-0.095669692,12510.17,0
436856,-1.054541807,0.805257902934382,-1.100555004,1.5022885695577997,-1.260637401,-1.402580467,-1.426147817,0.8348576068827621,-1.972843816,-1.709801187,1.6211640161034813,-1.698938188,0.5698371382022784,-1.672653135,0.1083672177539373,-2.03019349,-2.363319553,-2.307784305,1.5789470494420954,0.5970298654620094,0.7169282902385303,0.3050303949110753,-0.092347926,1.2056917989759184,0.337983931376279,0.3815060769777503,2.254826711212803,0.3666181224994045,9909.19,1
6655,-0.086526773,-0.030943109,2.418938313290077,0.4452095154088078,0.2213567151002371,0.3653239456331357,0.5219867004503831,-0.169844634,0.4767719104524699,0.8577856579876141,-0.147712612,-0.254856302,2.854427355843608,1.6897214219822112,0.6666225065017731,0.4869381362243949,0.6922695855654035,0.4416756024717933,0.1378631527508385,0.0637623334825709,-0.195680689,-0.243891197,0.2871166511665834,1.3659771008111603,-0.814533395,-0.108124884,0.107608502366237,0.3177140028565073,3021.57,0
437023,0.0824544542711621,-0.961497948,-0.199691739,0.5311178884914601,0.1939477574729337,0.1857100903936243,1.33714581258233,-0.298113398,0.1261647831031167,0.6114158718261156,-0.947508826,0.4910808762224245,0.4936025537220868,0.1750010304003229,-0.29988272,1.1061904985321924,0.6886903108010051,0.5817410581910897,-1.318341405,0.1895979069974639,-0.020305722,0.0878175242631751,-0.322868498,0.0139735771949952,-1.095497941,-0.647986724,-0.05899571,0.4255806832780396,20210.6,1
391313,-0.81236831,1.6437792880687063,-1.608614845,2.0375782735873127,-0.77766273,-1.646767219,-1.397040481,1.053407431976959,-1.75833271,-1.75453788,2.389776332277308,-1.899431874,0.2892420313843963,-1.996640627,-0.533145616,-1.794922615,-1.573118769,-1.500884363,0.64293590469893,1.1997165764535769,0.6288292419492549,0.1575657932969548,0.4153404445778995,-1.927237777,-0.682357824,1.3207748112645168,2.123250679246161,1.654280887942026,16982.75,1
554402,0.732912429985031,0.2320808988704753,-0.616271261,0.7688598530288141,0.2740423851380043,-0.259242396,-0.045699865,0.0079366428952326,-0.402736668,-0.301822822,0.7442363935429306,-0.41229132,-0.281346858,-0.878747858,-0.511997684,-0.350551023,0.0262783277965904,0.4755915968441879,0.7835899307451829,0.1442211023838306,0.03977970592674,-0.00426345,0.0892062918709919,0.3318307017932267,-0.473204032,-0.324928498,0.2110091294371594,0.0245653637858213,2653.11,1
260876,0.2592505053426507,-0.149718751,0.2861268850355289,-0.907908186,0.6758075199298648,-0.009938088,0.8014399226126807,-0.167609902,0.5280153524537056,0.2982961884822368,-1.263931211,0.3549478602123303,-0.528086747,0.316573839399426,-0.21930979,0.7345365904509948,0.5691358470990546,0.2523750537051089,-0.374330827,-0.15611534,-0.245935112,-0.832337945,0.0896352848004303,0.9668600826865272,-0.753897513,0.2856607307163159,0.0177423236803867,0.1009281377926315,18268.69,0
276527,0.2172468148053965,-0.182236866,0.5676929795784754,-1.04045003,0.5266445884279932,0.1080101711285188,0.7915408256549047,-0.162089638,0.328508677049569,0.5007754885004793,-0.33560308,1.2299656617687895,0.1133340468960693,0.8647700313800756,-1.128773555,0.5904702425243596,0.2185119248245982,0.2178874784681641,0.0603875703589543,-0.183562062,-0.197062656,-0.498217721,-0.013054616,-0.579519775,-0.8360806,0.3284354060295581,0.0546922346752172,0.1025447131085485,13552.74,0
95171,1.1883481692950018,-0.85080234,0.9192747908545214,-1.286610898,-0.354834923,-0.344371549,0.1380512932417299,-0.191111513,-0.320886712,1.38284531095224,-0.716186774,0.0007999346734747,-0.974810783,0.7082263823793008,0.8896158012368779,0.2713684378937644,0.7255649566479273,0.1724435914100409,-0.524025099,-0.573039291,-0.276714693,-0.908286565,0.261865067042611,1.7692401686563517,-0.098675868,-1.265699756,-0.211670322,-0.017278298,23244.94,0
100985,0.0267834217719841,-0.156014588,1.2764632758221095,-0.668643567,0.2962825038247411,0.3423132182554803,0.582644096070843,-0.079209117,0.2805851525256895,0.4664859199188649,0.0554455381876135,0.4491381235051186,-1.816621778,0.7941396608132022,0.7218877726566245,0.7200406851155706,0.4885155831587399,0.4083602054349755,-0.341018948,-0.19381868,-0.187313492,-0.584685822,-0.003924011,-0.120536387,-0.604006155,0.2187001147636878,0.0580038698208333,0.0943607312565375,397.3,0
82069,0.9749028124840848,-0.264292766,0.3235195772478768,-0.325580218,0.3592930975976039,0.0467172662841372,0.5282848845416553,-0.170947726,0.1978415788322435,0.4083165736051957,0.3895936581494366,1.6173056901056884,0.5479561441184957,0.3130550758195844,0.4192826531704135,0.6454027048041704,0.7820112597174914,0.3418090811928149,-0.633499217,-0.227306384,-0.118415809,-0.064900103,-0.068947881,0.3405068961654538,0.6878917125362447,0.8010884304740964,-0.256888952,-0.035978842,9477.68,0
220230,-0.387395077,-0.201132632,-0.026998002,-3.130908254,0.2947484778088241,2.471320624370287,0.2619237614651536,0.2530253298325327,0.0475052830837488,0.478425011702087,-0.887203862,0.6584622064906113,0.4574295474973021,1.0760361006191743,1.5437955230459697,-3.29E-05,0.4037219274262723,1.2086130646185766,-0.812983508,-1.187595913,-0.273727869,-1.013371644,0.1513146439753064,1.4661728324401249,-1.276783081,0.4703728265186649,-1.268760558,-0.953654399,4262.28,0
298627,-0.888402433,0.0493498947496897,-0.677195039,0.5079415368604666,-0.636011271,-0.783649853,-0.886927737,0.4809738986705841,-0.944013362,-1.291151127,1.171773303970672,-1.166861584,0.1030593290663746,-1.278315877,-1.679260759,-1.427595474,-1.618743845,-1.46949965,1.08663074938821,0.4905652631325784,0.3906124379578392,0.0689510408526943,0.5640865912415546,-0.23792644,0.5405111420258595,0.5206558519422064,1.6353467176495038,-0.244831983,23130.18,1
403321,-0.262405206,0.2273357990849426,-0.21430607,0.0516996505236158,0.3736254625300422,-0.264626503,0.0650393550389916,0.1039821984648944,-0.187036261,-0.60651101,0.6890385389622568,-0.394375941,-1.81012367,-0.87331886,-0.946196627,0.0370111988021764,0.3061395580697932,0.602791251281166,-0.961482925,-0.100163417,-0.037159388,-0.549344996,-0.228391766,-0.747192704,0.1292280934777199,-1.040792976,0.2065314741072798,0.3441537268970964,22505.93,1
363976,0.9431170239285926,-0.072691246,-0.010053416,0.1414272011998184,0.6182191546269012,-0.124754816,0.540780312921828,-0.155597014,0.6046026906918133,-0.069502113,-0.171925223,0.2614913732796625,-0.892837842,-0.587136977,0.4986696247100075,1.1511716177778273,2.660317126740743,1.3801372712593942,-1.215809845,-0.26041437,-0.25980545,-0.765119274,-0.151541334,-0.583015091,1.0096027603350293,-0.732652346,-0.124688555,0.1947755577951307,9835.22,1
399239,-0.586020927,-0.026891091,-0.696426944,0.9963839512891274,0.0824213749947282,0.4287498494943441,-0.300339115,0.242614263145149,-0.658513891,-0.633282462,0.906014482174484,-1.061903319,0.5750271218291606,-0.779080206,-0.61271395,-0.822386133,-0.626288508,-0.416741082,0.925283238104827,0.6661345098369328,0.1868018020201391,-0.064100141,-0.345087505,-1.546053913,-0.112729634,0.7061766907616102,0.8916847723880674,-0.135768463,9016.56,1
105051,-0.019751712,-0.050416419,1.0480851388382464,-0.679862921,0.3474133729715632,0.0728654396416926,0.7175036986724422,-0.162403518,0.3844128309143953,0.5121123364390792,-1.058320711,0.5117636713065363,0.437381032174793,0.4433257929426527,1.0895428951066477,0.8310883915164482,0.3759856268900258,0.3190318148775,-0.145524805,0.1024338778624524,-0.238240104,-0.741315824,-0.09547112,-0.337326335,-0.136535637,0.26134926689412,0.2046509315558868,0.2576022698903683,16998.19,0
180549,-1.920901208,0.3981460110603341,-1.200396669,-1.658370344,-2.032535576,0.0904241379309466,-0.78268334,2.268903128988996,-0.116924454,1.4407677397073468,-4.326503853,3.290855643888252,2.5136359782896758,5.659659745696307,0.5711495092270474,4.595286419434036,1.8937421145497173,1.4034386782013737,-2.290028744,-0.454961274,-0.098863321,-0.833755658,-2.439897142,0.2117877117766622,1.9303261536494696,-0.23267365,-0.331907267,-1.040884379,11785.08,0
139106,-0.701301652,-1.058392841,1.6509150905399823,0.0898512883252056,0.2496957450647616,-0.117991617,0.0150723311067749,0.1243386482528174,0.363521001402214,0.2782333882087359,-0.837546992,1.1359959685606476,0.1153760924303174,1.0596909750683163,1.3962888053756004,0.3311993641394067,0.7279623037752843,0.2050666163410744,-0.278480334,0.2067008325529023,0.0388236421025539,0.0369912143804977,-0.55578763,1.4425926724479747,-0.116165705,-0.813644189,-0.462566805,-1.116940795,11083.54,0
463307,-0.289352971,-0.599255247,-0.158658288,0.761689917253661,-0.362656552,1.5720085249438165,2.584602460346181,-0.338033557,-0.574190817,0.8110648092241514,-0.011402147,-0.153061375,-0.171625326,0.1625287750350239,-1.227320617,0.1156533766118667,-0.284877069,-0.052707718,-0.013782817,0.0952010155818254,-0.08840508,0.1865187141881597,1.4138129218621451,0.2123350538520042,0.4524768661960149,0.145427383324856,-0.582339769,-2.127402865,1741.81,1
483231,-0.686442451,0.2400366549114718,-0.564516946,-0.030984106,-0.124727247,-0.508775386,-0.310545998,0.1023985658633995,-0.287761372,-0.60473934,0.7837175397364744,-0.629595947,0.8170447308857968,-0.965543327,-1.355260787,-0.871593983,-0.841753934,-0.626833591,0.9183059115767764,0.0306758721718916,0.2178049953581949,0.7381049884248175,-0.354852649,-0.756675893,-0.408208316,1.0777808381009462,-0.548059776,0.0468375110180675,2250.13,1
197658,1.9132083816356291,-0.648315225,-0.165284,-2.047837794,0.3436278553990147,-0.151704559,0.4693461135534871,-0.229361787,2.022772496251567,0.1860201390854679,-1.371390231,1.0358659732314706,0.2489667727753323,1.0126834240545826,2.1816128068354512,0.0295124042630899,0.3052600791523421,0.5797066806637172,0.6302182164829524,-0.309801223,-0.004510261,0.8745756298049417,-0.148300987,0.1947823829685838,0.7882295207356789,-1.486254868,-0.213004184,-0.234290859,18029.52,0
366034,-0.529778907,-0.014873287,-0.342832122,0.6486701262981487,0.8924161969040296,-0.854693414,-0.337987967,0.0869844347753655,-0.833325191,-0.532951023,0.4476496101358971,-0.803100446,-0.202889452,-0.864769675,0.811838534550466,-0.647233987,-0.624426786,-0.259609369,0.8596027346146127,0.8320508505332558,0.1580933439064285,-0.405438946,-0.077642291,-0.805790368,0.5769461516998552,-0.020984728,0.5068096934750743,0.9725512578997876,8690.29,1
242180,1.665653347831808,-0.951880743,0.2209482682061698,-1.055592056,-0.115200521,0.2375298522738554,0.173686684732043,-0.163290691,0.5764317734464921,0.9178993097447338,-1.229478453,0.2647612490343775,-0.12713699,0.5351753486271058,0.3335207143656206,1.6006100826140344,0.4787822985826354,-0.380446685,0.2944024135408796,0.0590909476807819,-0.09646049,-0.292803678,0.2999019456887301,1.5081067348255668,-0.926804949,-1.318587135,-0.259257322,-0.131097025,12551.75,0
262375,-0.134601367,0.0782267067332161,-0.032414328,-1.165448692,0.369471177315764,-0.746500566,0.7972917239875078,-0.054024566,0.2903342253915167,0.3789853349732466,-1.70373276,0.3725910040934119,-1.368525278,1.893453827517739,-0.163459986,0.2539126043707694,0.4418910899423167,0.205850704184451,-0.361765377,-0.429839662,0.0095949530648031,0.7151549057798472,-0.144826902,0.1548503294948529,-0.490398931,0.2379527077811447,0.0535295285121116,0.384238475318652,707.63,0
389150,-0.578280187,1.3830648333262543,-1.491664678,2.005588318064376,-0.535847307,-1.503953463,-1.239654843,0.6861109260881282,-1.760485163,-1.780218138,2.454414583784569,-1.934537716,0.0564922981024994,-2.058218381,-0.551603886,-1.824270652,-1.625597595,-1.52444291,0.556667887458609,1.260441481019441,0.592488081195048,0.1795656158099953,0.120956484948252,-1.90965715,-0.633746541,1.3096342722725547,2.65303495498368,1.8342744875450208,2361.66,1
178978,0.0784170837929829,-2.222623465,0.2434884843974624,0.22969289088266,-0.40332735,1.1662566900841416,0.4371807858565252,-0.100101084,1.7916311272149374,0.4504936724527155,-0.727053555,1.3438993052619854,-0.472081039,0.5470597419135664,-1.030606008,0.8980560127857734,0.2560868019435965,1.326063166261659,-0.619155018,1.6993442912701535,0.2319133033433258,0.3055459205443697,-0.847627049,-0.598003651,-1.080350135,-1.597448041,-0.344163619,0.2838829214714263,11458.96,0
527438,-0.892832733,0.912009721777388,-1.146644316,1.6789392432577064,-1.129571139,-1.670312539,-1.452064701,0.7123958063567323,-1.646167531,-1.785464225,1.8944055066538437,-1.867265428,0.1632161072846387,-1.856297573,0.864834169669971,-2.036416396,-2.142154103,-2.005929417,2.244477795248238,1.0740134552062317,0.6956889149356139,0.3207615295092091,-0.044471797,0.8642355654727079,-0.484157238,1.2714858512635123,2.333873528797925,1.3565936610149625,18746.71,1
421545,-0.306109146,-0.585195629,0.1583902240734449,0.1208891685463395,-0.444485128,0.7560374079437023,0.3788094059445151,0.0058214828676806,0.0020928727580786,-0.153677227,0.2844114923340743,-0.268785307,-1.275568974,-0.171035768,0.2892965751281577,-0.340133089,-0.168439913,0.2339983682212131,1.221292206611508,1.192277109008542,0.1867563852035753,0.4682457576288875,1.0894226280213009,-0.149893024,-0.226683576,1.5915406346008505,-0.157426939,0.1015174681786524,2175.18,1
51653,0.4607660831435301,-0.97152549,0.6369410505165388,-0.470078695,-0.185316983,0.0708128208928144,0.4600519016942249,-0.153317157,0.6768055987908269,0.5503346260919182,0.0404477834984695,0.6076338128806276,-1.802710528,1.2461080957033974,0.8947485459792477,1.048853564221623,0.3042701325437594,0.4715829674679111,-0.120697522,0.4344458263743798,-0.091575129,-0.860194097,-0.148550965,1.153891346705351,-0.503074678,1.4073865279357427,-0.410166503,0.0650758960777389,16222.62,0
542099,-0.500981491,0.1839462083319669,-0.672717204,-0.062942089,-0.267783705,0.038047048226659,-0.417461358,0.3250986738580371,0.0710755290985242,-0.800110783,0.7504350134355423,-1.066972679,1.2633801899750032,-0.421175738,-1.663049934,-0.733377817,-0.84908446,-0.514158156,0.4517912412469358,-0.290512864,0.2053571587366677,0.3054025238248111,0.2152586241471676,-0.466735885,-0.59484839,1.0434363562374611,0.2032608352307515,-0.373995417,23842.05,1
518321,-0.387523569,-0.050264643,-0.661114086,0.7681631525528011,-0.559377672,-0.206143657,-0.395024807,0.1264755627248375,-0.930695753,-0.974633415,1.2276245756447848,-1.052225445,-0.3764893,-1.252301575,-0.275156583,-1.044647267,-1.100709748,-0.808537076,1.0345474314499137,1.6661244804775823,0.3411538785163338,-0.353867054,-0.120478758,-0.486839508,0.6749077665736467,1.9854130329714277,0.9686753628557484,1.3349826641126603,6250.44,1
48836,-0.144432559,-0.355645705,1.3284082146183425,-0.260595155,0.0760419056661231,0.4667038729878385,1.377822006669423,-0.287240782,0.2059925269563231,0.8137589349620281,0.1245275434089025,0.7879257623482618,-0.255935953,0.7555284874010743,0.5428241870648306,0.3234676679759732,0.2672625156285951,0.72203029122055,0.3052267803678022,0.2212216101774796,-0.078637723,0.5128455449207511,-0.032144701,1.178063502305663,-0.116659584,-0.88870068,-0.238733732,-0.697371573,19199.99,0
253972,1.7843386174598852,-0.438784605,0.1026221652069905,-0.444278825,0.2374595651017763,-0.248772574,0.5354265071490463,-0.243173497,0.7145943135762346,0.6118886052144659,-0.958138203,1.6342288644361047,1.4445117584585307,0.7133824430959591,-0.154465776,0.3691884557117258,0.3311176176075457,-0.229933195,-0.102200368,-0.292366626,-0.212707155,-0.569746872,0.3054974484713598,0.1953448723037715,-0.497868085,0.4354881019847815,-0.309725189,-0.234799125,20588.27,0
264768,1.732183363074154,-0.537274628,0.0995014259135612,-0.471459039,0.1382205062372831,-0.121583731,0.4198645588217479,-0.171534109,0.8702466264614453,0.7323129430818209,-0.234114972,0.6943627984780812,-1.978251515,1.2928115338903332,-0.51933249,0.5657693528796875,0.3212513627357314,0.2140480609103858,0.1302055600567678,-0.50200262,-0.204589829,-0.686227462,0.3448403573011107,0.0834221635395044,-0.73390482,0.4102723426262945,-0.337192645,-0.274430087,11649.03,0
169139,1.781799334194425,-0.814787318,-0.276654968,-1.651830666,1.1458933724009508,2.105898488678905,0.11225323395329,0.0485293615242187,0.268399088950329,0.6919039341379555,-0.331637187,0.3336125891583935,0.0537009285918172,0.191161656431422,0.599766445816109,1.6524427206554333,0.8820260012765048,-0.429065865,0.2106365685029906,0.0304426285443419,-0.228169522,-1.024251332,0.4428666074813815,1.159331529211503,-0.900124134,-1.680227691,-0.220394123,-0.132976378,10363.96,0
224209,-0.061319085,-0.060621761,0.2142837494445645,-0.992002909,0.5778170567092308,0.0985814555705093,0.6271783362061171,-0.043132623,0.2890366174498148,0.3039037469446821,-0.19664839,0.8356800206949492,-0.864159063,0.5590465167865629,-1.005813689,0.8416881333638317,0.5844142992308984,0.5492474418417749,-0.241907737,-0.336644677,-0.162848237,-0.498190806,0.1467161739969255,1.2605099063333465,-1.777807702,-0.014996578,-0.03310969,0.4059703454583184,3223.35,0
196889,-0.196993769,0.0464879960067398,0.7149976246185011,0.342546735351686,1.001515455059532,0.9431918473217648,0.7774065028430676,-0.096475034,-0.460210696,1.2495567039371849,-0.714623237,0.7942169775116872,0.478169814864784,0.8425168702367429,-1.862176869,1.0468122617609334,0.1707595297044472,0.3220284700433464,-0.510191533,-0.430483695,-0.152183575,-0.406354278,-0.09713119,0.3370508924863878,-0.627721392,-0.751890716,-0.77361397,-0.482718389,21387.52,0
550932,-0.212797161,0.8804742525154665,-1.044465054,1.5247229341318105,0.2069331584640411,-1.286071789,-0.324470688,0.2370136647953748,-1.327854614,-0.787270585,0.930126441873214,-0.958248724,0.7567372319654191,-1.51319598,1.1678493197539188,-0.37369712,0.0334233031588219,0.4672570162051242,0.2241287672021584,0.4429516243024249,0.1052764971808542,-0.527758115,0.1534149302108865,-1.196821135,-0.049895579,1.0988188807343746,0.2464684541088757,-0.185019874,18797.55,1
369923,-1.912967171,1.842720741627664,-2.127385927,2.346103314402784,-1.714796927,-1.083205235,-2.131702417,0.1600511576287896,-1.916806851,-1.898780458,2.1178735740272034,-1.700324278,0.9150330992237964,-1.645420123,-0.439707065,-1.482731052,-1.360415698,-1.431095362,0.3036738611520835,0.8133366248708874,-1.129036076,0.946480307717142,1.2456378301402051,-1.70316036,-0.165531296,1.378172972367307,3.019276487204696,-3.56128653,23031.31,1
125577,0.8697843896771907,-0.450996867,0.4424726613257227,-0.260719487,0.2315997476971053,0.5863635823498903,0.3605802573233239,-0.104285654,0.7373590530736416,0.3488629732565078,-0.018651,1.218458417082544,-0.38705188,0.1837053239457814,-0.692934284,0.5422131617323239,0.862605533144889,0.4755436580997401,-0.192939792,-0.16839317,-0.142631766,-0.184289474,-0.180046528,-0.612946981,0.6883755437686415,0.9476816130861576,-0.234031339,-0.018604343,4920.9,0
337023,0.3601961406516232,-0.168879885,-0.601234731,0.2006979283469851,0.0807497104325313,-0.759656627,-0.096178699,-0.086440112,0.526371548758354,-0.562329977,1.035025593293459,-0.790604997,1.455121956062443,-0.556683787,-0.80509408,-0.554594894,-0.377451985,0.0120217413828745,0.1918942640831131,0.2356410086906683,0.0745849172980431,0.0006103966633565,-0.055091109,-0.388564646,0.166984408987216,-1.470424368,0.5104819187177801,0.4975336719403209,19022.53,1
203547,1.714719050962694,-0.550314261,0.1067675146467472,-0.311989603,0.140112129034315,-0.094439548,0.4454345826950093,-0.210928084,1.119064021597585,0.6156485276495866,-1.48318899,0.8067708184308638,-0.320851317,0.7482751197161857,-0.644536783,0.2356692714858097,0.4173574304862654,0.0315801776177735,-0.160259175,-0.374113453,-0.070198347,0.3979701632629773,0.0119194701687536,0.2436641666235195,0.0899958820863423,0.9726260610546622,-0.299601416,-0.24564504,17671.47,0
491291,-0.709018466,0.4968880052536807,-0.955683453,1.5529428479405991,0.1127144351780816,-0.763930345,-0.316248308,-0.226503149,-0.28934379,-0.16694024,1.040371294047585,-1.27018082,-1.24029579,-1.682333986,1.5010087065428934,-0.924825564,-0.686666384,-0.33671344,0.699270907413019,-0.351672656,0.107605674507428,0.6465457103644952,0.361931293749226,-1.038948865,-0.761474332,0.7861278570278267,-2.435108856,0.9205916537416376,14763.54,1
420520,-0.218005635,0.2909438318439246,-0.50278588,0.0287305133051003,-0.070713429,-0.437901796,0.1134709181661763,0.0587045216399489,-0.270736213,-0.38034267,0.190723054762947,-0.547278691,-1.32156214,-0.52093739,0.0509687243380416,-0.328489598,-0.264569458,0.0882683105801031,-0.046769112,-0.173605568,0.1668071773706326,0.6532041827303778,-0.022924419,0.6810303459206333,-0.866354308,-0.100504059,0.1403238598288038,0.4709450720609357,3156.84,1
502231,-0.425764146,0.5654668844772979,-0.582410013,0.3458973009394578,-0.378568474,-1.014801302,-0.523100585,0.2642027783609128,-0.19072813,-1.008522905,1.4480458498030568,-1.230376678,0.4859393337478171,-0.985707856,-0.505185558,-0.759306585,-0.729276218,-0.329189142,0.0885160266580287,0.2890126981447741,0.1506585908140399,-0.494077096,-0.028536264,0.1745054403931595,0.0466159593509004,0.6808786914600617,0.3944367828314921,0.5435676950767541,11644.62,1
11321,0.362876015993737,0.1059879134709271,-0.138489581,0.1373871052130848,0.3781522391313372,-0.737883866,0.7536016701152835,-0.14851925,0.9799348422323688,-0.003967007,0.2081124050425696,-0.397861572,1.490577143594122,0.0574887526161722,0.2943847307898068,1.124220149211754,2.47720318061226,1.9406909373555163,-0.901246934,-0.041697765,-0.17757872,-0.326264022,0.3881482039229237,0.6167388487957058,-0.826023825,-1.130151165,-0.151320958,-0.206714381,20772.98,0
260375,-0.083744942,-0.200470879,0.3176724846341861,-1.117332332,0.7782254517291901,0.9804196212333406,0.5951243332751616,0.0422348419815676,0.2275983470644493,0.3492362223342562,-0.213358546,1.5649524486810642,-0.037150176,1.1792593118691526,-0.677391368,0.0732780929413697,0.560543730778544,-0.420878788,-0.811588726,-0.306837549,-0.096405319,0.0947288480456932,0.1585215375870108,-2.342648831,-1.629278601,0.5838410537493441,0.141197008393825,0.2967521304427377,13358.72,0
526126,-0.461533618,-0.016030789,0.2199511093355103,-0.170257404,-0.111847238,0.0131811443976753,-0.110084941,-0.003277425,-0.030159181,-0.205953907,0.464601586051681,-0.486269216,-0.764311804,-0.390774257,-0.344124868,-0.474934046,-0.806781227,-0.332465641,-0.173073292,-0.138771032,0.1592461360489373,0.6072110042493352,-0.252275959,-0.062515627,0.3475695856773092,-1.150111055,-0.573030734,-0.362713105,7993.03,1
298704,-0.288616935,0.225230989071376,-0.045501331,0.143791801654172,-0.086119277,-0.154870208,-0.117539878,-0.129334245,-0.322524971,-0.264677382,0.6835493758944771,-0.529312017,-0.976176309,-0.507413001,0.5492286376842508,-0.560350759,-0.582656504,-0.15668339,0.7511283571383756,0.028143317754038,0.3197801575515844,0.0791041622287041,-0.054210958,0.1389654970820076,-0.203240764,-0.826916076,-0.121482606,-0.297384463,6968.67,1
185990,1.5720745460380638,-0.972605753,0.4535517272845764,-1.095222483,-0.130134627,0.7762239927321928,0.0361794434605663,-0.07151202,0.6022316541278081,0.8852577105094718,-0.391494625,0.4525862307248285,0.0678112975499506,0.5484451179280432,2.327414669373353,0.9638758840737232,0.7734164769529429,-0.773553789,-1.237945715,-0.158195197,0.0597727323738142,1.045698879444898,0.3623641664125023,-1.018180214,-1.354118256,-0.508593293,-0.16011543,-0.171301132,22301.86,0
273535,-0.345677633,0.0478239327368446,0.8398424886005451,0.3565682831066725,0.76727084425258,0.2964540407723612,0.7893488150348432,-0.107785479,-0.357017315,1.0463765537333642,-1.898525045,0.5378406472199304,0.5626190661871718,0.7735684662876811,-1.572521155,0.9653270975855756,0.2410633225112604,-0.081534406,-1.400405873,-0.589444102,-0.17492848,-0.442568055,0.0414794113315576,-0.259151454,-0.244946474,-0.880727391,-1.10675949,-0.964249251,9920.18,0
94400,-0.270875087,0.0276436390326202,0.6934269934079037,-0.548713073,0.1612172774953977,0.4942048608545296,0.3863726681805583,-0.157401271,0.3311433245922647,0.2147609776079279,-2.072409695,1.6264914866808629,1.579401818323627,0.7394416745804038,-1.04538122,0.7032951901841568,0.3346400273104736,0.1418770895690631,-0.442142597,-0.717066579,0.1413716598300891,-0.679836447,0.0515752503699882,-0.794309841,0.1503460362423395,-1.765513327,-0.478804716,-0.405399891,13215.8,0
486366,-0.181305994,0.2198158214034714,-0.675492546,0.2756912010293526,-0.222879567,-0.882578203,-0.126056236,0.0196257233303347,-0.196831328,-0.563895251,0.495723541742428,-0.741796607,-0.834139262,-0.894040089,1.9620773728193075,-0.714992762,-0.285847728,-0.318010374,1.1007089336315636,-0.04687608,0.1174852542920841,0.1434334218561079,0.0550588389162648,-0.208698266,-0.28262592,1.3867008773849758,-0.559883547,0.2117074032742519,15091.56,1
213013,-0.870072633,-0.342123986,-0.112799411,-0.541064903,-0.148949259,0.6207606132618468,0.385000895233569,0.1776772708348729,0.7913759279819726,0.5417508471964795,-0.616344892,2.957597714571586,0.8918850165188252,0.9183444405721546,-2.384475024,0.4264427044271459,0.6058534131962217,-0.047781876,0.3753851650711647,-1.32283813,-0.268294043,-0.605070233,-0.271550213,1.8119476138199584,-0.041593309,-0.154127305,-1.400302977,-2.798692445,8444.26,0
164682,1.7971202132093815,-0.396450586,-0.098797049,-0.532511577,0.5686636000394313,0.287393220806145,0.4744497160819362,-0.175257026,0.596148515152122,0.5060497525619203,-0.147997552,1.5461238508810933,0.7732155023939072,0.3525682191083606,-0.605096313,0.894380047011928,0.4564218084627773,0.4797255356252952,0.1878567977505978,-0.256719282,-0.238220096,-0.783766855,0.2568156117296338,0.26467638884152,-0.429463068,0.4044516229235685,-0.308638888,-0.204383485,17110.68,0
316319,-1.400999155,1.2262404649198877,-1.591514106,1.2956205046601272,-1.583120693,-2.346306196,-1.879871329,0.8469579954732835,-1.281969839,-2.044564217,1.7771242972947583,-1.834735607,0.2845110626943798,-1.480123239,-0.015291448,-1.939575327,-2.013700214,-1.930080912,1.5853618725322811,0.0770539562252469,0.4861637705149198,0.8964003099813584,-0.527008853,0.8867804073148843,-2.513774704,-0.692573184,-0.510298849,0.2881857691922779,18678.54,1
410144,1.5027327555819543,-0.032006558,-0.104629651,0.6760607485207039,0.8194930122622691,0.0715129391299777,0.6360934785357156,-0.174202805,-0.253347329,0.6630810059738945,0.1796592094553619,0.6538699807968875,0.0115218532032425,-0.218970273,-1.186067897,2.1711884929553973,1.1899441554087071,1.241732999531722,-1.661707496,-0.336129239,-0.218413678,-0.723809348,0.1434492994630247,-0.522960919,-0.130060517,-0.466643902,-0.24200026,-0.043140028,3659.15,1
110312,1.058920929205288,-0.373597128,0.6029217306044959,-0.387261493,0.1050227476182609,-0.195190488,0.4814590519339196,-0.208535916,0.5248929400194297,0.5838257189895113,-0.82895409,0.6842750489303774,0.0039444227191794,0.9117875347792412,1.1179336702517957,0.5563389363843538,0.3381769336355337,0.1105078925866684,-0.35854043,-0.280151135,-0.106262284,-0.031929576,-0.080761411,0.9058986098779522,0.7528884171835483,1.0742175762664354,-0.294369389,-0.082751048,7377.84,0
132183,-0.056760633,-0.163209808,1.8676103199738976,-0.85659299,0.3576255839293793,-0.156140845,0.8273675765480165,-0.200673124,0.3737031228532662,0.3049082735301451,-0.969374216,0.0638445455966561,-1.853202751,0.5730529402397071,0.8573829375271527,0.9283471053877654,0.3732425931411455,0.3204980191072564,-0.814750195,-0.278190398,-0.228917903,-0.846082618,-0.230675628,0.5889242165042124,0.1336582750240481,-0.012888471,-0.439897043,-0.473624475,10633.28,0
445754,0.3138010279756437,0.6399326233104957,-0.794938825,1.2080987171693405,1.0062339757394176,-1.094883232,0.1059764806624846,-0.107600548,-0.682252085,-0.775680427,1.2274997821968383,-1.259294474,-0.172161552,-1.260767868,-0.736836962,-0.065917077,0.5033922922641121,0.9239636337676576,-2.086442544,0.2261720153433346,-0.009862677,-0.593706307,-0.605382557,-1.223113566,2.4965521850540884,1.1631486302395506,0.5349662462825381,0.956134061671842,4292.38,1
487583,-0.051373961,-0.316576226,0.2852284667706242,-0.854804743,0.5055151893269748,0.8702129341450209,0.0863244362082209,-0.648658373,-0.426326166,0.6605283029856447,-0.318775792,0.2359882168235028,-0.31900775,0.558243768181447,0.8823082315085722,1.076819936392419,0.9962618506353604,0.2224794581798825,1.6760377171830505,0.6544392564249327,-0.506131439,1.0448733441388534,-0.181869227,-2.148991257,-0.037894038,0.5976188092497773,-0.301959612,0.2630716225034586,18421.86,1
359014,-0.816071961,0.9122224894405716,-1.010256223,1.385316762128095,-1.228760834,-0.6222531,-1.001898781,0.4745647410232179,-1.903500767,-1.563402674,1.654734761002816,-1.679454282,0.719175906920173,-1.568415341,0.0918910431293095,-2.036328281,-2.199874641,-2.159675283,2.262810693070741,1.1906459207634437,0.6655318950542709,0.6316707134101891,0.0034587196045945,0.8864729458497216,0.1850923913560302,0.5512452482514602,2.567884484278649,1.7250519636121353,21557.53,1
157619,1.707867991350165,-0.514348561,0.4052117255601342,-0.388255871,0.0276370229052922,0.0474396678034816,0.2597267224056491,-0.18482247,2.6345017698976463,0.3708327467491984,-0.4781784,-0.212259393,1.4899743311447935,1.942490111607909,0.431721401087452,0.5610387778039501,0.492099702036837,0.4827710801346604,-0.587584301,-0.470925509,-0.209366673,-0.396339143,0.3567033740898263,-0.227367101,-0.749713301,-2.550813048,-0.201303593,-0.179481929,1162.76,0
217670,-0.183794922,-0.393306578,0.4726309907869322,-1.070734409,1.18771286103091,0.2452844452426774,1.0231680314242408,-0.339041579,0.7258030780424144,0.7735579018112055,-1.574766843,0.7755406978972521,1.3845077220644824,0.3755772056582364,-0.385979403,0.4007756974594677,0.1517654388000572,-0.059760676,0.129428775671657,-0.56419417,-0.253956282,-0.347431031,0.4398026648938962,0.1644839345860658,-1.321433424,-0.045881383,-1.031603386,-0.205855343,10460.96,0
114557,0.0550835439573199,-0.062163916,1.339695448492498,-0.602371134,0.3232309279914792,-0.105365869,0.7457121459277923,-0.18697876,0.1583538270999747,0.3873338775672337,-0.585048409,1.173310814339252,1.66068961196626,0.3825291492341888,0.8315898636377111,0.6755686145558261,0.4167907846970349,0.1243582361810516,-0.301230027,0.0465414979403489,-0.203608162,-0.548237981,-0.05714253,0.7926450518614244,-0.263961029,0.1664792116044376,0.0683141039589867,0.1452612394864718,16514.06,0
290746,-1.116682995,0.2951889132719815,-1.04691849,0.9876609434132704,-0.699693606,-1.037718324,-0.922650374,0.6780094957277388,-1.24932211,-1.240883372,1.4125993942154156,-1.256713434,-0.518955075,-1.392058708,-0.103537341,-1.282003337,-1.408780349,-1.214752689,1.1264151935560538,-0.000596201,0.3112227164998332,-0.2541309,0.2775932561403472,-0.771092463,0.6812209662387946,1.1470172946136734,1.3767614132043964,-0.27706759,1598.7,1
536438,-0.461535549,-0.429807082,-0.272032354,0.1045788553035519,-0.831650315,0.7564559282821227,0.6486924957009066,-0.009587552,-0.268474225,-0.640929144,0.8260881513983409,-0.28223232,0.6816834297779043,-0.622205872,0.1159499879120636,-0.742434027,-0.416883425,-0.265072575,1.570458161725096,1.525326655757046,0.2001561974862361,0.0990866471372464,1.448079790910127,0.5452218291082604,0.4119022526358046,0.1154757938378884,0.1406294897578614,0.135370728284529,17701.28,1
423986,0.1199503374291611,0.754043820579038,-0.859050373,1.4451048340316286,0.509912530387673,-1.11804405,-0.083433532,0.041807973675934,-1.223337527,-0.687426819,0.946973480833195,-1.012017328,-1.288519025,-1.446589693,1.3492088079101423,-0.280021254,0.3045385373365322,0.9148928997284674,0.1260827761553622,0.4225225560560516,0.0711540728598615,-0.436472611,-0.072657923,-0.895868217,-0.737778886,1.0339469070662706,0.5307569064028921,0.5916347873192911,9027.79,1
245881,1.6658862803024286,-0.597413006,-0.162411894,-0.399708086,1.4620401161587648,2.482685663333959,0.2283964301217473,0.0853973116333343,1.1650960552919465,0.6030198042888967,-1.105701315,1.2063287349527754,-0.438782013,0.6833012430246658,-1.350527821,0.0253840838642324,0.4684573393797236,-0.224273928,-0.069340691,-0.393983977,-0.241158357,-0.661236827,0.2539500068128921,1.4398112755689592,0.0667369017682679,-2.075629591,-0.171887655,-0.218793657,21804.21,0
470975,-0.950373556,1.6273599307773958,-1.436197635,1.7238473374160654,-0.576565412,-1.583572478,-1.242649243,0.9095609577464306,-1.925662327,-1.914436292,2.390500247161612,-1.927636781,-0.120629856,-2.027443198,-1.372222252,-1.73234035,-1.64592781,-1.551234113,-0.717098253,1.117088803871081,0.5822258326332035,-0.275153924,-0.356739056,-1.928775576,2.21611583149236,1.2740610928726883,2.107374205361212,1.8624806671208312,12804.68,1
543833,-0.630806189,-0.390335092,-0.40472771,0.6170131963967476,-0.372471408,-0.50107087,-0.187836216,0.1587018556153636,-0.611239852,-0.671468872,0.9848986905565256,-0.800636049,-1.380073481,-0.826807387,1.0455069474001413,-0.712894281,-0.716477314,-0.154840376,0.7618051832026471,1.675779459718938,0.3101581882712313,-0.071272726,0.9470533047482648,0.4025018292408147,-0.021748458,-0.606047139,0.875062337006023,0.4408703649656608,9373,1
112634,-0.328106408,-0.450822833,0.77606696987022,-3.177457219,0.2356171042144358,0.2028374484159668,0.8406146088948571,-0.030100995,1.0357729206596245,-0.253991438,0.0496221483186396,2.116132975202316,-0.684967559,1.2283790632838627,-0.352405332,-0.089972187,0.5087312337172283,0.0071406478145556,-0.758535877,-0.226199875,0.0077626268000195,0.4650948242496912,-0.156168328,-0.471711714,1.7035665268013105,-2.263262189,-0.360186461,-0.248747303,8350.65,0
332536,-0.737540615,0.2556668348464899,-0.603400966,0.2204894746823383,-0.365971926,-0.166780543,-0.344269483,-0.04270408,-0.616549011,-0.772204408,0.9913776291356488,-0.843546718,0.413915664901076,-1.019901675,-0.04897309,-0.947573772,-1.049504273,-0.661133609,0.8469381046168549,-0.191767079,0.1682486037707337,1.1747958294376826,-0.163484469,-0.798983488,-0.000840735,0.2866997424392766,-0.065940901,-0.033962158,18886.36,1
259453,-0.583648374,0.0451276436680332,0.5080883033979053,-2.847453182,-0.317217514,-0.087570633,0.074813916967111,0.2612344152837967,2.252060727652879,0.1169420711211368,-1.84420338,1.555457424379058,0.4756203989673064,0.7895698649064179,0.516794781056061,1.01111798757686,0.2880006399158535,0.7826450950728563,-1.208099971,-0.164706773,-0.005935112,0.8986891257455002,-0.04165283,-0.242284898,0.0119940762545134,-0.896731033,0.0186493543874177,-0.160533497,22908.89,0
528172,-0.651704998,0.1039034505173008,-0.239037172,0.0141679843024677,-0.053082333,-0.221526851,-0.26323221,0.119999518888466,-0.191268817,-0.547266936,0.5989874112949132,-0.41451884,0.7041380606306966,-0.815054189,-1.685863114,-0.649939863,-0.664571752,-0.42387341,0.4221244999949025,-0.089962815,0.1493952802483949,0.371851013105127,-0.627991373,-0.377095762,-0.015158587,-0.089658691,-0.150551747,0.2747160953860142,4448.63,1
126319,-0.050262054,-0.463710369,2.430094066403801,-1.098327976,0.1761821574350284,0.0757302721469393,0.4448462675008517,-0.162066911,1.0522257947036495,0.3063091863616873,-1.288928454,0.4965036926621441,-0.600064739,0.4027824069804284,-0.348304849,0.6307097005497188,0.3182677880326102,0.1667280423707662,-0.491753374,-0.157405013,-0.123373033,-0.002286087,-0.095514152,0.9460622354884416,-0.884487599,1.5779452103339269,-0.366343476,-0.323929006,8610.09,0
356099,-1.091618013,0.9336227231789616,-1.080932964,1.7464515896298352,-1.302939564,-1.128346021,-1.515339926,0.9513458145354884,-1.872204221,-1.694074063,1.5979069173601386,-1.755831531,0.4066069064384476,-1.655405867,-0.454431393,-2.104543866,-2.263968622,-2.273162932,2.5437901814574686,0.7060001144958926,0.7082946046816391,0.2102138668085746,-0.058737126,1.2352378038279286,-0.323453633,0.6376001155433814,1.883490285222274,0.9864036186663944,9809.55,1
563524,-0.917844416,0.5157581742091079,-0.734853804,0.7900600829923919,-0.731135703,-0.513695021,-0.65831349,0.3017913376223612,-0.717237881,-0.710436752,0.6963635463945463,-1.03461857,0.3682606539068214,-1.040918922,0.9566724555601122,-1.132043705,-1.224022655,-1.145741327,0.7717037257437372,-0.16546595,0.3686728606943176,0.0991574550436219,-0.124668296,0.7373881201724533,0.0434509412898567,-0.508545158,-0.518130801,1.822247741376204,19026.52,1
247279,-0.149949024,-0.095242435,0.8810769396745091,-0.920191186,0.3825563470886399,-0.16874911,0.7153032873139934,-0.119361715,0.1202810411471949,0.2500485871948617,-1.226305264,1.0774364783705164,0.9040652813333606,0.8544466983260112,-0.359680587,0.4379604170426356,0.3865570000824797,-0.124608369,-0.101981821,-0.325184403,-0.202673501,-0.785057011,-0.168159019,0.164882448381945,0.995080884773633,0.7158019361553826,-0.644157499,-0.455848113,1150.19,0
60630,0.3495726377877011,-0.113657752,0.9736335241908836,-0.078475287,0.3416983648819272,0.2881835224105468,0.6538550014727812,-0.194971268,0.136612093101118,0.6652831244528941,-1.107758994,0.8987902425250488,1.525880781878647,0.7589151426798388,1.7845390717877996,0.2143324227772738,0.3817126617944296,0.4796166242162861,0.9715472226715984,-0.00041846,-0.05147262,0.4933698120498595,0.0366394581819676,-0.124661569,-1.865151245,-0.971312572,0.1461097109154234,0.5287126348522335,11609.92,0
371770,-2.371710714,2.850439630222071,-2.289634427,1.2400828336154732,-2.868130807,-2.636570303,-2.216552465,4.683015887384275,-1.128030915,-1.255441672,1.1142615582482165,-1.028589024,0.8589241285792569,-0.89831472,-0.104248878,-1.210119538,-1.414219636,-1.44237439,0.5497571627525313,1.4269923599230672,0.5617221136257438,-1.551868089,-1.111554069,0.3345532760599521,2.920196066044863,-0.512315751,1.8051270067676768,0.9174612945987288,11546.84,1
462966,-0.970832284,0.5192973898891086,-0.796846298,0.7525155962858522,-1.005381524,-0.356932114,-0.670498371,0.5024814280587973,-0.802402966,-0.953158711,0.6805848886164622,-1.018867962,0.3292927247302052,-1.016678093,0.549413308510811,-1.221910944,-1.21771834,-1.241736266,1.4425312628005025,-0.280371626,0.2588213240317201,-0.420356561,-0.370727521,0.4286891536378032,0.206735940935714,-0.906571335,-0.429666564,1.0065111592592373,5965.3,1
64180,-0.289453137,-0.355108436,1.6515238211085206,-0.405286594,0.2756688038906703,0.9868326293808822,0.390725461074749,0.0827398960495521,0.4368838868968757,0.2206873845286812,-0.27278099,1.6610299825814878,-0.611426776,0.7609022053519987,-1.718955617,0.1370423548466211,0.59759397400349,-0.045054921,-0.962443994,-0.292456998,-0.02710897,0.3980953012407586,-0.079450438,-0.46453542,0.0974175547142388,-0.972834878,-0.21236106,-0.153600714,21957.72,0
112331,-0.058315917,-0.289181896,1.2970256599437442,-0.680972875,0.3681542885868935,0.2622058659827843,0.8324300198452828,-0.144878006,-0.045193837,0.4249996816694785,0.2163045987488641,1.6507658130197238,0.5312809304001292,0.995600489275318,0.1114908055176643,0.4202311342363071,0.3580888196649389,-0.101732041,-0.13935301,0.0581061100409189,-0.184976898,-0.803357614,0.4834994491389683,0.3963162425460052,-1.462832908,-0.319794356,-0.15623989,0.284078673067253,14868.27,0
314208,-1.937997891,1.911460405285984,-2.145606156,2.343503675824682,-1.75438772,-1.11514027,-2.158780895,0.2404449779781639,-1.911955136,-1.890888615,2.101596972962483,-1.691086608,0.9596725532180692,-1.629222267,-0.457615659,-1.472332374,-1.348779121,-1.427539349,0.2839766284640269,0.8153398869876688,-1.126534288,0.922872913338242,1.2893250662133595,-1.707331115,-0.079600163,1.3881801331237482,3.0002908865015465,-3.56936882,19227.05,1
297012,0.3300524602785192,-0.180030585,0.3313355175717762,-0.300914053,0.4480188452980703,0.0327030651339604,0.392555246949384,-0.355778557,0.3188672179509713,0.4229450322318806,0.1448162792902698,0.7185540161519003,-0.746682666,0.2811815354558575,1.0077645656435872,0.6319240225893599,1.026329282317041,0.5094731685354085,-0.432629035,-0.551163206,0.1990316768246241,-0.431502918,-0.094341216,0.1388693459298585,0.2691796803423152,0.8968579657422525,-0.038097955,0.0604602880634275,5203.18,1
216067,1.7011825886255507,-0.551518673,-0.097654321,-0.729612112,0.4357969180264586,0.1764473265716569,0.5215545933801944,-0.17869106,0.7402552904146225,0.6457043907113156,-0.256181604,0.8878464462056097,-0.947905178,1.3836969111171424,0.2010777614538031,0.532877730411518,0.2373004977209894,0.3773198471443451,0.1878069765721255,-0.300810833,-0.143741631,-0.443423469,0.1671749532678366,0.5496538633212885,-0.254337428,-0.421242943,-0.325651739,-0.245089011,18288.78,0
304896,-1.183163714,0.2271042372369106,-0.96047559,0.9757422576182824,-0.531187708,-0.691219471,-1.191428966,-0.017361236,-1.093096162,-1.236231536,1.3267584625604072,-1.242419561,-1.66648271,-1.244419356,0.2084102933574084,-1.441089129,-1.435573005,-1.331767716,1.67747854010716,-0.092495584,-0.134228224,0.4490818598906223,-0.606291118,-0.847066193,-0.590165024,-0.373624366,1.4551933538457018,0.8079774003586508,14912.52,1
550328,-0.396577624,0.1079051775610847,-0.908699343,1.0165505477459968,-0.524016764,-0.857766958,-0.651635402,0.137357867893588,-1.325174946,-1.250183624,1.6294552651445686,-1.312654241,-0.151588056,-1.581154792,-0.12319156,-1.24526473,-1.448236057,-1.161168203,0.4773156826241726,1.9049800287316736,0.4181478593175435,-0.735087072,-0.771159816,-0.645455514,1.1277647511961466,2.1741268545002312,1.54759564677406,1.8669866280184115,2933.27,1
368515,-1.921946432,1.867217965232888,-2.133899761,2.3451869494749,-1.728926233,-1.094689758,-2.14138897,0.1885681368599034,-1.915082546,-1.89597134,2.1120751888336247,-1.697036987,0.9309513487821444,-1.639657604,-0.446112364,-1.479035127,-1.356271325,-1.429816934,0.2966378701255074,0.8143789812768475,-1.128092213,0.9380422031546976,1.261514402468706,-1.704684141,-0.134892225,1.3817262362758065,3.0122655905300206,-3.564033738,5241.66,1
183364,2.07288131005574,-0.871568871,0.0124438366699577,-1.658588856,-0.020300445,-0.041057835,0.2079004754141977,-0.230237576,-0.464990253,1.632020140217877,-0.208797703,0.8281486722775199,1.7462041904500754,0.6088942031978964,-0.700418689,0.2538254982709688,0.4309988385091772,0.6818073884707313,-0.159838034,-0.518280086,-0.057118664,0.7828792942629272,-0.021809803,-0.482715384,0.1552187765910678,0.1653419597559087,-0.248776138,-0.273264561,14961.33,0
258281,1.8164565179135876,-0.488739196,-0.012735197,-0.596514862,0.4357605457741531,0.3035949552436348,0.4649186604504001,-0.184483665,0.6859230660644863,0.7015061710309748,-0.546817456,1.4505855605750213,0.5667750862613953,0.909779522012483,-0.68687582,0.7204411525933095,0.1815976037486943,0.2653619794440539,0.4547564991359319,-0.312517686,-0.224120006,-0.701309724,0.1726034611597628,-1.675456996,-0.379453335,0.5407561738283251,-0.322236758,-0.290146396,7201.67,0
196794,0.1951083033138655,-0.153253581,0.2061296053387836,-0.633602646,0.2813665193373507,0.3099286692183204,0.4555486739262117,-0.262153501,0.6727080644323432,0.3948170191650361,-2.42543323,0.5823499847388582,-0.224518247,0.8624802192757434,-0.853077278,0.3455168786168036,0.4172212048232826,0.2936888381937886,0.2040296379749646,-0.64493142,0.2461323024690826,0.2341057058453364,-0.010227798,-1.037420144,-0.552782233,0.9826726709512597,-0.318392362,-0.306467947,9127.31,0
189535,0.1242839508560063,-0.716874007,1.4616566261072892,-2.134799093,-0.220474798,0.8949680502933612,0.2572054179052617,-0.116519189,-0.42554065,1.12525518921644,-0.250267354,0.5671937836927192,1.3596009740809245,0.3126687963177568,-0.62254466,0.4105355978662817,0.4620759286879637,1.0222825141984149,-0.045860296,-0.388140452,-0.085327829,0.5104406014978891,0.1636495353639331,1.5115376284576254,-1.604577749,-0.769175574,-0.038073656,0.3429246310146063,15738.35,0
83361,0.0506974645339895,-0.186374705,1.8971346371290103,-0.089002014,0.2978782506502609,0.4381947415925105,0.7344592277534221,-0.176260943,0.3804353788813933,0.5507716830164061,-0.889694198,0.3717837388473284,-1.305240094,0.7435750861968877,0.3995961402804925,-0.132040254,0.7189464980275209,-0.062389221,0.3446418901728929,-0.150767822,-0.124083357,0.1422259026359016,-0.236231468,0.844992870743954,-0.05700964,-0.552018258,-0.262694502,-0.368356342,6520.29,0
296051,0.9792871607225688,0.4574672302375864,-0.803809583,1.0598163835804224,1.1107975197865596,-0.664432161,0.1599912818711281,-0.089846742,-0.898644812,-0.471016559,1.0686977546688614,-0.643033718,-0.511337976,-1.314919387,-0.637498416,0.8328836292643663,0.4813628251030644,1.6498424769756272,-1.905917696,0.168428440270533,-0.054227465,-0.76973362,-0.10281489,0.0859960022203979,0.556057714754369,0.1519745839051186,0.3670986317699435,0.6865564413925213,20288.91,1
544835,-0.879670565,0.5394177111696237,-0.695369365,0.6974358051304054,-0.642768932,-0.098360468,-0.764863585,0.0818830338782721,-0.530436491,-0.794343392,0.7546672510318099,-1.007612519,-0.995701077,-0.996663367,0.78842119755876,-1.338436516,-1.033843937,-1.355123114,0.91385746630718,-0.512793633,0.769413598803008,0.0107921561505199,0.3891667063570874,-0.203277581,-0.672303435,-0.615144461,-0.667365682,0.0324092742230166,15288.94,1
314457,-1.101079486,0.6450393527176232,-1.170347546,0.9517048535912952,-0.996233248,-0.804888689,-0.779618458,0.7444868615175808,-1.397329169,-1.264263847,1.428266655001137,-1.224560406,0.3168409020752616,-1.441772614,-0.416651692,-1.088179389,-1.358760732,-1.101109916,0.574744970823598,0.0084123184524751,0.2627203381456316,-0.423980141,0.101022678580345,-0.614985268,0.5520313070920103,2.0104035338174366,2.1217983661371043,-0.966494885,18938.4,1
293547,-0.334691421,-0.219325524,-0.574005919,0.653040323969754,-0.410617882,-0.262427855,-0.279938888,0.041555783190476,-0.84722037,-0.811153018,1.1936410823512864,-0.995797636,-0.792615379,-1.113634099,0.4317553587330527,-0.876554218,-1.013044748,-0.703517813,0.3826060180838888,1.6255435819257225,0.3270818220784679,-0.278731527,-0.159487778,-0.447792805,0.5570349684201505,1.9432256368532423,0.7407318380752086,1.0895805817786488,10719.6,1
428106,0.1966456677649513,-0.511988439,0.56403417451427,-0.422637983,0.1354669264083626,0.3865719602627906,0.5052441525011746,-0.31673108,0.2003487831509541,1.2128296204849658,-0.18348463,0.3781368409507857,-0.17983666,0.2638666454361358,0.0837816308531118,1.0291927857155172,0.6566924794609559,-0.035045528,0.5795451437512223,-0.287353014,-0.04391625,-0.136654339,-0.097020058,-0.173460489,0.2152335071887396,-0.514202443,-1.013708532,0.1884565979566407,11742.43,1
254217,-0.023952979,-0.326454403,1.900627067931196,-2.114563441,0.2254948208111176,0.2791560308880463,0.9378787370135756,-0.278342133,1.2068166637481723,0.1254646369156657,-0.54730319,1.3957635148956316,1.2621654917952545,0.3777124772231982,1.456644764281984,0.0025437427002394,0.3659911128639829,0.0757309612649761,0.6832580782740515,0.0923961901041298,-0.215361824,-0.352730874,-0.238193136,2.5080194308397954,0.3460012990727063,-1.184973275,-0.624354835,-1.021754795,17701.67,0
240949,1.7287945294933105,-0.442244692,0.1033925729643746,-0.458094494,0.1760098627702253,-0.35879404,0.5052698253416562,-0.224702458,0.6312114990291959,0.6725608506477314,0.1347503235052496,2.036190878134453,0.4952306689163364,1.094015980019443,-0.109522162,0.3461682141286437,0.2702268480140893,0.4414129117768396,-0.351462038,-0.391250499,0.0306035394420747,1.0754038891118345,0.0284353928646066,1.2879274166635248,0.2130943285207142,-0.375203327,-0.259505574,-0.250360038,12141.53,0
180250,1.706130535954841,-0.697534043,-0.067953526,-0.947662488,1.1080952740390273,2.4107417570655967,0.0756955214533687,0.0998750865407438,1.4385476935171275,0.5378249229300627,-0.750194213,0.9926366162889138,0.0238012792821729,0.701245339289912,1.0345469749667504,0.4657570099081335,0.268961034885499,0.3662610864823183,-0.527883128,-0.321472097,-0.028243584,0.6253681368832325,0.1430541203240941,1.5738311549583024,-0.178187175,-0.441460497,-0.166328382,-0.205894244,5092.09,0
518897,-0.923838452,0.3688333373723059,-0.733404285,0.5298152991222325,-0.984908025,0.2204600630617907,-0.53468378,0.3420900578633978,-0.583191755,-0.765791684,0.8075789132985565,-1.051799443,-0.24689232,-0.960520714,1.2298345639906842,-1.209318142,-1.283751605,-1.19693705,1.500945678819779,-0.73525325,0.2560095054824162,0.5700446070748384,0.1838665462630888,-0.402082415,0.1710450776682085,0.7060768183010516,-0.92711568,0.0244328227757058,8180.29,1
310832,-1.086362981,0.1351028812610451,-0.960084548,0.9806942331434532,-0.632581188,-0.816274641,-0.902929906,0.5807714643290549,-1.145165302,-1.227459202,1.393634571739765,-1.277121887,-1.081031468,-1.352845901,0.1248531403982921,-1.390619774,-1.436856843,-1.280426572,1.5221106815586385,-0.259819843,0.3065138150126445,-0.071163789,0.4555523240572027,-0.878778447,0.8003078939958308,0.4810503937444323,1.1824762095507684,0.0400512859249499,15662.29,1
415689,-0.68674496,-0.337501193,-0.314288781,0.6723130282956781,-0.457952419,0.1124848503831545,-0.159343237,0.1078648246655554,-0.669552721,-0.592016834,1.035264694439797,-0.852122265,-1.008165053,-0.832126821,1.0812015592372743,-0.83902999,-0.913946728,-0.577665892,0.5901136090028207,0.8497452533070954,0.2482363476576451,0.3928664154069137,0.9939344745217208,0.0592495073147939,-0.027969629,-0.185313747,0.9516969594332078,-0.310524292,1586.2,1
139113,-0.17332306,-0.395579354,2.3483461144807904,-0.872875145,0.3629223370650131,0.1915313227863819,0.3693726030734079,-0.160635368,0.8949854979382378,0.5277307279224148,-1.320285525,0.5145869239934201,0.5990031666307224,0.3840446233161036,1.171739995352744,1.293618701515046,0.1023903311447809,0.7620387147052942,-1.114385406,-0.128941986,-0.029858783,0.7729793597349403,-0.387923936,-0.072591936,-0.548363752,0.648516023205166,-0.070066638,-0.23233782,9964.1,0
155454,-0.754660853,0.313954041964162,0.0147298505973657,-1.456583971,0.8482136022701565,0.4362262603161238,2.059294187817158,-0.593773405,6.048858975682241,5.858975831472574,-0.174364048,-0.357004194,3.2080584262895027,0.074069908598659,0.341938865658642,-0.10569732,0.0989310416459929,0.2975323569773772,-0.440297302,1.9446740961248183,-0.58638708,1.0247512377162653,-0.372819622,0.0646093423062077,-0.12096183,-1.407352951,-0.913044474,-3.102887409,18940.54,0
153182,-0.265771752,-0.281538154,2.211259701027134,-0.196876705,0.7506473072479287,1.020971941246594,0.5772848302816775,-0.387193206,0.7939971591795377,0.7619424495032635,0.0073335986674215,-0.177914823,2.107868863064698,0.9095802085219254,-3.248909883,0.7592474689186549,0.5161931504559938,0.1632402041044788,-0.56838575,-0.463841264,0.0840141061852203,-0.212760476,-0.580135882,1.9317477816526616,0.4659003399769892,4.081433118403475,-0.690646822,-1.30766914,15679.91,0
231190,-0.175886937,-0.435061217,1.7248776094744631,-0.933530781,0.5226892845905396,0.3817472252817279,1.1524224423594662,-0.369833793,0.8460769503339166,0.9135626085061584,-0.043325173,0.5012649668576792,-1.027262555,0.3974309767611686,-0.39803925,0.4192236368405878,0.161354763303393,0.355108746010819,-0.090079482,-0.500716063,-0.228745587,0.0272305459956517,-0.264735265,0.0975925163761356,0.7995605045208678,0.4716666986089323,-1.292275563,-2.639146525,20524.75,0
249885,-0.032716889,-0.463074005,1.2301031759948835,-0.912140544,0.5983153749123222,1.2439489047959276,0.356409447847013,0.0116752555007101,0.7405575485664928,0.3300460422187782,-0.221117145,0.7529136069827153,-1.184286642,0.9129558256689464,0.9279314298066887,0.1176619719022047,0.4817996775075664,0.2278427647019467,-0.790456031,-0.290106375,0.0966191062590615,1.531604884743622,-0.155842985,-2.227815072,-0.946821908,-0.013764013,0.0453018621110274,0.2926323130445021,10013.41,0
4898,-0.646941546,0.2671420106815989,1.7304470595594696,0.2700080556815821,0.0210890526987416,2.0576591334748247,-0.302044042,-1.5817787,1.458071871061797,1.3266813725321709,-0.259583169,-0.496740761,-0.325335175,2.192713392780015,0.8213864653626238,1.5008841422711126,0.591096684252811,2.607987071057693,0.4978100002441468,-2.433616007,2.4400544628088565,-1.852495994,0.2893105332521392,-1.677898161,0.0745806506398789,1.019341083802055,0.5123212126148895,-0.609000763,10034.25,0
526605,-0.02437875,0.8901180172727675,-1.025510405,1.4975547300625696,0.3072639257319225,-1.011582106,-0.317645206,0.1918693329142497,-1.35974019,-0.78680922,1.1918602216888703,-0.985004788,0.4535352418210369,-1.552768488,0.7423747430851615,-0.440437811,-0.123828536,0.5468576195417982,0.4099173524363157,0.6370441769153673,0.113925078508096,-0.50254476,-0.015836937,-1.614327462,-0.095535674,1.1246334251598478,0.5266811724958318,0.2685976991849468,15785.76,1
444927,-2.543487798,3.1978500705072026,-2.437675579,1.2651562891212698,-3.153849982,-2.780286613,-2.380865987,5.494423018610986,-1.082382222,-1.194230556,0.9402473861739676,-0.899785476,1.289793768816218,-0.688260714,-0.174177301,-1.093141194,-1.323780363,-1.413221673,0.3681595453254157,1.483723057265761,0.5713329093795038,-1.769115192,-1.139705998,0.3533620837484599,3.5794441817790825,-0.480300886,1.5853119851301776,0.8108476148102197,2842.17,1
19548,0.8864707460406119,-0.3939024,0.7576394114636779,-0.04426205,0.1492332509455551,0.2746058160276626,0.4953710487805829,-0.172582593,0.5891963952828202,0.5309523795097604,-0.680633237,1.5266109942154875,0.6408297512025153,0.6738419836884768,-0.254789002,0.0513605776468554,0.5616084520627642,-0.290778554,-0.664637808,-0.243266401,-0.122961295,-0.001114479,-0.088312821,0.9133429656986292,0.9747562784152558,-0.812199672,-0.193936833,-0.034079884,6368.95,0
67958,-0.382416652,-1.071440102,0.6076373192346333,-3.114519664,0.2324415147214283,-0.167795439,0.5613572420146712,-0.217914774,1.2401856842016012,0.3014657897189087,-1.683903644,1.5134024152059984,2.183815056891922,0.3341627457385144,0.5328486004596424,-0.363005373,0.2783509775849533,1.7953120245649632,-0.103385573,-0.839096649,-0.315074485,0.0995316772978334,0.9512451435766648,-1.059871018,0.1628763303563981,-2.405208585,0.7012664572774956,0.6484297867469441,13458.7,0
272296,0.1074161492511348,-0.420940622,0.3403150370757809,-0.334109262,-0.426600223,1.6428420604722438,1.2564496431889247,-0.209380945,0.8035384081742073,0.6607209056305634,-0.457139359,0.6348543888711431,-0.058569598,0.6830959091332364,1.3703388030453325,0.2515747453225691,0.4041474730059741,1.524619765254557,2.090532789014625,-0.479112448,-0.020823938,1.3462824670866362,0.1815378383975871,0.6320622838423681,-2.388043086,0.7348454442157302,0.1609234802684856,0.259664100773586,4436.03,0
175604,1.6772925053887469,-0.637310162,0.3324832254992405,-0.536481711,0.051759953913341,0.5388528879189767,0.193938475186537,-0.117598099,1.160025679905565,0.6620100228771993,-0.197959596,1.70445887575084,0.5093464778534247,0.6204419071040829,-0.406050774,0.8253687077991213,0.22592702304183,0.6892513854130204,-0.195072996,-0.273394793,0.0033444414722079,0.8679400716065061,0.1292096753577145,1.85551480791296,-0.504962853,1.4160268086233587,-0.278448951,-0.221439388,15294.32,0
273379,-0.078416651,-0.171098292,1.487256599736348,-1.078598761,0.458437689144027,0.8378671714452501,0.5802418002817875,-0.108494106,0.9166943875142656,0.5804876434596622,-0.926620027,0.2299279237485205,-1.533335108,0.796546492648604,1.1042036053323343,0.7412669425655178,0.1416414144563014,1.5125082584027258,0.9806824633494292,0.1410366327179989,-0.22573358,-0.545992739,-0.488374748,-2.330236873,0.7397271548629296,-1.499763702,0.1006712362493967,-0.21305127,13861.11,0
457450,-0.313893924,-0.600979947,-0.09605036,-0.539712778,0.4368550327725311,0.1904291390127862,0.4712356070014418,-0.069714757,0.3227906142975958,-0.149076815,-0.566370524,0.3140841990561079,0.846878066637985,-0.067913965,-0.493407878,-0.046304999,0.0979220822247708,-0.043950349,-0.105920805,0.1895173907185051,0.008271393070118,0.0448344565007208,0.0043048771354789,-0.084748328,-0.70370718,-0.375068507,0.0338451464269195,-0.262216528,14580.28,1
540190,0.9917735698988058,0.4761405412330775,-0.791899063,1.0926845013442286,1.0360298035997153,-0.917518478,0.1887820379084319,-0.124256924,-0.855633259,-0.499327311,0.8102442330793889,-0.681535866,-0.088540042,-1.337668067,-0.159460743,0.6520568453760903,0.574505476049466,1.1361866351052732,-2.219841762,0.1771641701044149,-0.061393457,-0.775500265,-0.067561159,0.6853647394864303,0.5610556198042178,0.1441380337343074,0.374860366937396,0.7129515292346991,4449.53,1
198911,-0.392053588,-0.617623511,1.6041086355522152,-1.004239947,0.4938746006822289,0.8223218804365715,0.6508875870148478,-0.100418389,0.9455022262307272,0.2246026964627644,-2.323903899,0.7475596442249443,0.6668367561232198,0.301815079300507,-1.179785548,0.7477260257049693,0.2300700455208749,0.1927330554797333,-0.278894404,-0.095008736,-0.253438394,-0.659497096,0.3292919257260069,0.1083206063024533,1.19399921990359,0.3122120726152919,0.0275582406357793,0.152997028996146,4683.63,0
461416,0.8859932204860445,-0.381193941,-0.086870734,-0.290518348,0.176920687716301,0.0434096021170101,0.3357659515388954,-0.158279282,0.7056526160213527,0.1284550578173155,-0.678938034,0.4495340479857564,0.8696498392962247,-0.046945338,0.2976969239421738,0.1220201899198786,0.2905599962109813,0.1179855745624629,0.3030952001256584,-0.024302896,-0.105094035,-0.251553123,0.1146422189648965,0.8251384570195305,-0.174178354,0.2119499829409806,-0.15317083,-0.027380033,17227.03,1
213629,1.5560383992998623,-0.667779393,0.3286060370902066,-0.483353068,0.1942523503747904,1.028166660628716,0.182987642025061,-0.070259092,1.3158554044421502,0.5315680605510493,-0.792901284,1.422357982318638,0.8515272090735179,0.5522466683431281,1.3104614854533605,0.1488940209064992,0.5574062179712265,-0.423609431,-1.491858315,-0.380389725,-0.000191307,1.016685124666766,0.1995186749083049,-1.696924658,-0.846287641,1.3861867150831313,-0.197787585,-0.231981734,3793.27,0
17884,-0.114207039,-0.632534657,1.6891463526907655,-1.057453842,0.1775031530160802,0.4317959493752529,0.4524796414457215,-0.090857165,0.8385497144907352,0.2701003764794409,-0.420550306,1.5345195616312377,0.1599473790834438,0.4619057107357007,-1.718772605,0.6901858892402036,0.2787354885744147,0.3797889823566513,-0.012772371,0.0777716536552921,-0.083736036,-0.031307637,0.340952463787312,0.1568247248968226,-1.437820468,1.3672494191670013,-0.153108362,0.3500119947281745,12611.48,0
27531,0.1827077767284669,-1.209468547,0.7795567601575956,-0.035592303,-0.115705867,1.1029229997333458,0.3969638974332511,-0.067416062,0.8310167623733283,0.4770200453340313,0.0524594271573458,1.4908405611938798,-0.318484016,0.8239579684168239,0.5969348049730879,0.431372317413744,0.4238046850207699,0.2963540165840792,-1.162342872,0.7500069615405487,0.117864900795504,0.4831013631893974,-0.544885187,-0.403828555,0.1022802474867606,-0.649084498,-0.249492177,0.1790154373341952,13661.1,0
379006,-0.267890056,0.1228953091659342,0.0525682160254413,0.1267179514201253,0.2036030607656415,-0.185501704,0.0299538952123064,0.0050751346288998,-0.267988385,-0.365123363,0.1425921654859403,-0.529440081,-0.947545711,-0.629971405,-0.842924856,-0.18552612,-0.427301538,-0.079223851,-0.736425879,-0.010357694,0.0354822268911117,-0.178057557,-0.188291163,-0.538182883,0.3446716156738118,-0.681946984,0.1509975848932092,0.2002257798338743,21870.95,1
10908,0.861641047011532,-0.345059475,1.724489759326014,0.3748673095707128,-0.004817824,0.7067738866653743,0.2206655839173708,-0.109081222,1.2345433262664545,0.7208710041394585,0.2595452504917341,0.0131678023566799,2.0572063771949844,1.5357942069240222,-1.758535714,0.9939563914285507,0.4808098096569861,0.6508604748645659,-0.972892024,-0.309551753,-0.166634912,-0.139594486,0.026802712182582,1.0106247806330997,0.2846783291855858,-0.25469168,-0.22401208,-0.039712025,2467.6,0
163086,0.0430316055030014,-0.578730636,1.3541985997381043,-2.197030566,0.3467976952386082,0.5717124309879711,0.4650417559314115,-0.153375105,0.0476978129371359,0.6372296996746252,-0.431704607,0.3342504764382846,-0.058275857,0.4193923318010004,-1.164836775,1.874338861586168,0.2532755619959129,0.0814687293265342,0.0042813431008403,0.0429021899850749,0.0476529377821183,1.018832875405286,-0.297193101,0.7935324865145948,-0.078028181,-0.566625489,-0.316994522,-0.323802347,19718.92,0
299297,-0.172158821,-0.28692127,0.437529557524885,-0.535584677,0.6099051542979842,-0.059156928,0.6056852029458873,-0.163044598,0.5679125048508284,0.7220478773828589,-0.211290598,0.74879178979522,-0.165075156,0.3666317559605923,0.3310692578328734,0.6050196479994395,0.5664976059213342,0.3872309854942657,0.3427274153489618,-0.416127352,-0.31052327,-0.601630138,0.5733861148223689,1.085982545927305,-0.42656775,0.5351506753930725,0.4054684999818409,-0.096153772,759.15,1
15613,1.1605913178729446,-0.978065752,1.415766064264078,-1.394462907,-0.372199502,0.6423951422276221,-0.072193237,-0.104291189,-0.162370618,1.3717921833500957,-0.222747487,0.8186328377015768,1.5600076718810183,0.2672296455539206,-0.42871776,0.5620885509962481,0.454535296821851,1.197266135749365,-0.245975487,-0.384344297,-0.07156789,0.6934689865830925,-0.121377356,0.1426761003533845,0.4090104850459777,-0.003009301,-0.127485685,-0.031853946,4064.9,0
231568,1.661773934967033,-0.650673647,0.315606001456312,-0.484751152,0.0398863792616915,0.5683225236250325,0.1770115631984012,-0.088682097,1.5031867114545998,0.6092445555454116,-0.312871064,0.9593611232901488,-1.239145806,0.8498288357580485,-0.03514259,0.6602404985465381,0.2565212996301914,0.9397086427716604,-0.219151285,-0.441835482,-0.010797826,0.7250486072594182,0.1472846484259816,1.4962344241335277,-0.360508127,-0.608911597,-0.206570383,-0.202330657,591.93,0
110110,-0.160882284,-0.546000411,1.9251333870208056,-2.095432115,0.4365246666331032,0.652765335745958,0.5545224599686224,-0.203013959,-0.015731623,0.8552096413047111,-0.201040695,0.1715262377414059,-0.53043632,0.4341522693791119,-0.110117932,1.9102231499030755,0.2525264779344219,-0.232194083,-0.203505252,-0.128107564,-0.123968261,-0.106280777,-0.421372709,-1.456096606,0.265730982428032,-1.386655581,-0.783720899,-0.997129799,18692.94,0
280371,0.0758688622398757,-0.055903322,0.5189462536637255,0.5107053331377595,1.447778370504557,2.9501800696182445,0.1463546133426269,0.2625824044400775,-0.453572532,1.269122134146469,-0.983022489,0.2938086033320259,0.2976576119009169,1.0327138370888436,1.8662587008463265,0.6842505164289565,0.4282733001027231,0.7230943346688853,0.3682873482326181,-0.022652133,0.0364257809879331,0.8015037236773676,-0.01790759,1.5261028618119892,-1.463143908,0.8598327646306086,-0.047128656,0.2482745819734298,21467.7,0
171479,-0.461038212,0.3663166577811648,-0.113273694,-1.691725571,0.601008071644382,-0.389874141,1.0683748806883933,-0.195007086,1.4718616222878378,2.338603087895822,-0.305880945,0.7491972056779189,-0.890825059,0.8932409461617653,-0.706284415,0.1816340583295248,0.2027570762146027,0.4247858357858405,-0.214972927,1.0202469647476875,-0.112826438,0.6289981794324575,-0.197382408,-0.70087709,0.2559951159310053,0.3268983066085999,1.802034138720344,1.9537349799117745,2904.61,0
135997,-0.143885133,-0.292933107,1.621173124478343,-1.195611914,0.5409526195084678,0.6795620225388285,0.7134804323792662,-0.071708706,0.3412167033891057,0.2088855387090245,-0.042440168,1.6914827354298658,-0.151826976,0.6799043989352912,-1.659556637,0.3836399212474056,0.34698213600331,-0.284857576,-1.888082718,-0.407180262,-0.104741079,-0.03465617,-0.069402627,-0.472337237,-0.256347951,-0.058845176,-0.176259971,0.128526642719776,18195.25,0
568541,-0.874041952,-0.567941381,-0.605940812,0.5122315396225149,1.391343324023361,-1.212004275,-0.72764629,-0.162956524,-0.843724442,-0.58449527,0.7077784859788973,-0.564083946,1.219395696784805,-0.622659885,-0.14359523,-0.889080962,-0.941317405,-0.674964941,1.2969113703089945,0.5436079566521056,-0.059300883,0.2078976875613495,-0.478763079,0.0889955975453799,0.4194647068479315,-1.087461789,0.6841685661402054,0.3822701216139135,75.76,1
360220,-1.856123548,1.6880033834368202,-2.086365289,2.3519900186457816,-1.625117139,-1.013969106,-2.071252926,-0.01240154,-1.927608187,-1.91624808,2.153659552921424,-1.720577981,0.816046017361891,-1.680833692,-0.399983815,-1.505635165,-1.386021373,-1.438820941,0.346953260406671,0.8129838223728861,-1.133936443,0.9987501188664082,1.1530815429728791,-1.694365425,-0.353202536,1.3557464355103992,3.058462443672452,-3.541701009,18455.61,1
479621,-1.75375738,1.2402183166500242,-1.563755242,1.1329876456942882,-2.190048016,-1.5634973,-1.977247739,2.3732661491411537,-1.74291891,-2.083783348,1.178202269131827,-1.44768875,1.6812051707131632,-1.263615946,0.8141712711139593,-2.05389044,-2.155407405,-2.176787395,3.49469158539676,-1.244093081,1.004520162973929,0.8360556668506763,-0.279107953,1.6535047668354774,0.0679090484020896,-0.947311947,-1.615538341,-1.766496682,17070.84,1
218678,-0.115803487,-0.232010367,0.6807099667163927,-1.068793903,0.6884541472602315,-0.197086565,1.138913605729638,-0.360563722,1.613124815651235,1.5695124084865095,-1.070251273,0.2297808308426181,-1.125155044,0.3526316451727092,-0.053967778,0.2174327986653121,0.2183875156579086,-0.151075682,-0.387502799,0.4123174034542696,-0.371521881,-0.597396359,0.0680229734411064,-0.209923669,-0.695343711,0.1550832080142765,-0.272744743,-0.965606558,2561.45,0
149252,1.7813466260009445,-0.467103345,0.0991976448751158,-0.433724979,0.2772629861533945,0.06925011253329,0.4056334396606061,-0.195976441,1.7879270258457924,0.5565267578811283,0.081956541742703,-0.167070687,0.8242292841936727,2.4697587979950817,-1.296808911,0.5945110192809641,0.4850546468624945,0.3969780981594695,0.0874810715121356,-0.481029604,-0.275395523,-0.832326101,0.297602120060479,-0.718603297,-0.626140701,0.3766981475291552,-0.358233633,-0.298007615,18904.26,0
376658,0.8934693933687645,-0.31019539,0.713718629272615,-0.370351731,0.2594293125622618,0.2328806380317996,0.4838103696513817,-0.191477356,0.550603178692636,0.4977747803544787,-1.200409808,1.2007892297125626,1.5750669918543911,0.6609252351033403,1.1028862181225076,0.6255780417866406,0.2195626965318188,0.3142683296309347,-0.191644528,-0.189507228,-0.129316879,-0.097225753,-0.168666573,-0.532397397,0.9271332093221692,-1.051222569,-0.185212181,-0.043788721,3263.67,1
23030,-0.095057274,-0.227996487,1.995348584299316,-1.235360579,0.2464493429053092,0.039169255352028,0.7234205903571072,-0.173832279,0.4791120150286163,0.1657595085220253,-1.162546467,1.171943450315278,0.8718373222235056,0.4300035030965505,-1.178017406,0.3668720530243608,0.3855476869875673,-0.113944986,-0.466617816,-0.203160175,-0.124434515,-0.022481367,-0.406328684,1.0656167665047234,0.7854048146980674,1.957380830893404,-0.296825857,-0.000546228,23585.32,0
209245,0.2386144061304034,-0.873580938,0.4768465658557654,-0.294364572,0.0726161002756052,0.2081896414557198,0.4926769434733259,-0.168545869,0.0921717989761394,0.961183076753402,-1.878220562,0.3172677505966294,-0.002867961,0.7078081751709183,0.2957258973960868,-0.224908618,0.3967312091761592,1.9468180670469464,-0.643108129,-0.124162286,-0.111755911,-0.015383602,0.9188280916248824,-0.372629927,-1.876592602,-1.816770986,-0.099425345,0.1677182490045049,12167.05,0
123771,-0.316424169,-0.053156991,0.941490396550382,-0.106666173,0.1235291979644757,0.1825637416988284,0.4792462993103984,-0.025180215,0.0992094327103754,0.6035326350194231,-0.655541803,1.0245247633674304,0.7267957591280878,1.0621045029227432,1.7255845907974872,0.163525797858438,0.6090147727467107,0.0996516985096531,-0.09014897,-0.253127016,-0.01292757,0.7490394921546528,0.030492063822944,0.9147633015094888,-0.405563473,-0.549206233,-0.391383595,-0.852480118,23302.99,0
129760,0.5685349597972056,-0.889089977,1.051425836320442,-0.480681555,-0.149207628,0.6967087860550281,0.2876395982718663,-0.099946591,1.042713821230714,0.4196817269107508,0.0644823218175883,2.433573566187055,0.5649957634173567,0.5175545270731435,-0.861635822,0.3136734766337595,0.5163057249960028,-0.068099796,-0.013220375,0.27330585646067,-0.097239874,-0.250057455,-0.125833353,0.7207576030262862,-0.186911538,1.8321585194312189,-0.309191564,0.0136075810678279,11440.97,0
342770,-0.572251328,0.5254526926252291,-0.593384174,0.660222709591122,-0.422279194,-0.113900548,-0.62008073,0.1600258658559104,-0.844507354,-0.875965381,0.926345341489238,-0.993431876,-0.381185869,-1.05825376,0.3638472653012237,-1.236613838,-1.064982053,-0.993963711,1.6775067289126715,0.2695932443043167,0.4842787516848299,-0.020999984,-0.125293536,-0.912133584,0.0414115645154383,-0.149412298,0.5398514408845713,0.6052787966737722,478.27,1
480184,-0.470782317,0.4864254694649479,-0.712916258,0.5928645180641896,-0.601685782,0.0759451274117837,-0.423533574,0.2937288786565225,-0.864307704,-0.914283334,0.9615233537983592,-0.966983849,-0.018714402,-1.089039849,-0.41530043,-1.084285749,-1.10715849,-0.768117473,1.5617422165618335,0.5786928973851322,0.2530072946195648,-0.03003698,0.0204827818519824,-1.285383011,0.1843771859232955,-0.197171934,1.1470966140213368,0.776106480135865,14246.11,1
205377,1.5749872994408691,-1.106001449,0.8822175547946212,-0.636476555,-0.324270435,1.1309210349470844,-0.097247321,-0.032391731,1.3298295061286007,0.8756233904653654,-0.72743029,2.00560097040896,0.7726819275096964,0.1554576572415814,-2.230000687,-0.171963912,0.4661862194266981,1.8773377175815829,-0.444704715,-0.596924218,-0.183664354,0.2152308375423105,0.2055101710595357,1.8175935182482503,-0.912436939,1.402915720084434,-0.179536105,-0.152741535,21856.22,0
298999,0.4653658933744058,0.2659906935897661,-0.679674557,0.6502829716488541,-0.28674819,-0.672241072,-0.465842005,0.110405381732924,0.2084709470513341,-0.647803727,1.2501862618874269,-1.075762566,1.6426677630723154,-0.816727724,0.5051066027216977,-0.729370564,-0.517525008,-0.079172681,1.3545917376491667,0.3280706615030434,0.1214542157399903,-0.004899392,0.5476149682930792,-0.478283499,-2.583034553,0.7629474638651763,0.5091643099025929,0.1745336675326423,18085.25,1
135752,-0.199457155,-0.713653407,2.085650421923824,-0.683983832,0.1260799558346283,0.459426803467694,0.3226984596873464,-0.098343113,-0.416770928,0.8470592510072739,0.0962857618600764,0.9507886711533664,0.7206010691510757,0.7714631044019233,1.1965564209626,-0.264409355,0.539591853239772,1.854629138068504,-0.310112795,-0.002950931,-0.067059754,0.3133013939833081,0.1222733137894468,0.5550504464118805,0.0447110845697075,1.695444399416844,-0.218390893,0.1136224113137801,21824.7,0
524818,-1.704516521,2.599199263414968,-1.205390552,0.5035268915774673,-0.94967396,3.226002264832025,-2.323094936,-6.027711908,0.2733890173381638,-0.698893089,0.9902737999824864,-0.707780298,-1.89197721,-1.183117215,-0.287686755,-1.230970688,-0.722382799,-0.990629654,-0.169995932,-4.118596471,8.087080028016498,-6.450353018,6.343132317756874,-1.0750483,0.3498809024854172,-0.240261075,1.534445136055664,2.1541018884187397,19751.01,1
78424,-0.002937901,-0.187929023,0.4398429840538314,-1.309559528,1.5516185959583717,2.165859392968408,0.4788536705304823,0.060298050266782,0.2404871250005024,0.5391481980143189,-0.715724025,0.4718358695096174,0.0264588038031951,0.8493274620432977,1.2400230372598178,0.8320227008636228,0.1884122572274761,0.3786015722060505,0.114582026525972,0.0393686625909442,-0.211795006,-0.825960729,-0.040108065,2.177182330276687,-0.146922383,0.1839004772539137,-0.076841287,0.1600152484380164,4545.4,0
292895,0.9700876561519728,0.2886331000921469,-0.672135291,1.0179244509911265,0.7418057304868507,-0.302072959,0.0874871351717049,-0.064338703,-0.710945577,-0.286502946,0.7567924882078946,-0.609930194,-1.132281571,-1.058789496,-1.380700102,0.2254952735532406,0.0705244778728058,0.6125767588186497,-1.35541145,0.0384085525173175,-0.031937155,-0.57244105,-0.109743017,-0.874371606,0.557719262130861,0.2587229871207058,0.3467902836143366,0.5470721721165446,4113.98,1
361091,-1.109596621,0.7224363258801858,-1.136512113,1.3177795626770392,-0.911173797,-0.26417488,-1.006875731,0.3708488346668964,-1.120920773,-1.150524759,1.4444110267739485,-1.303011863,0.5117828664346924,-1.251528874,-0.095304522,-1.238022183,-1.237315334,-1.025528605,1.333795339525364,-0.262074556,0.0372141071349518,0.3691921658964379,0.5605229801456928,-0.932586044,0.0145965564262248,0.3127548705562739,0.3635771650259598,-1.021461398,23574.97,1
222887,-0.446681649,-0.272228016,0.3296213077721782,-0.486211836,0.5207340562059553,0.0701469380736379,0.502950439432437,0.0311430360847302,0.0300984047169806,0.119888504297403,-1.381885012,0.3473685277662544,-0.553378177,0.6553247894081322,0.8506859710103039,0.5558083555704659,0.9730586548228336,0.4012919317944866,0.7410349538223392,-0.315931903,-0.219769274,-0.977719389,0.2324411277798954,0.9000368491264058,0.7251506285454331,1.0504012319399825,-0.458532241,-1.139870267,804.28,0
219885,0.1920853864003366,-0.192773162,0.5440239143700604,-1.052913926,0.6411640913078404,0.1435183987662214,0.7937600223422606,-0.169954126,0.2627821386112649,0.4929201208948432,-0.327944613,1.711749898928018,1.0736472539242408,0.7518705873646364,-1.207142865,0.5911179994386623,0.1917061547180212,0.1831972219252992,0.1040139117438454,-0.09043389,-0.193503283,-0.463031448,-0.021843666,-0.803304833,-0.748567086,0.342758301397345,0.0571024828231589,0.1080758163398253,14388.69,0
479778,0.3425284799768463,0.0591520510304764,-0.023876453,0.6595762082330755,-0.141800488,-0.007732019,-0.171858511,-0.006479534,-0.400124986,-0.238266668,0.46349897628504,-0.488605978,0.014380467292118,-0.642636037,0.0888054738009091,-0.469983912,-0.525426246,-0.702834373,-0.835075954,0.1242262533981888,0.0185285173821436,-0.41365086,0.0032511322556877,0.4915332729009694,0.6585216121172133,-0.106770191,0.5090556949357904,0.6523970447077683,12616.21,1
7178,-1.048278564,0.156636212577333,0.6086672038214108,-0.87993727,0.1122813330006212,0.0139898906759166,0.6251826344191158,-0.249414404,5.725932107051397,3.831795887751368,-0.426790223,-0.257803966,1.388037117160546,0.3032618149221471,-1.686439234,0.128052022353743,0.542505905338677,-0.060943243,-0.676026245,0.0433864942206698,-0.673266847,-0.109755965,0.7538081153868988,0.791618129294298,1.5531260990219171,0.6548301699979644,0.2996617264535817,0.0133428795996601,7153.34,0
240888,1.7845127931710012,-0.579171064,0.2659101317032061,-0.47217736,0.0969332549990545,0.365506268379796,0.2438740144902834,-0.158125663,1.5862256700170678,0.5305264793843769,-1.941900537,0.8588947359536346,0.5160520942686987,0.5619974767907,0.547110072112806,0.6523833580417957,0.2177772829101072,0.6191729542788788,-0.170259612,-0.375816263,-0.047175178,0.631953511342437,0.0094789590999682,-1.149168462,-0.06245949,-0.38345133,-0.18729117,-0.209486515,3152.67,0
109488,1.0656604059164183,-0.429511961,0.4989633428650694,-0.561266527,0.3157683659893449,0.5694462680354999,0.4112387682391916,-0.155954268,0.7310311529597036,0.4785657222750366,-1.373629992,1.0710274062596503,1.0428516722087318,0.628758091868158,0.5805849538736182,0.3841962473989024,0.3748226655170618,-0.176550851,-0.004925907,-0.217264456,-0.216129517,-0.573199962,-0.064791101,-1.452387712,0.6052772863154192,1.1349000942140983,-0.263512386,-0.10369713,22840.52,0
96722,1.0102529413446486,-0.381676927,0.4297577316525912,-0.610611059,0.1969482209788733,-0.243541121,0.6019994422564416,-0.228322347,0.1572102317244445,0.6153144091021199,0.229732800624992,2.215749742075601,1.2569578033357487,0.9719370315605408,-0.14606369,0.4579240248292988,0.3174948141932106,0.0703804948036492,0.0516435538423484,-0.107571735,-0.085036738,0.0766070771457827,-0.132527687,1.4077437857470765,0.7974037189588596,2.0420977589269835,-0.363973713,-0.125612776,23199.24,0
455870,-0.361068207,0.4696372869643965,-0.910624558,0.2320407336960855,-0.835640516,0.0470273317993802,0.3141366389908895,0.1117020982772732,0.2569025528381491,-0.808631221,0.5564096070056613,-0.927527996,2.0939885782616168,-0.533613023,-0.17571419,-0.566378036,-0.230657677,-0.134523137,0.3654484019075438,-1.045036341,0.0770929016865987,0.452276228250188,0.3325228986742909,-0.554369011,-1.9101986,-1.693559739,0.1820882324878688,-0.395971124,12365.93,1
255103,1.8123409855908583,-0.391538001,-0.066068625,-0.439070181,0.4194769145206672,-0.067751207,0.4980037849407459,-0.205148959,0.8189365361481996,0.449791573337498,-0.98231183,0.7075198367145884,0.096075532384486,0.3392184982696695,0.1899108993166164,0.6718797888968207,0.6179499973550482,0.126141877776312,-0.179006631,-0.328673388,-0.251800015,-0.859583129,0.3329895667372314,1.212819529281132,-0.505088736,0.391776599831246,-0.308577316,-0.173394026,6632.86,0
240623,1.7733662964221637,-0.76799178,-0.004585826,-0.964990836,0.0514024326055281,0.0868084477776787,0.2078376924606056,-0.193846662,0.501427236503483,0.6105605983851068,-1.268483522,0.2723124535770462,1.0409807632797032,-0.079901482,0.3286732628734396,2.2070486435700536,0.8679448091009654,0.1510993480650098,0.1651478675959136,0.0981506732205794,-0.005858517,0.5886713359032962,-0.091446779,-1.316883055,-0.177583319,-0.110387512,-0.218330511,-0.108700542,18207.97,0
103124,1.0533602782484983,-0.653691525,0.3786178085172368,-1.053909758,0.0520216058807474,-0.022607543,0.4026427967369249,-0.197709803,-0.185005093,0.988181353126718,-0.01671703,0.5651356670678438,-0.094052406,0.9120464067605044,-0.248956923,1.418884878631232,0.4551889098436387,-0.328955923,0.7426921699329967,0.0597606484228267,-0.132309537,-0.531312263,-0.067638247,0.0267914217719211,0.6290511327585386,-1.118400488,-0.28610332,-0.076931868,14101.9,0
123714,-0.292278095,-0.387529161,0.5634491858462253,-1.457634486,1.0476931326908965,2.440193469521561,0.0690233485825441,0.0149243338773937,0.7766313697015104,0.2744022966760691,-1.256774761,0.8286568029730927,-0.036350884,0.611609873166483,-0.403013263,0.6161860797735607,0.4080865673636308,0.3313400039802063,0.626694248061267,-0.468509942,0.1249223347783532,-0.747531145,-0.236157982,2.4356922393124982,-0.496958044,1.8211391439546347,-0.254423171,-0.392557699,11188.29,0
480475,0.9448695770138676,0.3791583710222868,-0.509693272,0.8743072867293309,1.8885119830695192,-0.750835672,1.1908329011839442,-0.236043542,-0.679283577,-0.039220034,0.4196366194529548,-0.208389466,-1.471761482,-0.945301734,0.2237247412739179,2.920587331365508,4.409652311260523,3.1191144797919548,-2.94884927,-0.21525841,-0.166376411,-0.382590291,-0.540635252,-0.935650281,2.2008424289635964,1.1403514004124151,-0.22669279,0.2827814787077838,16576.53,1
203176,1.6202666737347655,-0.645936651,-0.121537942,-1.200952867,0.5696582487164206,0.6584138490173049,0.4655294878387052,-0.134038637,0.8377737788036677,0.4855675749494531,0.118305153033638,1.9119946545405304,0.1372429354886294,1.1959998715752975,0.6795902968793743,-0.081554888,0.5705546516023141,-0.41534878,-0.495703985,-0.346702603,-0.021316187,0.6933285962538612,0.0516063096446872,-2.00624449,-0.299866988,1.7005529212365824,-0.308632358,-0.329243839,2101.4,0
195537,-0.44606599,-0.702184588,-0.00058121,-0.669918509,0.6876797694844656,0.0251681396716808,1.2959498202109636,-0.319674887,0.5440328199835667,0.4506351148817842,-0.730601726,0.6567347259205014,1.4206911336004728,0.0727743797816645,0.6372343542550477,0.9515106788608284,0.4695131771071393,0.4350421564741604,-0.578257481,-1.93421794,-0.255297629,0.957014345103689,1.161450929512004,1.3702814199036275,0.3724244923561706,1.250622531174591,-0.378907797,-2.542296605,5518.15,0
558197,-1.468256724,1.24668667218527,-1.676398696,1.6873492841795816,-1.765277774,-2.232173538,-1.796419322,1.6782081204999535,-1.188306008,-2.118140968,1.7913858905016051,-1.838910097,0.3824076673404751,-1.773425196,-0.151573142,-1.985025621,-1.780514725,-1.725105535,2.7653713822953225,-0.621271678,0.821127753955267,0.1624175947010803,-0.961140465,0.890735568858236,-0.065128409,0.0478006951394423,-1.239337519,-0.843055618,20543.71,1
523220,-2.254227796,2.657261157284228,-2.191950041,1.217206090254724,-2.686922344,-2.539966554,-2.113095213,4.200296397184307,-1.158625886,-1.292203977,1.2139621673595178,-1.101911085,0.587011768869742,-1.014660568,-0.074093286,-1.279386975,-1.467922644,-1.458410384,0.6634655519492516,1.3970191563158934,0.5571179898496892,-1.39744743,-0.960442005,0.3037859281054005,2.585392848477776,-0.517081809,1.9405267511502768,0.9827651552623335,12226.88,1
6615,0.7059255068978836,-0.498030224,0.5216967147687223,-0.307768322,0.2286491295676093,0.2120035853765006,0.6062696742781024,-0.205031684,0.927237938834722,0.4356959070532673,0.6048165770195371,0.1959114829530467,2.636473826624444,2.386591036403594,-0.592831385,0.3621024700967644,0.6366252280660056,-0.08212515,-0.48213295,0.1018612556950422,-0.23351593,-0.972663018,0.0040503110069862,0.4039450831911202,0.0764420209692223,0.188167701571385,-0.356113401,-0.038383429,12928.43,0
555714,-0.362548303,0.5535749175730257,-0.208368454,1.015755354635356,-0.05199335,0.6152988664625965,-0.489320518,-0.878833248,-0.531009346,-0.30491398,0.3165906157457793,-0.968398758,2.360010390705996,-0.138699216,-0.723441615,-0.794984602,-0.616504077,-0.643305731,0.8418225906795049,1.3276527930416098,-0.704185861,1.0754155409323196,-0.01307906,-0.389098096,-1.373213733,0.2228466533475485,0.3473150212362098,0.6879276497706572,21173.85,1
373127,-0.727924055,0.7525625784216888,-0.512481556,1.0583668395913706,-0.810960003,-0.150879819,-0.914349791,0.549176177050959,-1.458962919,-0.967659714,0.7335853415593975,-1.158273717,1.785473928051538,-1.033337407,1.078358836147861,-1.423452502,-1.589767518,-1.467891877,1.713224063677691,0.6564257116108146,0.5113384297449245,0.7801459350000802,-0.167440365,0.0431174783316831,0.007362404078927,0.8424614465744135,0.7684167242594723,1.1717688542646194,19528.98,1
555638,-0.784856344,0.5993051068308298,-1.003929381,1.552834605412711,0.0005238942565691,-0.802603944,-0.380288094,-0.137617909,-0.278064365,-0.144933481,1.012044378173053,-1.253825838,-1.178602931,-1.662054134,1.4861760405554736,-0.907946957,-0.666084725,-0.328447262,0.6902503574306512,-0.349931399,0.1102616054353328,0.6218035828721423,0.4190162744756364,-1.044299758,-0.681971497,0.8020316289006177,-2.443090662,0.9062369406823448,19371.29,1
169496,-0.139773179,-0.254627974,0.3067812144099923,-1.851647425,1.149639745647691,2.481342711061337,0.2775828410858184,0.2232546870694693,0.7969348888350161,0.2470977179018097,-0.985790943,0.7535201913005392,-0.091195571,0.7831352910128333,0.4966650488736789,0.5403985174279945,0.2978045511056296,0.4486936391742114,-0.579634396,-0.205255817,0.0017632125396451,0.7013180212223684,-0.151661691,1.6088633540071609,-0.337335564,0.2648211879855137,-0.023408744,0.2424642996079642,19668.99,0
44912,0.0493804370987216,-0.011187036,0.4580687317247447,-0.27959695,0.7610870507678361,0.4422251760020221,0.9577464832711824,-0.231394952,0.3250180091397014,1.1356445648824247,-1.118178707,0.8048894260413225,1.3894257086781776,0.6601299895184412,1.2393805403061484,0.0389566449893083,0.3606703903874411,0.0476821759832124,0.2614538345761558,0.3252158070777848,-0.09624889,0.6382056518494944,-0.117533369,-1.219097339,-1.105927413,-0.700077922,0.4922737501400544,0.4312735856676893,21624.21,0
540634,-1.696747474,1.4545915473596402,-1.838953189,2.124225785117541,-2.05059296,-1.942935863,-1.92319089,2.307873503143388,-1.653944276,-1.921837953,1.4517640668088616,-1.816602975,0.7468929206955113,-1.437747223,-2.298436995,-1.741146571,-1.941043021,-1.995335388,0.3023218210860655,-1.649156412,0.9051229576014088,-0.282992311,-0.431148098,1.108667641604442,-1.244941435,-0.382626943,-2.332969509,-1.830632293,22274,1
417476,-0.864110475,0.7094681245971262,-1.052513394,1.5486281691748247,-0.109271018,-0.845029358,-0.445789971,-0.036431584,-0.268260459,-0.124074427,0.9804289208862462,-1.236123734,-1.115799444,-1.639942328,1.4537080288868207,-0.887894612,-0.644583331,-0.320357282,0.6642782041974514,-0.349322427,0.1128076755268173,0.5903457614604959,0.4737017451745413,-1.050253042,-0.568254675,0.8170398419801214,-2.451823717,0.8945314908791653,4122.66,1
444087,-0.348552393,0.5180998496894821,-0.589738375,0.3895187188524324,-0.382939699,-1.00456067,-0.530911608,0.2564794559693609,-0.208592178,-1.021762353,1.4446817293814231,-1.233854592,0.4190146222309739,-0.974910958,-0.441285654,-0.767188774,-0.728256164,-0.325177745,0.1905995748757655,0.2120196264373717,0.1583232182053497,-0.465188915,0.0074704662554232,0.1806902719999141,-0.191223351,0.680000381281113,0.3062412331933345,0.3988400311962965,13662.92,1
558038,-1.677027295,1.5738566612075813,-1.655468,1.4160208771108485,-1.939148966,-1.348912287,-2.100418005,0.1952935235955744,-1.775271327,-2.061714199,1.3664325557765642,-1.75502936,-0.003385581,-0.951563512,-1.814953216,-1.979255173,-2.139924354,-2.29450556,1.4383480078021311,0.2564872076436425,-0.216884523,0.8581894429118845,0.0327107342910483,1.6254256141300811,-0.319930008,-0.72540895,-1.685657369,-1.014554908,14871.02,1
364097,-0.17958216,0.1320789394961018,-0.659634185,1.214896847250247,-0.831947132,1.5125150335975497,0.7862317616967734,-0.609265828,-0.866961965,-0.328050584,-0.009433025,-0.488223931,0.6655296662999391,-0.664726487,-0.377345492,-0.339592345,-0.15163771,-0.131803426,0.6638763775681479,1.0355067108520737,-0.395862021,0.7181916645268638,1.433010854680985,-0.515035044,-2.511008341,0.1892817056526807,0.9693696247595996,0.307477665219025,7526.9,1
119192,-0.199906373,-0.133592381,1.238172198387332,-0.332073376,0.277328918808631,1.258606010181849,0.2906337936880943,0.0977669070624197,0.4692234596033692,0.5135690387656454,-0.507225141,0.6423339261937294,-0.61718014,1.054595161222853,3.3375996878151537,-0.011545872,0.8378051577010415,-0.433535431,-1.388409935,-0.41027397,-0.020335372,0.6343765565879274,0.3389748739784904,-1.670335637,-1.732261173,-1.029249,-0.040221116,0.3357489760126481,1717.5,0
148269,-0.035514396,-0.025403665,3.032140579671804,0.6773025129655955,0.3627714242264139,1.621951974314332,0.535493658153575,-0.408974704,-0.04136589,1.7963885278827747,-1.84180811,0.2296083485526143,1.8708549990081151,0.1831265931056789,2.148670341537712,0.9627922003586292,0.1796796979572459,1.1808375594078944,0.7237987364084383,0.1694547906307549,0.2132342188725232,0.4614693263261786,-0.471737764,-1.601129326,-0.079723045,1.0392685156381352,-0.783454736,-1.444249539,22247.09,0
529403,-0.274878103,0.0528646877040617,-0.392365253,-0.149298853,0.0021577580478878,-0.762198868,-0.063040337,-0.091379834,0.2347037594258258,-0.40711727,0.6347689739542767,-0.468761746,-0.769082902,-0.725659918,0.9998712444721636,-0.428675099,-0.348789676,-0.103364666,-0.356836758,-0.355302182,0.1144945721315728,0.1480469655366784,-0.608042283,0.0090875586876804,0.215680723638815,-1.71509431,-0.416660408,0.2139920207102184,18637.64,1
340730,-0.089786215,0.2470515831521049,-0.174058746,0.5844302514860761,-0.015572661,-0.023589226,-0.145661764,0.0600649405287528,-0.557085901,-0.383851943,0.2644073534676122,-0.714539828,-1.106971285,-0.735633254,-0.457608931,-0.382084582,-0.558407984,-0.294749843,-0.163429955,0.1208653000072376,0.0493292892257258,-0.455711377,-0.284283379,-0.76150634,0.8375557596022029,0.2145612882193726,0.3539439639381945,0.6121158550884656,5421.41,1
74041,-0.324933513,0.3017672459258837,-0.209237017,-0.604278986,1.364720842464057,2.568502246874967,-0.25115639,-1.061382102,-0.127315887,0.0365826054127088,-0.657219077,0.7097219638839192,-0.461036348,0.6270003688961261,1.3946973493050163,1.3108603221396251,0.8922014154667489,1.5448203322731298,-0.143410038,1.07114090903613,-0.864783155,0.3189185539021771,0.4333653634277969,1.7335451596656206,-0.136395375,-0.766250773,-0.020062091,0.2772167996189641,16257.17,0
188727,-0.142641755,-0.254450987,0.4880572195102448,-2.058189589,0.4360097306725207,-0.066886511,0.6231752304322806,-0.057052726,0.654593658601385,0.1571429907698963,-0.656800824,1.448625882116992,-0.170399226,0.8796563413833873,-2.118156034,0.6086349557840681,0.2407290765073666,0.3365016747326435,-0.554694654,-0.351931712,-0.030197231,0.5422241169980141,-0.324203977,-0.451672695,-0.174696894,1.5520289424478917,-0.034143599,0.1380814142016516,17984.55,0
9412,-0.158371235,-0.274087774,2.8622934735940397,-0.993736799,-0.065402995,0.45648793328282,0.5106771582905182,-0.125879904,1.8473761394406536,0.0909759069925496,-0.244555826,-0.295268398,0.9022292240779108,1.389411740081221,-0.788805308,0.39224242437068,0.8070328549011668,-0.010707267,-1.142537036,-0.373435425,-0.164994188,-0.159473512,-0.116503716,1.2725732682032094,-0.196853614,1.72767132872449,-0.395220134,-0.017636957,9463.42,0
183826,0.0074690966351324,-0.331742049,-0.01381244,-1.227091981,0.1295812691431203,-0.045292406,1.6697911838615906,-0.368217192,-0.390094787,0.903889992241457,-1.59186666,0.2534440828505598,0.170098116473066,0.995571659121434,-0.566672987,-0.439953671,0.482871862147466,0.9765996877249914,-0.427347359,-1.125614277,-0.133303131,0.6179008102017498,-0.437932646,0.0550544840296337,-0.403769497,1.8985752486873944,-0.295476139,0.1818559960327246,4520.42,0
545662,0.3999726143946713,-0.056439652,-0.11734557,0.2329145151539794,-0.123592062,0.1566173950614699,-0.214263998,0.0032740584474521,-0.144087459,-0.286084568,0.5370546697181171,-0.442302669,0.0294150364890453,-0.553613485,0.2489601191353021,-0.385406828,-0.678219538,-0.128894177,0.2245788793167896,0.2020929788590249,0.1136840235654418,0.2133684718747677,-0.313696672,-0.932700723,1.3125653810290543,-0.25107178,0.5181487900139506,0.5975419158083486,18580.83,1
519641,-0.032523842,-0.758389098,-0.182067873,0.3389480690790925,0.40192322682187,0.4040642219108714,0.9810599989789042,-0.147794202,0.0165953485149935,0.3618716520790209,-0.060077318,0.2754330781907435,-0.987267183,0.3001360140752094,0.1997931310535174,-0.068122534,0.7833362097512344,1.097237101593085,1.3469716158546696,0.9964447380851572,0.095264667074534,0.4452596619904146,1.2691550299972107,0.8864404496959494,-0.966024222,-0.767261003,-0.189048659,0.228249625102731,22973.81,1
261805,-0.103961264,-0.078309964,0.6329983458535537,-1.079917637,0.243167670695096,0.2935274567001546,0.5369000530754701,-0.048167536,0.6725845189899666,0.0909786595240805,-1.068449518,1.0105009628443244,1.1326891941939647,0.1530076929438728,0.3505164592478624,1.0463369044114272,0.5796050490363068,0.5861618222081166,-0.491646089,-0.137610932,-0.193754976,-0.59891372,0.0357702043982537,1.1768909564621144,-0.209552238,-0.701919736,-0.186059229,-0.007228602,6478.87,0
488887,-0.670342377,0.9993149643527596,-1.200554602,1.7968081182202718,-1.087789314,-1.218319558,-1.46139208,0.7161286098588625,-1.313304694,-1.681765374,2.0614088135598987,-1.941246866,0.1386688918326014,-1.770396214,0.1674298617668062,-2.01860439,-2.041750118,-1.912282471,1.9228963131691896,1.0963217314263327,0.7092262371479,0.6758101036257329,0.2190143217596351,0.001016332969111,-1.460078819,1.2398702388976914,2.0744055204686216,1.7147825623193025,7859.74,1
33866,0.9278715169416952,-0.39017155,0.4531115358865886,-0.136305001,0.2202245118487484,0.0599563174803434,0.558224044012148,-0.161780418,0.517102889588728,0.6273306211793995,-0.943091945,0.1669368193602249,-2.471721612,1.4683837860633515,1.432251302863553,0.3373223120152503,0.4678750024857028,-0.136542571,-0.662860683,-0.418845451,-0.227002675,-0.973119399,0.0874823564300246,-0.022333242,0.4629385642127656,-1.550003215,-0.25139048,-0.052649375,7901.7,0
248538,-0.074824652,-0.346992204,0.6558615008862803,-1.136718035,0.4457994081534595,0.7314114923257156,0.443972260223737,-0.129717549,1.0719513660516091,0.6971079536755155,-1.115945686,0.4835713623051507,-0.431663428,0.5549165339460275,-0.411527537,1.2054576489315936,0.0627463928545852,1.3491958623652178,0.0343765639293901,-0.445221305,-0.006685573,0.8639799063701923,-0.151496876,-2.142525883,-0.654608028,1.1394651793906827,-1.188417144,-1.038259359,3765.5,0
228372,-0.118144456,-1.06073348,0.4728818886049142,-0.875706312,1.2423255749430484,0.0060967418132118,0.1752728622639089,-0.071741564,1.1101352760213552,0.4447040805704199,-0.731600446,0.9232296720162704,-0.369888216,0.8866944643412774,-0.219487795,0.8653645447317917,0.0830974176810026,1.5684389938132146,-0.311015173,0.1355969169257568,0.1456629222369142,1.3100928675815424,0.6167494073522812,0.1504612448985364,-2.812840923,-2.497352005,0.190026555545426,0.8787022426201155,1390.75,0
356516,-0.504536694,0.4850783141934648,-0.710021904,0.5714056993375831,-0.613250498,0.0770667954951234,-0.415220605,0.2901461445866935,-0.860482637,-0.873296488,0.9250910753623408,-0.945994454,-0.100039066,-1.04100932,-0.46684506,-1.041749279,-1.086208059,-0.772085233,1.4670741681079889,0.4343513021342512,0.258130756538874,-0.083699195,0.0632822623659047,-1.210162558,0.1318837331019443,0.0660149397145228,0.9073428253468048,0.7146981251601696,15768.85,1
144355,-0.147952779,-0.087481674,1.4832321378898716,-1.27546654,0.0390873369306496,-0.317814577,0.5520848986710946,-0.080339426,0.3100184182179473,0.2483494684559468,-0.740789948,1.1166310379759867,0.8573490847033706,0.7747724268292405,0.3682313968742918,0.8904335298155787,0.3105731475587348,0.018353094927727,-0.951875868,-0.211905299,-0.108148773,-0.110168626,-0.017578961,1.665142483841412,-0.62135938,1.4440848919384923,-0.074191299,0.1833430913804798,4468.73,0
88517,0.620757812888478,-0.935876858,0.878565757338724,-0.532189068,-0.129249693,0.8263615342868317,0.2311982503286103,-0.059433496,1.3470721772146417,0.4484528428435153,-0.314376512,0.8489597258598789,-1.750508956,0.727410398771809,-0.575893661,0.4599482781658927,0.4949063648608626,0.1765239247837307,0.1703489321764486,0.0988657590906149,-0.127288982,-0.493716118,-0.144749773,-0.434036103,-0.187826895,1.9078456179318832,-0.322521135,-0.02046717,21377.93,0
560075,-0.171926499,-0.029620207,0.217136878205842,-0.127130013,1.365735070487775,-0.875348986,0.7677659056826276,-0.207098549,0.5235904434862064,-0.214540074,-0.112487522,-0.019208458,-0.547080747,-0.655195024,-0.663403717,1.6585663785426794,2.6089767722691835,2.052502930299565,-1.783332855,-0.318710914,-0.258663559,-0.793140869,-0.397084838,0.5027806245632911,0.7037092865336563,-1.416318752,-0.339113818,-0.015606743,9848.22,1
455252,-1.596608546,0.8136237602337433,-1.684196779,2.0009210997537283,-1.830020742,0.4100977306942028,-1.943281429,-0.284912479,-1.619488983,-1.864369826,1.917226456588252,-1.700534772,1.127609137185596,-1.28107771,0.1033828122632325,-1.737745577,-1.931948709,-1.949023676,1.3985342174738318,-0.250474894,-0.825301258,1.4913125921751529,1.360902278202854,-0.72842217,-2.396956681,0.2675777990206051,1.4341531782793973,-4.158622348,22040.48,1
34699,-0.192759024,-0.534014176,1.797146483265997,-0.782710274,0.7012473516098957,-0.114698457,0.5676372915809481,-0.195041121,0.4441438841825615,0.410435846894638,-1.329327077,0.4292802385621528,0.231821343996276,0.5944747218061338,0.7499638280572921,0.8632323221701593,0.1692145713678107,0.5145025829529958,-0.812340842,0.1428784761567364,-0.009151698,0.444936519319007,-0.167536456,-0.113026502,0.2163414851490641,0.7611865866541658,-0.413661771,-0.355984766,9081.79,0
466343,-0.09581423,0.0226762381645906,0.2736786069660548,0.3090697209129946,0.1532266713263103,0.8334152802819412,0.0800765324854375,-0.112318004,-0.058171585,0.3508945829739347,0.5336468932061083,-0.246025202,-0.209868904,-0.425349316,-0.321304177,-0.448843351,-0.346666661,-0.524208311,0.007779117320807,0.2123543185932407,0.0332832526878982,0.2933418827685238,-0.185106334,-0.915351242,-0.130814612,1.486691351452604,-0.720195558,-0.503793998,23852.26,1
210972,0.3280956811433826,-0.101106107,0.0217755396773772,-0.392367747,1.015683910411715,0.0106856525639689,1.1156621309049182,-0.211997737,0.2575088382806729,0.2464491125124572,-1.470666521,0.3286073261024351,-0.486358846,0.2528858491142555,-0.880298655,0.4506817085317939,0.7050951137510937,0.6053208025905125,-0.666321219,-0.272228889,-0.078094952,0.1684678802874266,-0.101187491,0.6985842913018141,-0.102795092,-1.630318113,-0.152790925,0.1051411576625565,12076.76,0
423860,-0.085820757,-0.041492315,1.4759240797237068,0.0183965544698406,0.5714046978005171,0.1661934092914929,0.687841331664278,-0.146284103,0.1317120291997491,0.4615358486343942,-0.458006309,0.0353752102134514,0.1345884040072718,0.5580836630719127,-0.076849311,1.094365010555702,0.5999898220931935,0.1803411784391696,-2.414104739,-0.472621166,-0.104735268,-0.078003319,-0.0758396,0.554686136942298,-0.75550946,-0.706016515,-0.249183756,0.1869805512658095,18189.03,1
271007,-0.084424757,-0.203396068,1.0661854045865693,0.3851600947314461,0.4226638847795673,0.7776381973430846,1.191891283790372,-0.172946698,-0.40404747,0.8009685757006921,-1.411833771,0.6565649934463861,1.3363553362811338,0.5753521708198021,-1.338671409,1.0158052474469244,0.1839915438725123,0.2962477811493512,-2.175545071,0.246049281231685,0.1394747729069084,1.3886701511439137,0.3039980559059441,2.6364917627098605,-0.319388469,0.2232633097329426,-0.138716544,0.4433545930969414,6546.27,0
380249,-1.019139934,0.7955193578146712,-1.145505618,1.4284279046326918,-0.72546119,-0.947320186,-0.963173795,0.7671862631643793,-1.255496811,-1.116163523,1.5510396537039173,-1.329495326,1.843019057617961,-1.36227676,-0.367828739,-1.07522215,-1.161493772,-0.830810197,0.8222563474969627,0.1152989592934188,0.3374202541689366,-0.102675542,0.1734852807372026,-0.801232244,-0.027399729,1.3694549922664967,0.1200624739523277,-1.658821293,23678.66,1
319045,-1.46461665,1.4884094982661695,-1.481950976,0.7565847956989085,-1.477821477,-1.774503288,-1.155554636,1.7769469041924617,-0.614719372,-0.876590237,0.4941330289853571,-0.922804738,-0.444665175,-0.910362784,1.0572370905563575,-0.834057342,-0.811744436,-0.793103258,0.2310105335113402,0.6680944163574323,0.2558345780769228,-0.819649994,-0.181697913,-0.032034294,0.8828827250160787,-0.617288348,1.29578600519468,0.4327616690845645,21491.31,1
150200,1.7575419465962976,-0.559330224,0.0973398648354583,-0.586318249,0.127114103296388,-0.311539271,0.4303501120955844,-0.236118912,2.1778936032123792,0.4413302853443402,-0.601069358,-0.338163072,0.5857794816561509,2.225961340380735,-0.803771256,0.3765048748090321,0.7021055374740788,-0.052444464,-0.020207128,-0.40543067,-0.286033962,-0.919074423,0.3243431056794119,0.0470981523825381,-0.835197659,1.8695274371093291,-0.422983031,-0.282581356,519.98,0
482722,-2.459141149,3.326970220195924,-2.476250874,1.7858636066810814,-2.82898223,-0.276047953,-3.424997662,-2.207019732,-2.787200935,-2.926960643,0.9936592720641512,-1.424400036,-0.644954887,-0.435814301,-2.259985593,-1.325535755,-1.422966663,-1.608957157,-0.719431495,2.477712383634667,-4.328204022,3.653956365194997,0.930769460064368,0.542945988898742,-1.236160934,-2.571823792,-4.947034458,-3.337477789,18734.23,1
266349,1.7115338673783516,-0.511099096,0.2023747603766658,0.0030573151812751,0.1481616207335356,0.2305470226856707,0.3901527866576877,-0.15917934,1.4665147375599716,0.6162059743320594,-2.157835459,0.5657553254791612,-1.695890443,0.7210865135193774,-1.577224646,0.0981981857286206,0.5079394287529585,-0.065548396,0.0910809782815128,-0.591283798,-0.253871596,-0.668988894,0.2219479654701641,-0.301390317,-0.032502498,-2.098258416,-0.202529554,-0.218580596,17312.01,0
211147,-0.847201564,0.537565426044919,-0.344142001,-1.206613411,-0.126083996,0.289250087436057,0.1289872118195662,0.4528529006479762,0.6121254275326307,0.3284269330619973,-0.739515127,1.8669342924641057,0.1945624337462816,0.6703759660865362,-1.253045133,1.2018499544458052,1.051801135998742,1.107760666081408,0.0968952967799897,-0.436522479,-0.111285748,-0.580909857,-0.034091285,0.164054042026682,0.6651225246767263,-0.345549821,-1.160245761,0.2298268242260314,598.2,0
221338,0.144151785284004,-1.005320383,0.5757547069572095,-1.609965094,0.4184181951066575,-0.072154729,0.1450252646156138,-0.163841373,-0.454739743,1.3121542066142438,-1.59616345,0.0969960853202348,0.6056175132831724,0.5267866592289272,-0.067061108,-0.05016222,0.7441524097843397,0.4289058479680386,0.436586063899205,-0.156637014,-0.07088458,0.4049477377838281,0.3505312146138701,1.2744039358537442,-2.065159951,-0.495767328,0.0940874843837001,0.6177449685383234,19104.57,0
178457,1.9842612455866144,-0.699733262,-0.020380458,-1.172962697,0.135148832302831,-0.073181528,0.3080803161820838,-0.218630444,0.2101553528376999,1.0341709054715922,-1.085216412,0.2302072170392363,0.1028067439234735,0.7324904953364835,0.4695739855890616,1.1411723332073145,0.4992208042270796,-0.351904326,0.1103707596308614,-0.188672469,0.0638401646355719,1.1573259249415788,0.0028073832771016,1.5780758003355209,0.2603658392036537,0.1102756771628604,-0.28513516,-0.246402264,5149.63,0
285351,-1.727820956,1.4900998077968797,-1.811265142,1.912770818233822,-2.056269207,-2.036619869,-1.91943504,2.3504180376636814,-1.746942227,-1.975064509,1.4362210055786198,-1.756211056,0.8961995370702346,-1.459439119,-1.86347641,-1.731556594,-1.968715225,-2.012205951,0.3985502767876848,-1.554785573,0.8871947659581606,-0.392973874,-0.38266343,1.0648182737556235,-0.757354512,-0.262798788,-2.153648965,-1.828649743,21790.52,1
179806,0.0781085948687521,-0.886776745,0.6173919102148813,-2.040845379,0.5820019560499586,0.1979933945753549,0.2378110123808506,-0.17395253,-0.557642483,1.1057060046341587,-1.866904107,0.3284628701678617,2.151857296486225,0.3686371712109724,-0.497794994,0.0815323974888375,0.5457886395728818,0.3749122565608149,0.1440587719981519,-0.114457641,-0.102170077,0.2385197592477025,0.0842197204132457,0.1352557747773108,-1.032130301,-0.445592448,0.0057303505523721,0.4552802210608707,6690.04,0
126819,1.0001880547540918,-0.877767943,0.8543559880409805,-0.936689406,-0.185433176,0.474921833638928,0.123942890682795,-0.13755131,0.517375584084243,0.821712299624284,-1.727397372,0.1230461148227536,-0.108073206,0.4183106192150436,0.534672924174617,1.746401987449904,0.4554183754836386,-0.056901186,0.3989704684589039,0.1196068035105397,0.0192697360315695,0.6369763259465935,-0.315898133,-0.70297603,0.7667898561414704,0.0064768141722637,-0.209198288,-0.017126237,10421.31,0
364961,0.227535633487651,-0.093982087,1.3196360032709558,0.415440117085617,0.1354518540142475,1.214086827761223,0.0338793752438136,-0.629454012,-0.138881768,0.7336576294010683,-0.65290932,0.5991347074649831,-0.633739618,1.230474599438418,1.2788944735044627,0.5708804208477993,0.5120990106938292,0.3812286515528073,0.0222993607895558,0.5192369004379644,-0.6066783,0.5909042142610069,-0.07993906,-0.534483225,0.817415615847802,0.8248494330553725,-0.082185902,0.4830702292796719,18801.97,1
269007,1.3350666392193755,-0.900574619,0.3197000927465549,-0.488936882,0.0687224414149265,1.1066738225147006,0.1555528119175883,-0.083563009,1.2932821709462474,0.6171783252130452,-0.626238672,1.81890396200246,1.747441472231103,0.4492452504440156,0.1975251089944391,1.5656817829598686,0.053612233807173,1.30664868517443,-0.159922328,0.2287317118955844,0.0280941748434024,0.6063623161562137,-0.094305352,-0.462110284,-0.729726754,0.7027431685665689,-0.254451126,-0.113267418,6874.64,0
302805,-0.682680411,-0.871794029,-0.034724173,0.1559098100559345,-0.56914086,0.8914712543352459,-0.038841025,-0.732280118,0.2296041371421927,-0.179201659,-0.792567208,0.170787714273865,-0.068744694,-0.087246947,0.0092473132089791,0.5267266863116813,0.4444348425389568,0.1891159041409976,0.2992254269196276,0.3283138120462806,-0.715705633,0.8191575994854943,-0.889836875,0.576726360706677,0.3516436926429943,-0.160430756,0.0433946791917715,-0.551792182,4317.62,1
236943,-0.238743847,-0.765506089,1.1929000927217162,-1.665391641,0.1076237578880007,0.8541951732581075,0.2159919514834236,0.0379880745784758,0.0647639295744418,0.4053810945274193,-0.669920393,0.932149882428428,0.7519746540366561,0.4143881001318262,-1.932938239,1.4761773601420063,0.5069801627347287,-0.141077178,0.7333273531691847,0.2749700661080678,-0.019852085,0.1033029584761838,0.1126462061198133,0.4999630632778971,-0.316955347,-0.960235306,-0.238839437,-0.158961258,23547.86,0
505846,-0.172178974,0.234978346924059,0.164500464122949,0.7128026919313931,-0.03856735,0.1715745246104502,-0.125201028,-0.17276958,-0.347850121,-0.313670687,0.2333388037492175,-0.638001944,-0.770425863,-0.842664538,-0.728424242,-0.546468875,-0.372003802,-0.299612929,0.3402235989384556,0.1887547484906961,0.2643109608814291,-0.234613307,-0.238810288,0.3829332728804251,0.0543925609562244,0.4319821087266551,0.547538634458441,0.5065417561473498,13460.9,1
471760,-1.536692843,0.841869495616184,-1.622799875,1.9740849362391624,-1.782249395,0.2205819656641397,-1.866736098,-0.126450923,-1.620294142,-1.832710029,1.8748797702793008,-1.736156212,0.9577497279430184,-1.29900512,-0.238095651,-1.785838336,-1.989005984,-2.016861668,1.3900253366563282,-0.249884804,-0.587668773,1.1960692250828064,1.2169908833317469,-0.446368249,-2.237684344,0.1488285633495683,1.4229002592706133,-3.478143555,20352.02,1
566991,-1.649547242,1.619488706440212,-1.792170977,1.4269710284893449,-1.81437917,-2.119043702,-2.02281085,0.6314246273469539,-1.286285391,-2.324050623,1.6840498541840143,-1.819210706,-0.206656073,-1.67609047,-1.535029155,-1.881309437,-1.741793108,-1.671142174,1.47073871600493,0.0702860448153395,0.1367369604717924,1.3109603801093073,-0.767554071,0.8084617261525331,-1.931250754,-1.065601466,-0.991282609,0.214524846026191,15355.36,1
160586,-0.067452077,-0.339202153,0.6353893814065867,-0.622244502,0.9844040964015388,0.0770014856838209,0.9498851599304398,-0.270015561,0.3506329327775175,0.4644892306273765,-0.0767752,0.3860592260823774,-0.713331411,0.2819307710442065,0.8589351436673861,0.4092984708905984,0.5506965788426151,1.5685481814487274,0.6429568853605707,-0.091722464,-0.043264945,0.9122760625706122,-0.084302419,-0.930616347,0.4523536782610166,0.1374749340787573,-0.502820386,-0.986712806,8134.86,0
480104,-0.281023758,0.1405212379321144,-0.030177065,0.2329415738555615,-0.05505878,-0.214903128,-0.148831891,0.0759456535438744,-0.374615601,-0.34187377,0.4075581071434343,-0.59947478,-1.405213382,-0.480446145,0.0795025785922122,-0.501316431,-0.580135651,-0.21645749,0.4732000054396549,0.0096036906332804,0.1137454895986424,0.0535394637205948,-0.150327569,-0.125411269,-0.010859052,-0.528756893,0.2846342236323384,0.4554846549825346,2416,1
297065,-0.659739215,0.7400274591053969,-1.060377995,1.424565552095829,-0.50240788,-0.129463583,-0.640188681,0.4989765380983014,-0.925952385,-1.029595048,1.2750408029688711,-1.424436934,0.9211491850618424,-1.170013254,-0.743784477,-1.084501739,-0.819745454,-0.503001116,1.5595662489402249,0.5459712865530416,0.2730518859271744,-0.368956964,-0.066192741,-0.666861914,0.1936149130153518,0.973200952524468,0.1149959476706685,0.221634478569952,22908.57,1
228923,1.82120365374099,-1.331927809,0.888378903939713,-1.277032467,-0.4661986,1.0716579136402542,-0.23409343,-0.01788976,0.7825693257388673,1.3225234068516316,-0.84686567,0.5755584220305049,-0.480550909,0.1146621545116254,-2.359121544,0.1750877863456253,0.7350595115070931,0.991525076009129,0.1341313203207868,-0.620970849,-0.112330293,0.6668939123456433,0.2069327922840537,1.6907562900567592,-0.725634108,-0.058077644,-0.118205482,-0.170544629,1817.17,0
388577,-0.20943603,0.5738347276775954,-0.796571435,0.970901893083666,-0.309590019,-0.86713029,-0.691498128,0.1323592564521103,-1.239349852,-1.16236408,1.6201380663119584,-1.352501647,0.2347692639389718,-1.535869425,-0.81600812,-1.25218229,-1.424946819,-1.164976543,0.3284534389973775,0.901202696772224,0.3108410118608311,-0.263735454,-0.388791998,-0.700919291,1.242293200586087,1.8813605485309643,1.514955908344536,1.3756252767356272,14606.05,1
435234,-1.821884652,1.4649386004355045,-1.945385611,2.295705272145689,-1.236928611,-1.37429615,-2.081798634,-0.258683598,-2.000399584,-1.950060619,2.212775273542125,-1.752760472,0.5232693321203425,-1.73305126,-0.358392672,-1.551164005,-1.423639811,-1.479628483,0.3087082580628522,0.8651836798370893,-1.162628858,0.6297151708379637,-1.237981851,-1.523737223,-0.102322729,1.4526292451660716,3.5989916129408748,-3.020758048,23122.86,1
547414,0.4129766016959911,-0.497256789,0.5819994988396645,-0.726286601,0.2165467619220844,0.9036879244604687,0.1404073394798865,-0.347248491,0.3930340384090482,0.5375690008682895,-0.551389635,0.9488015251895402,0.4039761201820187,0.4321305913711344,-0.602815486,0.7569555290244796,0.5690484848108458,0.375972301929148,1.1748168476199077,0.2355096585470306,-0.286913143,0.5312961069935613,-0.241681704,-1.59454879,0.4126783560914145,1.6632844029603846,-0.284192357,0.0503029826453477,2966.35,1
246721,-0.005272222,-0.197134489,0.6962496202178339,-1.072449044,0.6297526102921427,0.4221758261786533,0.8468270982231157,-0.174313897,0.6407695756825763,0.6591594871195346,-0.363360311,0.8150125314350317,-0.883617014,0.6872470429427823,-1.586036271,0.2046831434169243,0.3161336630815647,0.364390067447075,-0.041277952,0.0165427176517131,-0.04624957,0.8475296413463019,-0.344302906,1.6839999018631728,-0.163832256,1.2673193067887216,0.0976673469157547,0.0402559287934527,20498.3,0
108241,-0.224706023,-0.004823714,0.297061647239318,-0.156972665,0.1801130259377079,0.6142645460075644,0.5153555753472587,0.0599342682331006,0.2561858873282511,0.556589572203176,-1.964144263,0.508765959934191,-0.346186007,1.286379667200812,0.5996815507834569,0.1448766069524105,0.6366494685223866,0.2038275762598899,0.4571559762176514,-0.175063607,-0.068546317,0.3349753067673584,-0.101481046,-1.262698359,-0.566219919,-0.38425443,0.2636102181421103,0.1545235983128662,11835.38,0
200199,-0.237429753,-0.634545616,1.30581586801219,-0.586128094,0.0874834219443915,0.7164119324556805,0.9462007545834744,-0.154760475,0.4622130462091046,0.2271746826971671,-1.849500598,0.3505862295080484,0.3676029040947832,0.6846155650075397,1.819805318465018,0.5175832303305657,0.2803205491392005,1.109757968556357,0.5739697820592897,0.751857620608716,0.0540158096028785,0.4922911694913365,0.2769755058773419,-1.212798028,1.2008276871236188,0.2264628516702774,-0.279940118,0.1396700597188627,16106.59,0
187048,1.3131912458514023,-1.104343331,0.0583426354768377,-0.776430624,-0.071109686,0.2930375593504582,0.3421783083971499,-0.189419571,0.2090623521260672,1.04271055990756,-0.421304829,1.1760546539216563,0.6106726306717895,0.7848614817479025,-0.609270988,-0.034311295,0.2881444489664931,1.684823451199713,-0.616827406,-0.143176506,-0.188728049,-0.632649127,-0.022023499,-0.671202438,-0.8201377,1.046124951434778,-0.342841261,-0.137259166,22747.64,0
445642,-1.354947957,1.1170325107791603,-1.496766445,1.569635506376386,-1.627948179,-1.895583865,-1.651100479,1.402136308010557,-1.517236431,-1.979547481,1.698546575091599,-1.781207264,0.4376934981695493,-1.695317661,-0.334507577,-1.999951783,-2.027394037,-2.00487502,2.198139818750516,-0.282055304,0.771464004278553,0.072979636333449,-0.497309762,1.030337765938696,0.5673157719552268,0.0628633651973653,-0.463229514,-0.624506424,1121.32,1
257165,0.2040592517781802,-0.53058648,0.7051965798832056,-1.974503817,0.3863757532889855,0.8041527036333295,0.3780907563782231,-0.185501013,0.2197692063618161,0.98062437861199,-0.496846674,0.5887082484010564,1.1659841894250085,0.2882560381870804,-0.903155444,1.7420094114747096,0.2371352056536447,0.0435492909717921,0.4402597934653425,-0.095166972,0.0409991166723307,1.0908671799075529,-0.285612839,-0.240750162,-0.579581942,-0.516137403,-0.755044855,-0.615732596,21711.5,0
65385,1.059232974974776,-0.658118767,0.5211713786161248,-1.027357636,-0.028353481,0.0648603449233086,0.3385236137654592,-0.172822918,-0.116577657,1.009222730431811,-0.135652498,0.7296134691934952,-0.36497844,1.0617284892374907,0.2357939249895947,0.0248229914976002,0.3387013762126661,1.167697775417997,-0.290453011,-0.576734587,-0.450547315,-1.853949889,0.2650471712435292,-0.081064143,-0.38282778,1.0934023639031467,-0.334496255,-0.081551909,20096.49,0
256818,0.0275634167801861,-0.244181757,0.7506167568838729,-1.229060767,0.6184303235614839,-0.158098175,0.818125998515018,-0.172102665,0.3208501469399517,0.3258774904147717,-0.241139146,0.8207390188129761,-0.871224295,1.1621346714446388,-0.656140303,0.5566594922233138,0.1770706951285736,0.7299073943457449,-0.877404488,-0.421045408,0.0657368563332736,1.1334659283311597,-0.336996705,0.095488154670851,-0.24464099,-0.681337464,-0.080499397,0.2921731183071736,17651,0
207370,1.8135145307326208,-0.924715334,0.3713118002208314,-1.107015801,-0.16338316,0.399887937326055,0.0590609607706336,-0.148609554,0.7874951150650764,0.9205512569337438,-1.765994543,0.314082889729868,0.7638461149224532,0.3544959343879166,0.5810347722116741,2.056255881621585,0.345214994696984,-0.097852339,0.279210231810766,-0.031874771,-0.005398083,0.6052290596620389,0.0979120639431981,-1.163104421,-0.659705152,-0.445536628,-0.202862748,-0.176845474,15068,0
41490,0.917180600276188,-0.798822348,1.7422282547791392,-0.181666754,-0.269131924,1.0331760915142398,0.0248978274165483,-0.052939359,0.9081424886649015,0.7631714537970622,-1.76427474,1.1361636303811056,0.3082677581267314,0.2027039079336216,-1.510790262,-0.430689139,0.7654607756914613,0.8223133220196477,-1.077742555,-0.734291812,-0.261076085,-0.176936677,-0.032456744,0.2125781347945499,0.5294736944880722,-0.454281658,-0.064298834,0.0086950463767511,12563,0
275545,-0.180254501,0.1071670068035809,-0.329763837,-0.592346236,0.4750928061804538,-0.786639586,0.7795836442729194,-0.020826058,-0.029729796,0.1283828824343832,-1.492321776,0.6816180584077749,-0.072961762,0.9845951347197852,-0.346409181,0.2557083001304695,0.9892656379439272,0.5771908105527006,-0.037153568,-0.72331449,0.0806531208679331,1.031339896831634,-0.216482226,-0.214259118,0.3985882122443006,0.1484228700325019,-0.786356359,-0.631689307,6900.54,0
521629,-0.647670239,0.6998812260225481,-0.613297203,1.0099451461375388,-0.596271103,0.2002363749257816,-0.620650679,-0.019792709,-0.995389685,-0.732087056,0.8565061698574783,-1.098216608,-0.492998367,-1.091921145,0.7114838348854563,-1.312126612,-1.133586502,-1.405893378,0.7881476723537083,0.0476157322211627,0.6896541090527377,-0.284419368,0.326551158688816,-0.275915368,-0.696625645,0.3560337663164183,0.651052320598011,0.5224141949743407,12206.97,1
393426,-0.554402986,0.5436397946647293,-0.255287627,0.595365125859829,-0.145945214,1.4210542355781324,-0.820155144,-1.547115779,0.0660895661524421,-0.671810859,0.405485574113561,-0.86348134,1.3193863158123462,-0.395447302,-1.309080878,-0.378355543,-0.347120002,0.1899041609734555,0.100850607759422,1.891725379190906,-1.379222203,1.6998752825246932,0.3129036763614023,-0.772942833,-0.418879861,0.3764569947853645,-0.005754992,0.1874926955309204,1250.8,1
368988,-0.545488812,0.4793793690890541,-0.580719225,1.1626009927734493,-0.619687602,-0.274676019,-0.855310999,0.3487365524387199,-1.170722383,-0.834522609,0.9528889085324368,-1.223685071,1.9530344042639876,-1.024052171,-0.06453345,-1.415929361,-1.598211954,-1.466572933,1.267359463120023,0.5680706154573479,0.4704647536568515,0.975671271660292,-0.290983531,0.0078733334860532,-0.933712708,0.5837823278267749,1.072325228927777,0.4512667269509403,20148.32,1
406026,-1.437351041,1.280560495148949,-1.668643679,1.6840798645472237,-1.719516416,-2.252623057,-1.74670209,1.603045997617502,-1.170231466,-2.116149867,1.81604275035192,-1.877762487,0.1743477446359174,-1.772720515,-0.61674067,-1.982058725,-1.781520729,-1.739893831,2.4688174051444816,-0.57723178,0.8025223368261196,0.0758887138690758,-0.879186589,0.8566079751281844,0.1422902955650778,-0.005042878,-1.203279391,-0.61255174,21810.54,1
391757,-1.546079769,1.5727499465412544,-1.540945676,0.7682072862300448,-1.570617683,-1.830618618,-1.215749635,1.9574535477863075,-0.598732428,-0.858114679,0.4405020083684668,-0.888008003,-0.332443321,-0.860390246,1.0436096339603869,-0.797844515,-0.783125452,-0.785204279,0.1812439699025207,0.6854304758529088,0.2588051367396892,-0.892984769,-0.29729868,-0.015600549,0.9894727844075656,-0.619041031,1.2441392964860376,0.4130905909224535,3856.65,1
54006,0.914681890319059,-0.381065505,0.7668548519716867,-0.048382139,0.1469749250948464,0.2667154257252927,0.4796852260631137,-0.168006575,0.6171961239608471,0.5375899444075465,-0.711467874,1.3668988145785044,0.3578370629973045,0.7006229866044608,-0.225206574,0.0556002978411474,0.5673582331967152,-0.277860257,-0.657583859,-0.30035635,-0.128749043,-0.012997152,-0.068674388,0.8950454230825762,0.9703301324916334,-0.804754362,-0.191990033,-0.04326319,3497.54,0
132791,-0.145986119,-0.138314501,1.0675372889269026,-0.666934912,0.2685056688859641,0.523267942365516,0.4770419766758083,0.0027223903846165,0.311225376069147,0.4020599683816001,-0.696271932,0.8588343030640773,-0.670423253,0.960263126870821,-1.067796111,0.5756776337497339,0.3534144103973088,0.5764153268930231,0.5888512553199002,-0.157181055,-0.161996076,-0.392733378,-0.22290731,-0.834157501,0.0198689762964129,0.6187979877088746,-0.018988312,0.0838724030431402,10746.44,0
181730,-0.197904289,-0.370760018,0.5216829071070739,-1.852943829,0.3696173870343528,-0.464626147,0.5613314652165706,-0.06473135,1.0028105515149557,0.1228176153967227,-2.017977432,0.3699711594895499,-1.837390082,0.996342402168504,-1.332384165,0.4310030658811856,0.3900564905289809,0.0476430953226281,-1.000559901,-0.406354199,-0.036852114,0.3588392174821989,-0.246546224,0.1098759294210675,-0.31895869,1.558994374794142,-0.032047534,0.0556586371301236,1825.26,0
472963,-0.175894741,-0.314595831,0.1396760559233273,-0.043122621,0.0584379370919093,0.4847217928807564,0.1910047246860608,-0.167752581,0.6251192160285706,0.0616123162590899,-0.286069624,-0.260204353,-0.035645309,-0.46681715,1.1327587769142018,-0.240509079,-0.079318978,-0.239371445,0.368890779582213,-0.215425167,-0.094043281,-0.159258535,0.01379287358734,-1.177985823,0.0989981522968356,0.9435888991595496,-0.867874943,1.0493647525609693,3840.03,1
392939,0.3499088265149473,-0.417735311,0.1976186405685198,0.3437049346499952,0.9108862236689172,0.1605387865155943,0.4877854299799681,-0.199517968,-0.215725947,1.5047195797288828,-1.379438783,0.2722868311787926,0.3154870282048143,0.837879222291164,0.2033619629789379,0.22918995220475,0.6151983058103729,0.0700681058735142,1.175957877050695,0.0795592505628093,0.0195941574364251,0.8793135357801335,0.2819972398414371,1.800968286758246,-1.917700334,4.481217721334864,-0.46450053,0.2900749744072006,3271.52,1
528318,-1.487288862,1.2107554660854831,-1.530596061,1.476062316816103,-1.586002792,-2.290373854,-1.87361407,1.117094723276542,-1.67618269,-2.01056747,1.654774923331847,-1.768449023,0.5585335209904037,-1.535598636,0.3497035894565137,-1.926315299,-2.066834816,-1.978359635,1.7552480404773751,-0.108605737,0.6083753480099897,0.658637892408408,-1.03156256,1.2147780699601003,-1.643341433,-0.24835455,-0.446303851,-0.079399033,21681.56,1
369534,-0.51770161,-0.475623908,-0.479047861,0.2435636899187014,-0.559393296,0.6583557811326112,0.3045789173803415,0.0954018463349524,-0.529642165,-0.660141533,0.5940160047865773,-0.655323437,-0.229575246,-0.612162181,1.4010816500959142,-0.860457758,-0.601351803,-0.694612825,0.4759576205945874,1.820138361336731,0.3577085426568088,0.4959743222942017,1.6553688047154134,-1.199951965,0.3867900320221208,0.9908525542407046,0.2970751810764136,0.4745352753778176,20607.04,1
353915,-0.662833101,0.4620900678789618,-0.193764707,0.7214850370624964,-0.221944668,0.624956354868091,0.0605762473492594,-0.596799908,1.5425365237038515,0.4648560833147326,0.7632662097163149,-1.09736078,0.9904831855578377,-0.85178389,-0.996238387,-0.639448911,-0.52912787,-0.387335001,-0.260329332,-0.272982893,0.4193760899236871,-0.251566576,0.2020841164075574,0.4282550276341398,-0.650546338,-0.467564194,-2.046678395,-1.057075152,22416.87,1
178396,0.2674549698925213,-0.195167548,0.1981780190248578,-0.724191647,0.265336690972814,-0.202965672,0.7693948884210496,-0.134554315,0.2766511785199583,0.3629190651912449,-1.321857805,0.9034178742831814,0.3947404541045589,1.0414707670840888,-0.351993619,0.2858240482447789,0.4454269060394265,-0.102787891,0.0092932644767057,-0.299680313,-0.100350997,-0.111962236,0.265455416235018,0.0670206195939461,-1.043705185,0.9313575681953944,-0.429000823,-0.296915484,4219.28,0
119802,-0.434947698,-3.239712514,-0.126163832,-0.204984438,-0.523933597,0.2278574561757299,1.4219497483811414,-0.313123236,-0.001091823,0.5135972507717971,-1.181122107,0.4868966971668254,0.0617099471341744,1.0330890284042793,0.2267170397832276,-0.196714384,0.5822902166474585,1.1595282795766504,-1.160761588,2.791044161426565,0.1477877902935388,-1.457922107,-1.522635086,1.119694902755224,-0.483320355,1.807232019199676,-0.676524546,0.6552376297766586,5922.46,0
220923,1.887246285049829,-0.746983674,0.3015085041874058,-1.012224222,-0.071863502,0.064041886005848,0.2045949180228879,-0.196852884,0.4653973989844334,0.8832776954335395,-1.052449683,0.9819001061560708,1.5835433404196122,0.3544265317514505,-0.634590284,1.08283117924343,0.5586680587811345,-0.650315027,0.4868448776657209,-0.12175078,-0.181176929,-0.405000522,0.3958192753968442,-0.115359473,-0.781566782,-1.429239564,-0.214424439,-0.198224329,17522.35,0
233735,1.8768773928412024,-0.855712803,0.146266265871738,-1.385832948,-0.130263312,-0.171132009,0.2171883212417064,-0.199799332,0.7792512220558684,0.797079003938827,-1.437672734,0.4868636841166804,-0.368494742,0.7440337443241044,0.6545603134370677,-0.239033961,0.4618997210141517,1.1437182784944375,-0.604475267,-0.793785382,-0.250738041,-0.438233765,0.2621609021832066,-0.123963082,-0.722360176,1.2968738147143886,-0.282362367,-0.231961788,18954.18,0
252053,-0.081826405,-0.286532217,1.98650047899332,-0.74292279,0.3309969899813953,0.7875702492233099,0.6027289958163605,-0.136850791,0.5279025533760855,0.4549935604272596,-0.148082732,0.7651199709393083,-0.63800453,0.7063248571803458,0.6093594671243573,0.3625406378150055,0.3169452061155471,0.7605370022232424,0.8325466930230431,-0.037689249,-0.169872575,-0.367109586,-0.177307732,1.4191650415942674,0.1648104466324794,-0.983725187,-0.4596994,-0.440888169,20174.74,0
321491,-1.579871085,1.0922276247845937,-1.7633412,1.851486372761272,-1.849483638,-0.784367665,-1.87154915,0.4702701801142026,-1.526359227,-2.002610291,1.9129905960718976,-1.771467903,0.8747319535761089,-1.48029004,0.4845791821062519,-1.822494852,-1.82045547,-1.793304867,1.9808202089420943,-0.599465441,-0.057427326,1.208699837998797,0.205346359816682,-0.130495926,-1.17021598,0.7130625182421534,-0.230611814,-3.118012064,1691.24,1
368143,-0.222990838,0.5024310747521619,-0.900398377,0.4387631837154421,-0.400655204,-0.813341761,-0.300740037,0.210480037303436,-0.675794624,-0.665662477,0.3123996675419557,-0.867860906,-0.386038053,-0.719166565,0.6420937019214921,-1.081158263,-0.823292439,-0.811184052,1.4774661908893534,0.0502687835618488,0.3207493485662712,0.8768851506057643,0.1068372785265546,0.3368175438435809,-0.66175982,0.2453547672302504,0.2173082684653232,0.2185593400590876,7276.04,1
238121,0.140791398773865,-0.149431629,0.5049123123175364,-0.687133608,0.7281236760496904,-0.319019937,0.9690395758019184,-0.27135329,0.533448314307729,0.2901518419929431,-0.917807996,0.599083774599661,0.1608197868099453,0.2114044388583005,0.0579379799190443,0.3077340240619106,0.6600850424796013,0.3457862941545252,0.0787825343845864,-0.174327906,-0.188661027,-0.361668749,0.0008971932850272,-0.11245487,-1.443594919,-1.756856965,-0.317448812,0.0511542284936682,5455.77,0
190541,1.8432875238818376,-0.252522488,-0.382122393,-0.324573577,0.8051968054639574,-0.500324131,0.7115189476898292,-0.236480747,0.6408931587696112,0.2361022242005651,-0.72785624,0.1238474705850628,-1.556530526,-0.05121042,0.1829098213390464,0.7008531502489196,1.5026571802871518,0.8096442224045808,-0.518314578,-0.389668623,-0.136693994,-0.126892316,-0.049694492,0.9914963495182408,0.4906442297575566,1.4309223917198943,-0.335807018,-0.140841306,20761.72,0
513306,-2.047215235,2.719059143001304,-2.022748295,2.293031896265021,-2.443112298,0.563474221867902,-2.967069921,-1.621155466,-2.6036125,-2.357076961,1.0545585035459506,-1.613603696,-0.467677434,-0.661400883,-2.369173967,-1.712525089,-1.78620785,-2.001371117,1.3479189847365485,2.4335901021351827,-2.933128167,2.8881372996756838,2.515534971457039,0.9290799601737926,-1.825824935,-0.039302045,-3.24435182,-1.885789332,18820.86,1
124351,-0.199203181,-0.024731601,0.8612650896994574,-0.751719773,0.2554480932658124,0.4176238861534626,0.5144065178795467,-0.020090522,0.5013965525234859,0.7211021116508864,-0.070472472,0.4312213018326609,-1.746589737,0.7668622365543354,0.7877282312863384,0.7961838500845259,0.4635430396803571,0.4736564823570895,-0.285911682,0.0404429376776206,-0.225069027,-0.665965108,-0.008067908,-0.720375735,-0.376722129,0.2263895953974724,-0.037789577,-0.302700507,16178.37,0
223577,0.0974818087906867,-0.195503852,-0.02165201,-0.940571435,0.929433651416634,1.0632526018208828,0.7031631138704795,0.0292208581906364,0.287419197208985,0.1142271510432482,-0.630641826,0.6853074260021508,-0.403133726,0.5006856302494064,0.7396867418012256,0.0247110458654441,1.2551211451695676,-0.592802429,-1.919669523,-0.436377874,-0.068609201,0.1426079077028693,0.4551085667433276,-1.309572901,-1.781543051,0.6556514507290926,-0.255978704,0.0111653410530744,8566.92,0
28902,1.071941545962667,-0.330496455,0.5108947536523935,-0.200455405,0.2873197553889061,0.2401632609600226,0.4755603082662383,-0.18706662,0.5095277837789097,0.6258494735564092,-1.482517169,0.5926816327938993,0.4001153779240894,0.8476566472469319,1.150729930493787,0.7299864796632562,0.2170014791853586,0.445275595322661,-0.352926097,-0.275299928,-0.09678067,0.0599587521722049,-0.237028963,-0.760793367,1.2525760402486013,-0.53294277,-0.216836677,-0.067342303,21684.78,0
320553,0.0801343616322513,0.7375367874041838,-0.842405426,1.221972563082235,0.8753287549648611,-1.196049169,-0.026183802,-0.072385103,-0.938007521,-0.918412528,1.5604224793509385,-1.290529521,0.6060528072757356,-1.385170455,-1.498741774,-0.272450127,-0.061573385,0.8292192657380514,-1.558491024,0.4211160349730613,0.0585195792562291,-0.528464794,-0.686375832,-1.138453026,2.561496608578945,1.074826096649958,0.7580675417622247,1.1250309393426912,16510.32,1
69467,0.84423708837168,-0.597559272,1.1567769205450191,-0.413909856,-0.003324126,0.9200593375710584,0.1730822259151917,-0.03512892,0.932872398473247,0.5516029296783579,0.0675626085006106,1.2399607189939656,-0.818301162,0.7836852396977723,0.5941307198359802,0.4657579974953779,0.45908137269839,0.0442936725050622,-0.721645242,-0.306935627,-0.080476959,0.167961068996047,0.0563051421458678,-0.435007114,-0.1158078,1.053069083312561,-0.214884057,-0.072261391,7066.25,0
59315,1.0997909316089507,-0.819435641,0.664146014372099,-2.412810036,-0.155564465,0.1957251261404624,0.1901242390843601,-0.151735423,0.996397781038212,0.3368754243693673,0.127408684207166,2.779231904842568,1.1917413840000324,0.6617891926381828,0.8224725244602235,-0.542009051,0.5604729224757838,1.4896593612007891,0.080869845233744,-0.651437958,-0.211165584,0.0029418683628494,-0.067593835,0.1163249808941999,0.8376956923196441,-1.860672875,-0.088295805,-0.054905159,7174.4,0
80852,1.1029821396875268,-0.583644111,0.6621447473906579,-0.876346561,-0.097867626,-0.31504129,0.3714718025694617,-0.238530393,-0.102399355,0.9108769431280962,-0.601208877,1.104585001364687,1.6246366021786405,0.6610036037587671,0.766844951333977,-0.179588393,0.4508106234104577,0.7816458485374452,-1.027095926,-0.528067753,-0.239969642,-0.466712238,0.0235677729325231,1.723060988823354,0.3542172952497541,2.005409938572646,-0.307532337,-0.062608923,15606.61,0
449889,1.0564024427939571,-0.294989814,0.4430659829363209,-0.211792294,0.3589872074785117,0.2960199517068557,0.4745332178750605,-0.178264214,0.4926032453789083,0.5049174411675587,-1.184810635,0.7082419227881216,0.7642167718140488,0.5237411609319806,1.3750229693592435,0.7918482672836198,0.3498406149486526,0.4182082614156396,-0.484370462,-0.246705888,-0.139514885,-0.197662608,-0.171397669,-1.035133113,1.0524150993602734,-0.798307855,-0.194564298,-0.033059118,7071.6,1
70788,0.9867288773259428,-0.223528527,0.4755249608672676,0.2103077182322794,0.4369977766394292,0.2866964776668558,0.6146214945624269,-0.182059442,-0.180629896,1.0477835558345767,-0.142366993,1.077759637318232,0.2663767117157889,1.1209492016323386,-0.564677029,0.9087338764695804,0.1976396630258804,0.3656727353371814,-0.63606058,-0.277752457,-0.094095734,-0.038642649,-0.192570762,0.0439300653568594,1.1813181602695404,0.1736501104790537,-0.287436135,-0.103849813,23169.9,0
368453,0.090841216954393,-0.057304676,1.052196689340269,-0.077043851,0.5636041790451874,0.0276791444096679,0.8685107849987023,-0.215169845,0.1374155962503807,0.4776988877097436,-0.608752879,0.2377600655337603,-0.825621305,0.2415748318316976,0.5014152742662179,0.574665190713801,0.7048553469324963,0.43998119998184,-1.400102538,-0.273751393,-0.041507961,0.5399519100108491,-0.31682255,0.6513213921728638,0.1845060496753501,-0.387269297,-0.4732261,-0.545821213,17320.71,1
>>>>>>> 84eb66b1a213e23cd6c26981a3bb9074050cd394,,,,,,,,,,,,,,,,,,,,,,,,,,,,,,
